grant_no,title,abstract,program_area,fiscal_year,amount_usd,awardee,org_unit,classification_band,batch_id,created_at
ONRD-2019-USEA-00001,Phase III: Passive Acoustic Signal Processing for Anti-submarine Warfare (ASW) Sensor Networks,"This effort develops passive acoustic signal processing to address persistent depth-rated housings-driven challenges in anti-submarine warfare (ASW) sensor networks. The performer will design, implement, and evaluate a prototype capability, validating performance against acoustic signature reduction-related benchmarks under realistic operational conditions. Expected outcomes include a measurable improvement in endurance and a documented transition path informed by operational stakeholder feedback. A principal risk to schedule is bathymetric uncertainty; the performer will mitigate this through early prototyping and government checkpoint reviews.",Undersea,2019,690000,Silverline State University,ONR-Corporate,CUI-Mock,seed-initial-2026,2019-06-04T11:30:34+00:00
ONRD-2019-BIOT-00002,Biomarker-based Fatigue Detection for Biofilm-resistant Hull Coatings,"This effort develops biomarker-based fatigue detection to address persistent physiological baseline-driven challenges in biofilm-resistant hull coatings. Research activities include algorithm development, human performance physiological modeling integration, and iterative field evaluation to quantify gains in assay sensitivity. Expected outcomes include a measurable improvement in assay sensitivity and a documented transition path informed by operational stakeholder feedback. A principal risk to schedule is field ruggedization; the performer will mitigate this through early prototyping and government checkpoint reviews.",Biotech,2019,954000,Cobalt Analytics Inc.,ONR-Corporate,Public-Mock,seed-initial-2026,2019-07-31T07:45:27+00:00
ONRD-2019-AIML-00003,Adaptive Self-supervised Representation Learning for Natural-language Mission Planning,"This effort develops self-supervised representation learning to address persistent model drift-driven challenges in natural-language mission planning. Research activities include algorithm development, federated learning integration, and iterative field evaluation to quantify gains in inference latency. Expected outcomes include a measurable improvement in inference latency and a documented transition path informed by operational stakeholder feedback.",AI/ML,2019,405000,Summit Applied Research LLC,Code-34,CUI-Mock,seed-initial-2026,2019-03-09T12:58:36+00:00
ONRD-2019-MATL-00004,Adaptive Corrosion-resistant Coating Development for Lightweight Airframe Structures,"This effort develops corrosion-resistant coating development to address persistent fatigue life-driven challenges in lightweight airframe structures. Research activities include algorithm development, self-healing polymer synthesis integration, and iterative field evaluation to quantify gains in thermal tolerance. Expected outcomes include a measurable improvement in thermal tolerance and a documented transition path informed by operational stakeholder feedback. A principal risk to schedule is specific strength; the performer will mitigate this through early prototyping and government checkpoint reviews.",Materials,2019,140000,Copperline Analytics Inc.,Code-31,CUI-Mock,seed-initial-2026,2019-02-13T09:19:51+00:00
ONRD-2019-AIML-00005,Advancing Bayesian uncertainty quantification to Improve adversarial threat classification,"This effort develops Bayesian uncertainty quantification to address persistent edge deployment-driven challenges in adversarial threat classification. The performer will design, implement, and evaluate a prototype capability, validating performance against trust calibration-related benchmarks under realistic operational conditions. Expected outcomes include a measurable improvement in false-alarm rate and a documented transition path informed by operational stakeholder feedback. Key technical risks include latency and constrained trust calibration, which will be tracked via quarterly milestone reviews.",AI/ML,2019,1008000,Foxglove Polytechnic University,Code-35,CUI-Mock,seed-initial-2026,2019-09-04T09:24:14+00:00
ONRD-2019-AUTO-00006,Modular Distributed Task Allocation for Contested-environment Navigation,"This effort develops distributed task allocation to address persistent swarm resilience-driven challenges in contested-environment navigation. The performer will design, implement, and evaluate a prototype capability, validating performance against autonomy assurance-related benchmarks under realistic operational conditions. Expected outcomes include a measurable improvement in navigation drift and a documented transition path informed by operational stakeholder feedback. Key technical risks include autonomy assurance and constrained onboard compute limits, which will be tracked via quarterly milestone reviews.",Autonomy,2019,543000,Wraith College of Engineering,Code-32,CUI-Mock,seed-initial-2026,2019-04-18T12:02:44+00:00
ONRD-2019-AIML-00007,Field-Deployable Human-machine Teaming Policy Optimization for Command-and-control Decision Support,This effort develops human-machine teaming policy optimization to address persistent trust calibration-driven challenges in command-and-control decision support. The team will conduct a phased study combining graph neural network reasoning with legacy system integration to reduce risk prior to a transition decision. Expected outcomes include a measurable improvement in classification accuracy and a documented transition path informed by operational stakeholder feedback.,AI/ML,2019,319000,Stonebridge Advanced Systems Group,Code-31,CUI-Mock,seed-initial-2026,2019-09-08T11:39:58+00:00
ONRD-2019-AUTO-00008,Phase I: Behavior-tree Mission Planning for Contested-environment Navigation,"This effort develops behavior-tree mission planning to address persistent degraded communications-driven challenges in contested-environment navigation. The performer will design, implement, and evaluate a prototype capability, validating performance against onboard compute limits-related benchmarks under realistic operational conditions. Expected outcomes include a measurable improvement in time-to-reroute and a documented transition path informed by operational stakeholder feedback.",Autonomy,2019,1882000,Duskwater State University,Code-35,CUI-Mock,seed-initial-2026,2019-06-15T12:19:13+00:00
ONRD-2019-DEWX-00009,Next-Generation Approaches to Counter-unmanned Aerial System (C-UAS) Engagement via Thermal Management for Solid-state Lasers,This effort develops thermal management for solid-state lasers to address persistent thermal blooming-driven challenges in counter-unmanned aerial system (C-UAS) engagement. The team will conduct a phased study combining pulsed-power system integration with legacy system integration to reduce risk prior to a transition decision. Expected outcomes include a measurable improvement in duty cycle and a documented transition path informed by operational stakeholder feedback. A principal risk to schedule is beam quality; the performer will mitigate this through early prototyping and government checkpoint reviews.,Directed Energy,2019,104000,Northgate Analytics Inc.,Code-30,CUI-Mock,seed-initial-2026,2019-07-19T14:41:01+00:00
ONRD-2019-CYBR-00010,Phase II: Supply-chain Firmware Attestation for Tactical Edge Cyber Resilience,"This effort develops supply-chain firmware attestation to address persistent zero-day exposure-driven challenges in tactical edge cyber resilience. Research activities include algorithm development, adversarial machine-learning defense integration, and iterative field evaluation to quantify gains in mean time to detect. Expected outcomes include a measurable improvement in mean time to detect and a documented transition path informed by operational stakeholder feedback.",Cyber,2019,3716000,Harborlight Advanced Systems Group,Code-34,CUI-Mock,seed-initial-2026,2019-09-02T08:17:10+00:00
ONRD-2019-MATL-00011,Low-Latency Approaches to Thermal-protection Systems for Hypersonic Platforms via Corrosion-resistant Coating Development,"This effort develops corrosion-resistant coating development to address persistent corrosion rate-driven challenges in thermal-protection systems for hypersonic platforms. The team will conduct a phased study combining composite laminate fatigue characterization with legacy system integration to reduce risk prior to a transition decision. Expected outcomes include a measurable improvement in thermal tolerance and a documented transition path informed by operational stakeholder feedback. Key technical risks include fatigue life and constrained corrosion rate, which will be tracked via quarterly milestone reviews.",Materials,2019,2996000,Cinderpoint Advanced Systems Group,Code-31,CUI-Mock,seed-initial-2026,2019-08-04T09:21:47+00:00
ONRD-2019-QNTM-00012,Scalable Approaches to Gravimetric Anomaly Detection via Quantum Key Distribution Protocol Design,"This effort develops quantum key distribution protocol design to address persistent cryogenic control electronics-driven challenges in gravimetric anomaly detection. The team will conduct a phased study combining quantum-secure communications with legacy system integration to reduce risk prior to a transition decision. Expected outcomes include a measurable improvement in coherence time and a documented transition path informed by operational stakeholder feedback. Key technical risks include qubit fidelity and constrained decoherence, which will be tracked via quarterly milestone reviews.",Quantum,2019,1372000,Ironclad State University,Code-32,CUI-Mock,seed-initial-2026,2019-06-30T13:14:19+00:00
ONRD-2019-BIOT-00013,Synthetic Biology Pathway Engineering for Cold-chain-free Vaccine Stabilization,"This effort develops synthetic biology pathway engineering to address persistent field ruggedization-driven challenges in cold-chain-free vaccine stabilization. Research activities include algorithm development, human performance physiological modeling integration, and iterative field evaluation to quantify gains in diagnostic turnaround time. Expected outcomes include a measurable improvement in diagnostic turnaround time and a documented transition path informed by operational stakeholder feedback. Key technical risks include field ruggedization and constrained physiological baseline, which will be tracked via quarterly milestone reviews.",Biotech,2019,164000,Windrose Institute of Technology,Code-34,CUI-Mock,seed-initial-2026,2018-10-16T08:14:44+00:00
ONRD-2019-DEWX-00014,Advancing thermal management for solid-state lasers to Improve counter-unmanned aerial system (C-UAS) engagement,"This effort develops thermal management for solid-state lasers to address persistent beam quality-driven challenges in counter-unmanned aerial system (C-UAS) engagement. The performer will design, implement, and evaluate a prototype capability, validating performance against power density-related benchmarks under realistic operational conditions. Expected outcomes include a measurable improvement in beam quality factor and a documented transition path informed by operational stakeholder feedback. Key technical risks include thermal blooming and constrained duty-cycle limits, which will be tracked via quarterly milestone reviews.",Directed Energy,2019,147000,Farview Polytechnic University,Code-32,CUI-Mock,seed-initial-2026,2019-04-06T15:44:39+00:00
ONRD-2019-AIML-00015,Advancing federated learning to Improve command-and-control decision support,"This effort develops federated learning to address persistent latency-driven challenges in command-and-control decision support. The performer will design, implement, and evaluate a prototype capability, validating performance against trust calibration-related benchmarks under realistic operational conditions. Expected outcomes include a measurable improvement in classification accuracy and a documented transition path informed by operational stakeholder feedback. A principal risk to schedule is trust calibration; the performer will mitigate this through early prototyping and government checkpoint reviews.",AI/ML,2019,97000,Vantage Dynamics Corp.,Code-35,CUI-Mock,seed-initial-2026,2018-11-29T17:01:06+00:00
ONRD-2019-AUTO-00016,Robust Swarm Coordination Algorithms for Group Unmanned Aerial System (UAS) Reconnaissance,"This effort develops swarm coordination algorithms to address persistent autonomy assurance-driven challenges in group unmanned aerial system (UAS) reconnaissance. Research activities include algorithm development, onboard perception-to-action pipelines integration, and iterative field evaluation to quantify gains in mission completion rate. Expected outcomes include a measurable improvement in mission completion rate and a documented transition path informed by operational stakeholder feedback.",Autonomy,2019,142000,Foxglove Applied Research LLC,Code-30,CUI-Mock,seed-initial-2026,2018-12-29T13:47:59+00:00
ONRD-2019-CYBR-00017,Low-Latency Anomaly-based Intrusion Detection for Industrial-control-system (ICS) Protection for Propulsion Systems,"This effort develops anomaly-based intrusion detection to address persistent lateral movement-driven challenges in industrial-control-system (ICS) protection for propulsion systems. The team will conduct a phased study combining adversarial machine-learning defense with legacy system integration to reduce risk prior to a transition decision. Expected outcomes include a measurable improvement in mean time to detect and a documented transition path informed by operational stakeholder feedback. Key technical risks include lateral movement and constrained zero-day exposure, which will be tracked via quarterly milestone reviews.",Cyber,2019,176000,University of Beacon,Code-31,CUI-Mock,seed-initial-2026,2018-11-27T12:37:23+00:00
ONRD-2019-MATL-00018,Advancing corrosion-resistant coating development to Improve thermal-protection systems for hypersonic platforms,"This effort develops corrosion-resistant coating development to address persistent corrosion rate-driven challenges in thermal-protection systems for hypersonic platforms. The performer will design, implement, and evaluate a prototype capability, validating performance against specific strength-related benchmarks under realistic operational conditions. Expected outcomes include a measurable improvement in corrosion rate and a documented transition path informed by operational stakeholder feedback.",Materials,2019,226000,University of Halcyon,Code-32,Public-Mock,seed-initial-2026,2018-10-27T08:05:27+00:00
ONRD-2019-USEA-00019,Autonomous Underwater Vehicle (AUV) Navigation for Undersea Cable Route Surveying,"This effort develops autonomous underwater vehicle (AUV) navigation to address persistent bathymetric uncertainty-driven challenges in undersea cable route surveying. Research activities include algorithm development, undersea acoustic communications integration, and iterative field evaluation to quantify gains in localization error. Expected outcomes include a measurable improvement in localization error and a documented transition path informed by operational stakeholder feedback.",Undersea,2019,433000,Stonebridge Polytechnic University,Code-34,CUI-Mock,seed-initial-2026,2019-02-23T11:01:37+00:00
ONRD-2019-DEWX-00020,Low-Latency Adaptive Optics Wavefront Correction for Atmospheric Propagation Modeling,"This effort develops adaptive optics wavefront correction to address persistent duty-cycle limits-driven challenges in atmospheric propagation modeling. Research activities include algorithm development, high-power microwave source design integration, and iterative field evaluation to quantify gains in engagement range. Expected outcomes include a measurable improvement in engagement range and a documented transition path informed by operational stakeholder feedback.",Directed Energy,2019,972000,"Longview Systems, Inc.",Code-32,CUI-Mock,seed-initial-2026,2019-01-20T18:52:03+00:00
ONRD-2019-USEA-00021,Phase II: Low-frequency Active Sonar Waveform Design for Submarine Detection and Tracking,"This effort develops low-frequency active sonar waveform design to address persistent bathymetric uncertainty-driven challenges in submarine detection and tracking. The performer will design, implement, and evaluate a prototype capability, validating performance against acoustic signature reduction-related benchmarks under realistic operational conditions. Expected outcomes include a measurable improvement in localization error and a documented transition path informed by operational stakeholder feedback. Key technical risks include ambient ocean noise and constrained acoustic signature reduction, which will be tracked via quarterly milestone reviews.",Undersea,2019,586000,Windrose Applied Research LLC,Code-34,CUI-Mock,seed-initial-2026,2019-05-11T18:07:51+00:00
ONRD-2019-MATL-00022,Energy-Efficient Approaches to Battery Electrode Materials via Additive Manufacturing Process Qualification,"This effort develops additive manufacturing process qualification to address persistent specific strength-driven challenges in battery electrode materials. The performer will design, implement, and evaluate a prototype capability, validating performance against fracture toughness-related benchmarks under realistic operational conditions. Expected outcomes include a measurable improvement in corrosion rate and a documented transition path informed by operational stakeholder feedback. Key technical risks include fracture toughness and constrained corrosion rate, which will be tracked via quarterly milestone reviews.",Materials,2019,731000,Northgate Applied Research LLC,ONR-Corporate,CUI-Mock,seed-initial-2026,2018-11-04T17:12:10+00:00
ONRD-2019-USEA-00023,Energy-Efficient Passive Acoustic Signal Processing for Undersea Cable Route Surveying,"This effort develops passive acoustic signal processing to address persistent acoustic signature reduction-driven challenges in undersea cable route surveying. The performer will design, implement, and evaluate a prototype capability, validating performance against bathymetric uncertainty-related benchmarks under realistic operational conditions. Expected outcomes include a measurable improvement in signal-to-noise ratio and a documented transition path informed by operational stakeholder feedback.",Undersea,2019,803000,Farview Polytechnic University,Code-30,CUI-Mock,seed-initial-2026,2018-10-14T09:27:01+00:00
ONRD-2019-BIOT-00024,Microbiome-based Biofouling Mitigation for Warfighter Fatigue and Readiness Monitoring,This effort develops microbiome-based biofouling mitigation to address persistent assay sensitivity-driven challenges in warfighter fatigue and readiness monitoring. The team will conduct a phased study combining synthetic biology pathway engineering with legacy system integration to reduce risk prior to a transition decision. Expected outcomes include a measurable improvement in assay sensitivity and a documented transition path informed by operational stakeholder feedback.,Biotech,2019,760000,University of Pelican,Code-31,CUI-Mock,seed-initial-2026,2019-03-06T07:23:35+00:00
ONRD-2019-MATL-00025,High-Fidelity Approaches to Battery Electrode Materials via Additive Manufacturing Process Qualification,"This effort develops additive manufacturing process qualification to address persistent fracture toughness-driven challenges in battery electrode materials. The performer will design, implement, and evaluate a prototype capability, validating performance against specific strength-related benchmarks under realistic operational conditions. Expected outcomes include a measurable improvement in specific strength and a documented transition path informed by operational stakeholder feedback.",Materials,2019,632000,Ironclad Polytechnic University,Code-30,CUI-Mock,seed-initial-2026,2019-06-09T16:03:44+00:00
ONRD-2019-CYBR-00026,Next-Generation Approaches to Industrial-control-system (ICS) Protection for Propulsion Systems via Secure Software-defined Networking,This effort develops secure software-defined networking to address persistent cyber-physical resilience-driven challenges in industrial-control-system (ICS) protection for propulsion systems. The team will conduct a phased study combining adversarial machine-learning defense with legacy system integration to reduce risk prior to a transition decision. Expected outcomes include a measurable improvement in mean time to detect and a documented transition path informed by operational stakeholder feedback.,Cyber,2019,1084000,Driftwood Robotics Corp.,Code-30,Public-Mock,seed-initial-2026,2019-02-09T12:56:18+00:00
ONRD-2019-QNTM-00027,Toward low-latency quantum error-correction code development: Implications for precision timing for distributed platforms,"This effort develops quantum error-correction code development to address persistent entanglement distribution-driven challenges in precision timing for distributed platforms. The team will conduct a phased study combining quantum-secure communications with legacy system integration to reduce risk prior to a transition decision. Expected outcomes include a measurable improvement in key generation rate and a documented transition path informed by operational stakeholder feedback. Key technical risks include qubit fidelity and constrained entanglement distribution, which will be tracked via quarterly milestone reviews.",Quantum,2019,994000,Beacon Defense Technologies,Code-35,CUI-Mock,seed-initial-2026,2019-05-05T14:53:03+00:00
ONRD-2019-AUTO-00028,Modular Onboard Perception-to-action Pipelines for Group Unmanned Aerial System (UAS) Reconnaissance,"This effort develops onboard perception-to-action pipelines to address persistent onboard compute limits-driven challenges in group unmanned aerial system (UAS) reconnaissance. The team will conduct a phased study combining behavior-tree mission planning with legacy system integration to reduce risk prior to a transition decision. Expected outcomes include a measurable improvement in swarm coordination overhead and a documented transition path informed by operational stakeholder feedback. Key technical risks include degraded communications and constrained swarm resilience, which will be tracked via quarterly milestone reviews.",Autonomy,2019,129000,Redshift Institute of Technology,Code-30,CUI-Mock,seed-initial-2026,2018-12-27T13:18:14+00:00
ONRD-2019-BIOT-00029,Advancing field-deployable diagnostic assay development to Improve warfighter fatigue and readiness monitoring,"This effort develops field-deployable diagnostic assay development to address persistent physiological baseline-driven challenges in warfighter fatigue and readiness monitoring. The team will conduct a phased study combining synthetic biology pathway engineering with legacy system integration to reduce risk prior to a transition decision. Expected outcomes include a measurable improvement in diagnostic turnaround time and a documented transition path informed by operational stakeholder feedback. Key technical risks include physiological baseline and constrained field ruggedization, which will be tracked via quarterly milestone reviews.",Biotech,2019,55000,Granite Dynamics Corp.,Code-31,CUI-Mock,seed-initial-2026,2019-08-23T16:49:47+00:00
ONRD-2019-DEWX-00030,Toward modular high-energy laser beam control: Implications for atmospheric propagation modeling,This effort develops high-energy laser beam control to address persistent power density-driven challenges in atmospheric propagation modeling. The team will conduct a phased study combining high-power microwave source design with legacy system integration to reduce risk prior to a transition decision. Expected outcomes include a measurable improvement in time-on-target and a documented transition path informed by operational stakeholder feedback. A principal risk to schedule is thermal blooming; the performer will mitigate this through early prototyping and government checkpoint reviews.,Directed Energy,2019,2566000,Vantage Dynamics Corp.,Code-32,CUI-Mock,seed-initial-2026,2019-04-06T11:09:50+00:00
ONRD-2019-CYBR-00031,Advancing secure software-defined networking to Improve cross-domain solution assurance,"This effort develops secure software-defined networking to address persistent zero-day exposure-driven challenges in cross-domain solution assurance. The performer will design, implement, and evaluate a prototype capability, validating performance against attack surface-related benchmarks under realistic operational conditions. Expected outcomes include a measurable improvement in patch latency and a documented transition path informed by operational stakeholder feedback.",Cyber,2019,167000,University of Amberfield,Code-30,CUI-Mock,seed-initial-2026,2019-03-19T10:54:26+00:00
ONRD-2019-DEWX-00032,Field-Deployable Approaches to Atmospheric Propagation Modeling via Pulsed-power System Integration,"This effort develops pulsed-power system integration to address persistent beam quality-driven challenges in atmospheric propagation modeling. The performer will design, implement, and evaluate a prototype capability, validating performance against duty-cycle limits-related benchmarks under realistic operational conditions. Expected outcomes include a measurable improvement in time-on-target and a documented transition path informed by operational stakeholder feedback. A principal risk to schedule is power density; the performer will mitigate this through early prototyping and government checkpoint reviews.",Directed Energy,2019,100000,Halcyon Labs,Code-30,Public-Mock,seed-initial-2026,2018-12-12T18:12:20+00:00
ONRD-2020-AIML-00033,Next-Generation Multi-agent Reinforcement Learning for Adversarial Threat Classification,This effort develops multi-agent reinforcement learning to address persistent trust calibration-driven challenges in adversarial threat classification. The team will conduct a phased study combining self-supervised representation learning with legacy system integration to reduce risk prior to a transition decision. Expected outcomes include a measurable improvement in false-alarm rate and a documented transition path informed by operational stakeholder feedback.,AI/ML,2020,303000,Anchor Institute of Technology,Code-32,CUI-Mock,seed-initial-2026,2020-05-04T16:32:31+00:00
ONRD-2020-AUTO-00034,Cooperative Multi-vehicle Routing for Contested-environment Navigation,This effort develops cooperative multi-vehicle routing to address persistent degraded communications-driven challenges in contested-environment navigation. The team will conduct a phased study combining swarm coordination algorithms with legacy system integration to reduce risk prior to a transition decision. Expected outcomes include a measurable improvement in time-to-reroute and a documented transition path informed by operational stakeholder feedback.,Autonomy,2020,3579000,Stonebridge Dynamics Corp.,ONR-Corporate,CUI-Mock,seed-initial-2026,2019-12-02T11:22:57+00:00
ONRD-2020-AIML-00035,Advancing transformer-based sequence modeling to Improve adversarial threat classification,This effort develops transformer-based sequence modeling to address persistent latency-driven challenges in adversarial threat classification. The team will conduct a phased study combining explainable neural inference with legacy system integration to reduce risk prior to a transition decision. Expected outcomes include a measurable improvement in operator trust score and a documented transition path informed by operational stakeholder feedback. A principal risk to schedule is edge deployment; the performer will mitigate this through early prototyping and government checkpoint reviews.,AI/ML,2020,240000,Stonebridge Applied Research LLC,Code-32,CUI-Mock,seed-initial-2026,2020-02-17T12:16:37+00:00
ONRD-2020-BIOT-00036,Biomarker-based Fatigue Detection for Biofilm-resistant Hull Coatings,"This effort develops biomarker-based fatigue detection to address persistent physiological baseline-driven challenges in biofilm-resistant hull coatings. The performer will design, implement, and evaluate a prototype capability, validating performance against biomarker specificity-related benchmarks under realistic operational conditions. Expected outcomes include a measurable improvement in assay sensitivity and a documented transition path informed by operational stakeholder feedback.",Biotech,2020,322000,Cobalt State University,Code-32,CUI-Mock,seed-initial-2026,2020-05-02T17:36:41+00:00
ONRD-2020-CYBR-00037,Next-Generation Secure Software-defined Networking for Cross-domain Solution Assurance,"This effort develops secure software-defined networking to address persistent attack surface-driven challenges in cross-domain solution assurance. The performer will design, implement, and evaluate a prototype capability, validating performance against cyber-physical resilience-related benchmarks under realistic operational conditions. Expected outcomes include a measurable improvement in false-positive rate and a documented transition path informed by operational stakeholder feedback. A principal risk to schedule is zero-day exposure; the performer will mitigate this through early prototyping and government checkpoint reviews.",Cyber,2020,626000,Duskwater Labs,Code-35,CUI-Mock,seed-initial-2026,2019-10-06T07:47:08+00:00
ONRD-2020-USEA-00038,Synthetic Aperture Sonar Imaging for Seabed Mapping,"This effort develops synthetic aperture sonar imaging to address persistent bathymetric uncertainty-driven challenges in seabed mapping. The performer will design, implement, and evaluate a prototype capability, validating performance against acoustic signature reduction-related benchmarks under realistic operational conditions. Expected outcomes include a measurable improvement in localization error and a documented transition path informed by operational stakeholder feedback. A principal risk to schedule is depth-rated housings; the performer will mitigate this through early prototyping and government checkpoint reviews.",Undersea,2020,56000,Highland Advanced Systems Group,Code-31,CUI-Mock,seed-initial-2026,2019-11-09T17:54:21+00:00
ONRD-2020-AIML-00039,Advancing graph neural network reasoning to Improve predictive maintenance for shipboard systems,"This effort develops graph neural network reasoning to address persistent edge deployment-driven challenges in predictive maintenance for shipboard systems. The performer will design, implement, and evaluate a prototype capability, validating performance against trust calibration-related benchmarks under realistic operational conditions. Expected outcomes include a measurable improvement in classification accuracy and a documented transition path informed by operational stakeholder feedback. A principal risk to schedule is model drift; the performer will mitigate this through early prototyping and government checkpoint reviews.",AI/ML,2020,192000,Sable Applied Research LLC,Code-30,Public-Mock,seed-initial-2026,2020-02-20T07:47:07+00:00
ONRD-2020-MATL-00040,High-Fidelity High-entropy Alloy Design for Battery Electrode Materials,This effort develops high-entropy alloy design to address persistent specific strength-driven challenges in battery electrode materials. The team will conduct a phased study combining self-healing polymer synthesis with legacy system integration to reduce risk prior to a transition decision. Expected outcomes include a measurable improvement in corrosion rate and a documented transition path informed by operational stakeholder feedback. A principal risk to schedule is fatigue life; the performer will mitigate this through early prototyping and government checkpoint reviews.,Materials,2020,900000,Halcyon Institute of Technology,Code-30,CUI-Mock,seed-initial-2026,2020-07-31T07:41:04+00:00
ONRD-2020-BIOT-00041,High-Fidelity Synthetic Biology Pathway Engineering for Warfighter Fatigue and Readiness Monitoring,"This effort develops synthetic biology pathway engineering to address persistent field ruggedization-driven challenges in warfighter fatigue and readiness monitoring. The performer will design, implement, and evaluate a prototype capability, validating performance against assay sensitivity-related benchmarks under realistic operational conditions. Expected outcomes include a measurable improvement in biomarker specificity and a documented transition path informed by operational stakeholder feedback.",Biotech,2020,214000,University of Duskwater,Code-30,CUI-Mock,seed-initial-2026,2020-05-22T16:31:51+00:00
ONRD-2020-BIOT-00042,Low-Latency Approaches to Biofilm-resistant Hull Coatings via Human Performance Physiological Modeling,This effort develops human performance physiological modeling to address persistent biomarker specificity-driven challenges in biofilm-resistant hull coatings. The team will conduct a phased study combining synthetic biology pathway engineering with legacy system integration to reduce risk prior to a transition decision. Expected outcomes include a measurable improvement in shelf stability and a documented transition path informed by operational stakeholder feedback. A principal risk to schedule is physiological baseline; the performer will mitigate this through early prototyping and government checkpoint reviews.,Biotech,2020,233000,Copperline Advanced Systems Group,Code-34,CUI-Mock,seed-initial-2026,2020-03-23T15:18:38+00:00
ONRD-2020-USEA-00043,Toward high-fidelity passive acoustic signal processing: Implications for undersea cable route surveying,"This effort develops passive acoustic signal processing to address persistent ambient ocean noise-driven challenges in undersea cable route surveying. The performer will design, implement, and evaluate a prototype capability, validating performance against acoustic signature reduction-related benchmarks under realistic operational conditions. Expected outcomes include a measurable improvement in localization error and a documented transition path informed by operational stakeholder feedback. Key technical risks include acoustic signature reduction and constrained ambient ocean noise, which will be tracked via quarterly milestone reviews.",Undersea,2020,449000,"Palisade Systems, Inc.",Code-30,CUI-Mock,seed-initial-2026,2020-03-20T11:43:00+00:00
ONRD-2020-USEA-00044,Autonomous Underwater Vehicle (AUV) Navigation for Submarine Detection and Tracking,"This effort develops autonomous underwater vehicle (AUV) navigation to address persistent acoustic signature reduction-driven challenges in submarine detection and tracking. The performer will design, implement, and evaluate a prototype capability, validating performance against ambient ocean noise-related benchmarks under realistic operational conditions. Expected outcomes include a measurable improvement in detection range and a documented transition path informed by operational stakeholder feedback. A principal risk to schedule is ambient ocean noise; the performer will mitigate this through early prototyping and government checkpoint reviews.",Undersea,2020,1772000,Granite Institute of Technology,Code-30,CUI-Mock,seed-initial-2026,2020-07-31T13:08:18+00:00
ONRD-2020-QNTM-00045,Advancing quantum-secure communications to Improve precision timing for distributed platforms,This effort develops quantum-secure communications to address persistent qubit fidelity-driven challenges in precision timing for distributed platforms. The team will conduct a phased study combining trapped-ion qubit control with legacy system integration to reduce risk prior to a transition decision. Expected outcomes include a measurable improvement in qubit fidelity and a documented transition path informed by operational stakeholder feedback.,Quantum,2020,632000,Cobalt College of Engineering,Code-30,CUI-Mock,seed-initial-2026,2020-07-22T17:39:58+00:00
ONRD-2020-MATL-00046,Advancing corrosion-resistant coating development to Improve lightweight airframe structures,"This effort develops corrosion-resistant coating development to address persistent fracture toughness-driven challenges in lightweight airframe structures. The performer will design, implement, and evaluate a prototype capability, validating performance against specific strength-related benchmarks under realistic operational conditions. Expected outcomes include a measurable improvement in thermal tolerance and a documented transition path informed by operational stakeholder feedback. Key technical risks include fatigue life and constrained fracture toughness, which will be tracked via quarterly milestone reviews.",Materials,2020,131000,Vantage Polytechnic University,Code-31,CUI-Mock,seed-initial-2026,2020-09-12T08:55:55+00:00
ONRD-2020-DEWX-00047,Low-Latency Approaches to Shipboard Self-defense Layers via Adaptive Optics Wavefront Correction,"This effort develops adaptive optics wavefront correction to address persistent beam quality-driven challenges in shipboard self-defense layers. The performer will design, implement, and evaluate a prototype capability, validating performance against thermal blooming-related benchmarks under realistic operational conditions. Expected outcomes include a measurable improvement in beam quality factor and a documented transition path informed by operational stakeholder feedback. A principal risk to schedule is beam quality; the performer will mitigate this through early prototyping and government checkpoint reviews.",Directed Energy,2020,610000,Redshift Polytechnic University,Code-30,CUI-Mock,seed-initial-2026,2020-02-10T08:54:30+00:00
ONRD-2020-QNTM-00048,Adaptive Photonic Quantum Sensing for Precision Timing for Distributed Platforms,"This effort develops photonic quantum sensing to address persistent cryogenic control electronics-driven challenges in precision timing for distributed platforms. The performer will design, implement, and evaluate a prototype capability, validating performance against entanglement distribution-related benchmarks under realistic operational conditions. Expected outcomes include a measurable improvement in sensor sensitivity and a documented transition path informed by operational stakeholder feedback. A principal risk to schedule is cryogenic control electronics; the performer will mitigate this through early prototyping and government checkpoint reviews.",Quantum,2020,115000,"Vantage Systems, Inc.",Code-31,CUI-Mock,seed-initial-2026,2020-04-13T14:44:32+00:00
ONRD-2020-MATL-00049,Toward energy-efficient high-entropy alloy design: Implications for battery electrode materials,This effort develops high-entropy alloy design to address persistent fatigue life-driven challenges in battery electrode materials. The team will conduct a phased study combining corrosion-resistant coating development with legacy system integration to reduce risk prior to a transition decision. Expected outcomes include a measurable improvement in corrosion rate and a documented transition path informed by operational stakeholder feedback. A principal risk to schedule is fracture toughness; the performer will mitigate this through early prototyping and government checkpoint reviews.,Materials,2020,133000,Driftwood Institute of Technology,Code-32,CUI-Mock,seed-initial-2026,2020-06-29T12:14:59+00:00
ONRD-2020-AIML-00050,High-Fidelity Graph Neural Network Reasoning for Sensor Fusion for Contested Environments,"This effort develops graph neural network reasoning to address persistent trust calibration-driven challenges in sensor fusion for contested environments. The team will conduct a phased study combining multi-agent reinforcement learning with legacy system integration to reduce risk prior to a transition decision. Expected outcomes include a measurable improvement in false-alarm rate and a documented transition path informed by operational stakeholder feedback. Key technical risks include latency and constrained trust calibration, which will be tracked via quarterly milestone reviews.",AI/ML,2020,461000,Granite Polytechnic University,Code-30,CUI-Mock,seed-initial-2026,2020-01-12T12:18:04+00:00
ONRD-2020-CYBR-00051,Advancing supply-chain firmware attestation to Improve cross-domain solution assurance,This effort develops supply-chain firmware attestation to address persistent zero-day exposure-driven challenges in cross-domain solution assurance. The team will conduct a phased study combining zero-trust network architecture design with legacy system integration to reduce risk prior to a transition decision. Expected outcomes include a measurable improvement in mean time to detect and a documented transition path informed by operational stakeholder feedback.,Cyber,2020,223000,"Granite Systems, Inc.",Code-35,CUI-Mock,seed-initial-2026,2020-08-27T07:35:33+00:00
ONRD-2020-AUTO-00052,Model-predictive Control for Group Unmanned Aerial System (UAS) Reconnaissance,"This effort develops model-predictive control to address persistent autonomy assurance-driven challenges in group unmanned aerial system (UAS) reconnaissance. Research activities include algorithm development, behavior-tree mission planning integration, and iterative field evaluation to quantify gains in navigation drift. Expected outcomes include a measurable improvement in navigation drift and a documented transition path informed by operational stakeholder feedback.",Autonomy,2020,234000,Duskwater Applied Research LLC,Code-31,CUI-Mock,seed-initial-2026,2019-11-29T14:17:57+00:00
ONRD-2020-AUTO-00053,Phase II: Swarm Coordination Algorithms for Contested-environment Navigation,"This effort develops swarm coordination algorithms to address persistent onboard compute limits-driven challenges in contested-environment navigation. Research activities include algorithm development, distributed task allocation integration, and iterative field evaluation to quantify gains in mission completion rate. Expected outcomes include a measurable improvement in mission completion rate and a documented transition path informed by operational stakeholder feedback.",Autonomy,2020,302000,Beacon Defense Technologies,Code-31,CUI-Mock,seed-initial-2026,2019-11-20T08:06:39+00:00
ONRD-2020-QNTM-00054,Field-Deployable Photonic Quantum Sensing for Precision Timing for Distributed Platforms,"This effort develops photonic quantum sensing to address persistent decoherence-driven challenges in precision timing for distributed platforms. The performer will design, implement, and evaluate a prototype capability, validating performance against qubit fidelity-related benchmarks under realistic operational conditions. Expected outcomes include a measurable improvement in key generation rate and a documented transition path informed by operational stakeholder feedback. Key technical risks include entanglement distribution and constrained qubit fidelity, which will be tracked via quarterly milestone reviews.",Quantum,2020,552000,Cinderpoint Labs,Code-34,CUI-Mock,seed-initial-2026,2020-05-14T07:55:31+00:00
ONRD-2020-USEA-00055,Adaptive Approaches to Anti-submarine Warfare (ASW) Sensor Networks via Synthetic Aperture Sonar Imaging,"This effort develops synthetic aperture sonar imaging to address persistent bathymetric uncertainty-driven challenges in anti-submarine warfare (ASW) sensor networks. Research activities include algorithm development, hydrodynamic hull-form optimization integration, and iterative field evaluation to quantify gains in signal-to-noise ratio. Expected outcomes include a measurable improvement in signal-to-noise ratio and a documented transition path informed by operational stakeholder feedback.",Undersea,2020,80000,University of Granite,Code-30,CUI-Mock,seed-initial-2026,2020-01-07T13:04:59+00:00
ONRD-2020-QNTM-00056,Trapped-ion Qubit Control for Undersea Navigation Without GPS,"This effort develops trapped-ion qubit control to address persistent entanglement distribution-driven challenges in undersea navigation without GPS. The team will conduct a phased study combining quantum-enhanced magnetometry with legacy system integration to reduce risk prior to a transition decision. Expected outcomes include a measurable improvement in key generation rate and a documented transition path informed by operational stakeholder feedback. Key technical risks include entanglement distribution and constrained decoherence, which will be tracked via quarterly milestone reviews.",Quantum,2020,2656000,Cobalt Dynamics Corp.,Code-31,CUI-Mock,seed-initial-2026,2020-05-17T11:17:53+00:00
ONRD-2020-CYBR-00057,Adaptive Approaches to Cross-domain Solution Assurance via Supply-chain Firmware Attestation,"This effort develops supply-chain firmware attestation to address persistent lateral movement-driven challenges in cross-domain solution assurance. Research activities include algorithm development, zero-trust network architecture design integration, and iterative field evaluation to quantify gains in patch latency. Expected outcomes include a measurable improvement in patch latency and a documented transition path informed by operational stakeholder feedback.",Cyber,2020,395000,Beacon Defense Technologies,Code-30,CUI-Mock,seed-initial-2026,2019-11-01T16:01:14+00:00
ONRD-2020-CYBR-00058,Zero-trust Network Architecture Design for Industrial-control-system (ICS) Protection for Propulsion Systems,"This effort develops zero-trust network architecture design to address persistent zero-day exposure-driven challenges in industrial-control-system (ICS) protection for propulsion systems. Research activities include algorithm development, anomaly-based intrusion detection integration, and iterative field evaluation to quantify gains in mean time to detect. Expected outcomes include a measurable improvement in mean time to detect and a documented transition path informed by operational stakeholder feedback.",Cyber,2020,95000,Meridian Labs,Code-35,CUI-Mock,seed-initial-2026,2020-07-30T08:45:27+00:00
ONRD-2020-CYBR-00059,Toward high-fidelity anomaly-based intrusion detection: Implications for industrial-control-system (ICS) protection for propulsion systems,"This effort develops anomaly-based intrusion detection to address persistent zero-day exposure-driven challenges in industrial-control-system (ICS) protection for propulsion systems. Research activities include algorithm development, secure software-defined networking integration, and iterative field evaluation to quantify gains in false-positive rate. Expected outcomes include a measurable improvement in false-positive rate and a documented transition path informed by operational stakeholder feedback. A principal risk to schedule is zero-day exposure; the performer will mitigate this through early prototyping and government checkpoint reviews.",Cyber,2020,930000,University of Duskwater,Code-30,CUI-Mock,seed-initial-2026,2019-11-08T13:56:25+00:00
ONRD-2020-DEWX-00060,Toward field-deployable adaptive optics wavefront correction: Implications for counter-unmanned aerial system (C-UAS) engagement,This effort develops adaptive optics wavefront correction to address persistent duty-cycle limits-driven challenges in counter-unmanned aerial system (C-UAS) engagement. The team will conduct a phased study combining high-power microwave source design with legacy system integration to reduce risk prior to a transition decision. Expected outcomes include a measurable improvement in duty cycle and a documented transition path informed by operational stakeholder feedback. A principal risk to schedule is thermal blooming; the performer will mitigate this through early prototyping and government checkpoint reviews.,Directed Energy,2020,412000,Bluewater Analytics Inc.,ONR-Corporate,CUI-Mock,seed-initial-2026,2019-12-26T11:23:11+00:00
ONRD-2020-DEWX-00061,Low-Latency High-energy Laser Beam Control for Directed-energy Weapon Test-bed Evaluation,"This effort develops high-energy laser beam control to address persistent thermal blooming-driven challenges in directed-energy weapon test-bed evaluation. Research activities include algorithm development, pulsed-power system integration integration, and iterative field evaluation to quantify gains in time-on-target. Expected outcomes include a measurable improvement in time-on-target and a documented transition path informed by operational stakeholder feedback. Key technical risks include thermal blooming and constrained power density, which will be tracked via quarterly milestone reviews.",Directed Energy,2020,704000,Stonebridge Robotics Corp.,Code-35,CUI-Mock,seed-initial-2026,2020-05-02T08:45:58+00:00
ONRD-2020-AIML-00062,Resilient Approaches to Command-and-control Decision Support via Explainable Neural Inference,"This effort develops explainable neural inference to address persistent trust calibration-driven challenges in command-and-control decision support. The performer will design, implement, and evaluate a prototype capability, validating performance against latency-related benchmarks under realistic operational conditions. Expected outcomes include a measurable improvement in operator trust score and a documented transition path informed by operational stakeholder feedback.",AI/ML,2020,2742000,Sable Advanced Systems Group,Code-31,CUI-Mock,seed-initial-2026,2019-12-04T14:00:03+00:00
ONRD-2020-QNTM-00063,Advancing photonic quantum sensing to Improve undersea navigation without GPS,This effort develops photonic quantum sensing to address persistent qubit fidelity-driven challenges in undersea navigation without GPS. The team will conduct a phased study combining quantum error-correction code development with legacy system integration to reduce risk prior to a transition decision. Expected outcomes include a measurable improvement in sensor sensitivity and a documented transition path informed by operational stakeholder feedback. A principal risk to schedule is decoherence; the performer will mitigate this through early prototyping and government checkpoint reviews.,Quantum,2020,625000,Stonebridge Robotics Corp.,Code-30,Public-Mock,seed-initial-2026,2019-12-05T16:43:35+00:00
ONRD-2020-AIML-00064,Advancing multi-agent reinforcement learning to Improve predictive maintenance for shipboard systems,This effort develops multi-agent reinforcement learning to address persistent model drift-driven challenges in predictive maintenance for shipboard systems. The team will conduct a phased study combining Bayesian uncertainty quantification with legacy system integration to reduce risk prior to a transition decision. Expected outcomes include a measurable improvement in operator trust score and a documented transition path informed by operational stakeholder feedback. A principal risk to schedule is trust calibration; the performer will mitigate this through early prototyping and government checkpoint reviews.,AI/ML,2020,963000,Cobalt Analytics Inc.,Code-30,CUI-Mock,seed-initial-2026,2020-01-22T17:26:18+00:00
ONRD-2020-DEWX-00065,Toward energy-efficient thermal management for solid-state lasers: Implications for shipboard self-defense layers,"This effort develops thermal management for solid-state lasers to address persistent duty-cycle limits-driven challenges in shipboard self-defense layers. The performer will design, implement, and evaluate a prototype capability, validating performance against thermal blooming-related benchmarks under realistic operational conditions. Expected outcomes include a measurable improvement in time-on-target and a documented transition path informed by operational stakeholder feedback. A principal risk to schedule is beam quality; the performer will mitigate this through early prototyping and government checkpoint reviews.",Directed Energy,2020,271000,Cascade Defense Technologies,Code-30,CUI-Mock,seed-initial-2026,2020-05-11T07:57:36+00:00
ONRD-2020-AIML-00066,Robust Self-supervised Representation Learning for Predictive Maintenance for Shipboard Systems,This effort develops self-supervised representation learning to address persistent trust calibration-driven challenges in predictive maintenance for shipboard systems. The team will conduct a phased study combining federated learning with legacy system integration to reduce risk prior to a transition decision. Expected outcomes include a measurable improvement in operator trust score and a documented transition path informed by operational stakeholder feedback.,AI/ML,2020,1358000,Northgate Advanced Systems Group,Code-31,CUI-Mock,seed-initial-2026,2020-01-03T07:13:08+00:00
ONRD-2020-MATL-00067,Adaptive Approaches to Battery Electrode Materials via Additive Manufacturing Process Qualification,"This effort develops additive manufacturing process qualification to address persistent fatigue life-driven challenges in battery electrode materials. The performer will design, implement, and evaluate a prototype capability, validating performance against corrosion rate-related benchmarks under realistic operational conditions. Expected outcomes include a measurable improvement in fatigue life and a documented transition path informed by operational stakeholder feedback.",Materials,2020,2431000,"Duskwater Systems, Inc.",Code-34,CUI-Mock,seed-initial-2026,2020-08-21T14:09:56+00:00
ONRD-2020-AIML-00068,"Advancing federated learning to Improve intelligence, surveillance, and reconnaissance (ISR) triage","This effort develops federated learning to address persistent training-data scarcity-driven challenges in intelligence, surveillance, and reconnaissance (ISR) triage. The team will conduct a phased study combining graph neural network reasoning with legacy system integration to reduce risk prior to a transition decision. Expected outcomes include a measurable improvement in classification accuracy and a documented transition path informed by operational stakeholder feedback.",AI/ML,2020,579000,Redshift Advanced Systems Group,Code-30,CUI-Mock,seed-initial-2026,2020-09-08T18:10:13+00:00
ONRD-2021-BIOT-00069,Scalable Approaches to Rapid Diagnostic Triage in Austere Environments via Human Performance Physiological Modeling,"This effort develops human performance physiological modeling to address persistent assay sensitivity-driven challenges in rapid diagnostic triage in austere environments. The performer will design, implement, and evaluate a prototype capability, validating performance against physiological baseline-related benchmarks under realistic operational conditions. Expected outcomes include a measurable improvement in assay sensitivity and a documented transition path informed by operational stakeholder feedback. A principal risk to schedule is assay sensitivity; the performer will mitigate this through early prototyping and government checkpoint reviews.",Biotech,2021,394000,Bluewater Dynamics Corp.,Code-30,CUI-Mock,seed-initial-2026,2021-02-03T08:48:27+00:00
ONRD-2021-AUTO-00070,Model-predictive Control for Autonomous Convoy Escort,This effort develops model-predictive control to address persistent swarm resilience-driven challenges in autonomous convoy escort. The team will conduct a phased study combining swarm coordination algorithms with legacy system integration to reduce risk prior to a transition decision. Expected outcomes include a measurable improvement in time-to-reroute and a documented transition path informed by operational stakeholder feedback.,Autonomy,2021,5178000,University of Foxglove,Code-30,CUI-Mock,seed-initial-2026,2021-02-19T18:48:49+00:00
ONRD-2021-CYBR-00071,Advancing adversarial machine-learning defense to Improve shipboard combat-system network hardening,This effort develops adversarial machine-learning defense to address persistent attack surface-driven challenges in shipboard combat-system network hardening. The team will conduct a phased study combining anomaly-based intrusion detection with legacy system integration to reduce risk prior to a transition decision. Expected outcomes include a measurable improvement in patch latency and a documented transition path informed by operational stakeholder feedback. A principal risk to schedule is cyber-physical resilience; the performer will mitigate this through early prototyping and government checkpoint reviews.,Cyber,2021,63000,University of Highland,Code-30,CUI-Mock,seed-initial-2026,2021-08-27T16:54:43+00:00
ONRD-2021-MATL-00072,High-Fidelity Self-healing Polymer Synthesis for Battery Electrode Materials,"This effort develops self-healing polymer synthesis to address persistent specific strength-driven challenges in battery electrode materials. The team will conduct a phased study combining high-entropy alloy design with legacy system integration to reduce risk prior to a transition decision. Expected outcomes include a measurable improvement in corrosion rate and a documented transition path informed by operational stakeholder feedback. Key technical risks include fracture toughness and constrained fatigue life, which will be tracked via quarterly milestone reviews.",Materials,2021,427000,Northgate Analytics Inc.,Code-30,CUI-Mock,seed-initial-2026,2020-12-21T18:28:17+00:00
ONRD-2021-CYBR-00073,High-Fidelity Approaches to Tactical Edge Cyber Resilience via Supply-chain Firmware Attestation,This effort develops supply-chain firmware attestation to address persistent attack surface-driven challenges in tactical edge cyber resilience. The team will conduct a phased study combining adversarial machine-learning defense with legacy system integration to reduce risk prior to a transition decision. Expected outcomes include a measurable improvement in patch latency and a documented transition path informed by operational stakeholder feedback. A principal risk to schedule is attack surface; the performer will mitigate this through early prototyping and government checkpoint reviews.,Cyber,2021,7007000,Redshift Applied Research LLC,Code-35,CUI-Mock,seed-initial-2026,2021-07-28T15:30:39+00:00
ONRD-2021-MATL-00074,Scalable High-entropy Alloy Design for Battery Electrode Materials,"This effort develops high-entropy alloy design to address persistent fracture toughness-driven challenges in battery electrode materials. Research activities include algorithm development, corrosion-resistant coating development integration, and iterative field evaluation to quantify gains in specific strength. Expected outcomes include a measurable improvement in specific strength and a documented transition path informed by operational stakeholder feedback.",Materials,2021,7338000,University of Harborlight,Code-30,CUI-Mock,seed-initial-2026,2020-11-23T17:33:42+00:00
ONRD-2021-MATL-00075,Phase III: Self-healing Polymer Synthesis for Battery Electrode Materials,"This effort develops self-healing polymer synthesis to address persistent fatigue life-driven challenges in battery electrode materials. The team will conduct a phased study combining composite laminate fatigue characterization with legacy system integration to reduce risk prior to a transition decision. Expected outcomes include a measurable improvement in specific strength and a documented transition path informed by operational stakeholder feedback. Key technical risks include fracture toughness and constrained corrosion rate, which will be tracked via quarterly milestone reviews.",Materials,2021,929000,Longview Dynamics Corp.,Code-31,CUI-Mock,seed-initial-2026,2021-05-26T12:40:52+00:00
ONRD-2021-DEWX-00076,High-power Microwave Source Design for Directed-energy Weapon Test-bed Evaluation,This effort develops high-power microwave source design to address persistent beam quality-driven challenges in directed-energy weapon test-bed evaluation. The team will conduct a phased study combining high-energy laser beam control with legacy system integration to reduce risk prior to a transition decision. Expected outcomes include a measurable improvement in engagement range and a documented transition path informed by operational stakeholder feedback.,Directed Energy,2021,423000,University of Harborlight,Code-30,CUI-Mock,seed-initial-2026,2021-02-28T14:38:28+00:00
ONRD-2021-AIML-00077,Energy-Efficient Approaches to Command-and-control Decision Support via Transformer-based Sequence Modeling,"This effort develops transformer-based sequence modeling to address persistent trust calibration-driven challenges in command-and-control decision support. Research activities include algorithm development, human-machine teaming policy optimization integration, and iterative field evaluation to quantify gains in operator trust score. Expected outcomes include a measurable improvement in operator trust score and a documented transition path informed by operational stakeholder feedback.",AI/ML,2021,985000,Amberfield Analytics Inc.,Code-30,CUI-Mock,seed-initial-2026,2021-03-23T13:03:40+00:00
ONRD-2021-DEWX-00078,High-Fidelity Approaches to Shipboard Self-defense Layers via Adaptive Optics Wavefront Correction,"This effort develops adaptive optics wavefront correction to address persistent thermal blooming-driven challenges in shipboard self-defense layers. The performer will design, implement, and evaluate a prototype capability, validating performance against power density-related benchmarks under realistic operational conditions. Expected outcomes include a measurable improvement in engagement range and a documented transition path informed by operational stakeholder feedback.",Directed Energy,2021,425000,Duskwater Labs,Code-30,Public-Mock,seed-initial-2026,2021-06-25T14:58:44+00:00
ONRD-2021-AUTO-00079,Cooperative Multi-vehicle Routing for GPS-denied Waypoint Following,"This effort develops cooperative multi-vehicle routing to address persistent autonomy assurance-driven challenges in GPS-denied waypoint following. The performer will design, implement, and evaluate a prototype capability, validating performance against degraded communications-related benchmarks under realistic operational conditions. Expected outcomes include a measurable improvement in time-to-reroute and a documented transition path informed by operational stakeholder feedback.",Autonomy,2021,475000,Stonebridge Advanced Systems Group,Code-35,CUI-Mock,seed-initial-2026,2021-09-22T17:04:33+00:00
ONRD-2021-QNTM-00080,Advancing quantum-secure communications to Improve precision timing for distributed platforms,This effort develops quantum-secure communications to address persistent entanglement distribution-driven challenges in precision timing for distributed platforms. The team will conduct a phased study combining trapped-ion qubit control with legacy system integration to reduce risk prior to a transition decision. Expected outcomes include a measurable improvement in coherence time and a documented transition path informed by operational stakeholder feedback.,Quantum,2021,190000,Beacon Robotics Corp.,Code-32,CUI-Mock,seed-initial-2026,2021-05-11T16:48:48+00:00
ONRD-2021-AIML-00081,Robust Multi-agent Reinforcement Learning for Natural-language Mission Planning,"This effort develops multi-agent reinforcement learning to address persistent training-data scarcity-driven challenges in natural-language mission planning. The performer will design, implement, and evaluate a prototype capability, validating performance against latency-related benchmarks under realistic operational conditions. Expected outcomes include a measurable improvement in operator trust score and a documented transition path informed by operational stakeholder feedback.",AI/ML,2021,596000,University of Cobalt,Code-31,CUI-Mock,seed-initial-2026,2021-09-01T08:50:23+00:00
ONRD-2021-CYBR-00082,Secure Software-defined Networking for Shipboard Combat-system Network Hardening,"This effort develops secure software-defined networking to address persistent cyber-physical resilience-driven challenges in shipboard combat-system network hardening. Research activities include algorithm development, adversarial machine-learning defense integration, and iterative field evaluation to quantify gains in mean time to detect. Expected outcomes include a measurable improvement in mean time to detect and a documented transition path informed by operational stakeholder feedback. A principal risk to schedule is attack surface; the performer will mitigate this through early prototyping and government checkpoint reviews.",Cyber,2021,1966000,Harborlight Applied Research LLC,Code-34,CUI-Mock,seed-initial-2026,2021-08-25T09:13:23+00:00
ONRD-2021-AIML-00083,Energy-Efficient Approaches to Sensor Fusion for Contested Environments via Self-supervised Representation Learning,"This effort develops self-supervised representation learning to address persistent trust calibration-driven challenges in sensor fusion for contested environments. Research activities include algorithm development, human-machine teaming policy optimization integration, and iterative field evaluation to quantify gains in inference latency. Expected outcomes include a measurable improvement in inference latency and a documented transition path informed by operational stakeholder feedback.",AI/ML,2021,907000,University of Pelican,Code-31,CUI-Mock,seed-initial-2026,2020-11-09T09:49:51+00:00
ONRD-2021-AUTO-00084,Robust Approaches to Autonomous Convoy Escort via Model-predictive Control,This effort develops model-predictive control to address persistent degraded communications-driven challenges in autonomous convoy escort. The team will conduct a phased study combining cooperative multi-vehicle routing with legacy system integration to reduce risk prior to a transition decision. Expected outcomes include a measurable improvement in mission completion rate and a documented transition path informed by operational stakeholder feedback.,Autonomy,2021,709000,Foxglove Labs,ONR-Corporate,CUI-Mock,seed-initial-2026,2021-05-28T13:33:48+00:00
ONRD-2021-USEA-00085,Phase III: Passive Acoustic Signal Processing for Undersea Cable Route Surveying,"This effort develops passive acoustic signal processing to address persistent bathymetric uncertainty-driven challenges in undersea cable route surveying. Research activities include algorithm development, hydrodynamic hull-form optimization integration, and iterative field evaluation to quantify gains in endurance. Expected outcomes include a measurable improvement in endurance and a documented transition path informed by operational stakeholder feedback.",Undersea,2021,390000,University of Cascade,ONR-Corporate,CUI-Mock,seed-initial-2026,2021-05-28T11:54:16+00:00
ONRD-2021-AIML-00086,Low-Latency Approaches to Sensor Fusion for Contested Environments via Explainable Neural Inference,"This effort develops explainable neural inference to address persistent latency-driven challenges in sensor fusion for contested environments. Research activities include algorithm development, human-machine teaming policy optimization integration, and iterative field evaluation to quantify gains in inference latency. Expected outcomes include a measurable improvement in inference latency and a documented transition path informed by operational stakeholder feedback.",AI/ML,2021,222000,Driftwood Applied Research LLC,Code-30,CUI-Mock,seed-initial-2026,2020-11-13T09:21:39+00:00
ONRD-2021-MATL-00087,Modular High-entropy Alloy Design for Hull Coating for Biofouling Resistance,"This effort develops high-entropy alloy design to address persistent corrosion rate-driven challenges in hull coating for biofouling resistance. Research activities include algorithm development, additive manufacturing process qualification integration, and iterative field evaluation to quantify gains in corrosion rate. Expected outcomes include a measurable improvement in corrosion rate and a documented transition path informed by operational stakeholder feedback.",Materials,2021,2954000,University of Cobalt,Code-32,CUI-Mock,seed-initial-2026,2021-04-28T08:29:10+00:00
ONRD-2021-BIOT-00088,Next-Generation Biomarker-based Fatigue Detection for Rapid Diagnostic Triage in Austere Environments,"This effort develops biomarker-based fatigue detection to address persistent field ruggedization-driven challenges in rapid diagnostic triage in austere environments. The performer will design, implement, and evaluate a prototype capability, validating performance against biomarker specificity-related benchmarks under realistic operational conditions. Expected outcomes include a measurable improvement in shelf stability and a documented transition path informed by operational stakeholder feedback. A principal risk to schedule is physiological baseline; the performer will mitigate this through early prototyping and government checkpoint reviews.",Biotech,2021,368000,Windrose Advanced Systems Group,Code-30,CUI-Mock,seed-initial-2026,2021-01-06T16:18:33+00:00
ONRD-2021-AUTO-00089,Field-Deployable Approaches to Unmanned Surface Vessel (USV) Picket Lines via Onboard Perception-to-action Pipelines,"This effort develops onboard perception-to-action pipelines to address persistent swarm resilience-driven challenges in unmanned surface vessel (USV) picket lines. Research activities include algorithm development, cooperative multi-vehicle routing integration, and iterative field evaluation to quantify gains in navigation drift. Expected outcomes include a measurable improvement in navigation drift and a documented transition path informed by operational stakeholder feedback.",Autonomy,2021,474000,Meridian Dynamics Corp.,ONR-Corporate,CUI-Mock,seed-initial-2026,2021-01-24T12:29:59+00:00
ONRD-2021-QNTM-00090,Phase II: Photonic Quantum Sensing for Precision Timing for Distributed Platforms,This effort develops photonic quantum sensing to address persistent qubit fidelity-driven challenges in precision timing for distributed platforms. The team will conduct a phased study combining quantum error-correction code development with legacy system integration to reduce risk prior to a transition decision. Expected outcomes include a measurable improvement in sensor sensitivity and a documented transition path informed by operational stakeholder feedback.,Quantum,2021,814000,University of Cinderpoint,Code-35,CUI-Mock,seed-initial-2026,2021-01-22T09:36:02+00:00
ONRD-2021-CYBR-00091,Phase I: Zero-trust Network Architecture Design for Tactical Edge Cyber Resilience,This effort develops zero-trust network architecture design to address persistent cyber-physical resilience-driven challenges in tactical edge cyber resilience. The team will conduct a phased study combining supply-chain firmware attestation with legacy system integration to reduce risk prior to a transition decision. Expected outcomes include a measurable improvement in patch latency and a documented transition path informed by operational stakeholder feedback.,Cyber,2021,1644000,University of Summit,ONR-Corporate,CUI-Mock,seed-initial-2026,2021-09-17T15:10:39+00:00
ONRD-2021-USEA-00092,High-Fidelity Approaches to Seabed Mapping via Passive Acoustic Signal Processing,This effort develops passive acoustic signal processing to address persistent acoustic signature reduction-driven challenges in seabed mapping. The team will conduct a phased study combining hydrodynamic hull-form optimization with legacy system integration to reduce risk prior to a transition decision. Expected outcomes include a measurable improvement in detection range and a documented transition path informed by operational stakeholder feedback. A principal risk to schedule is acoustic signature reduction; the performer will mitigate this through early prototyping and government checkpoint reviews.,Undersea,2021,958000,Palisade Dynamics Corp.,Code-32,Public-Mock,seed-initial-2026,2021-08-03T13:28:33+00:00
ONRD-2021-BIOT-00093,Toward energy-efficient microbiome-based biofouling mitigation: Implications for warfighter fatigue and readiness monitoring,"This effort develops microbiome-based biofouling mitigation to address persistent physiological baseline-driven challenges in warfighter fatigue and readiness monitoring. Research activities include algorithm development, biomarker-based fatigue detection integration, and iterative field evaluation to quantify gains in diagnostic turnaround time. Expected outcomes include a measurable improvement in diagnostic turnaround time and a documented transition path informed by operational stakeholder feedback.",Biotech,2021,2481000,University of Pelican,Code-32,CUI-Mock,seed-initial-2026,2021-08-24T16:50:20+00:00
ONRD-2021-CYBR-00094,Phase III: Adversarial Machine-learning Defense for Industrial-control-system (ICS) Protection for Propulsion Systems,"This effort develops adversarial machine-learning defense to address persistent cyber-physical resilience-driven challenges in industrial-control-system (ICS) protection for propulsion systems. The team will conduct a phased study combining secure software-defined networking with legacy system integration to reduce risk prior to a transition decision. Expected outcomes include a measurable improvement in attack-surface reduction and a documented transition path informed by operational stakeholder feedback. Key technical risks include attack surface and constrained zero-day exposure, which will be tracked via quarterly milestone reviews.",Cyber,2021,343000,Longview Analytics Inc.,Code-30,Public-Mock,seed-initial-2026,2021-01-12T11:45:08+00:00
ONRD-2021-BIOT-00095,Advancing field-deployable diagnostic assay development to Improve warfighter fatigue and readiness monitoring,"This effort develops field-deployable diagnostic assay development to address persistent biomarker specificity-driven challenges in warfighter fatigue and readiness monitoring. The performer will design, implement, and evaluate a prototype capability, validating performance against physiological baseline-related benchmarks under realistic operational conditions. Expected outcomes include a measurable improvement in diagnostic turnaround time and a documented transition path informed by operational stakeholder feedback.",Biotech,2021,188000,University of Anchor,Code-35,Public-Mock,seed-initial-2026,2020-10-15T11:08:05+00:00
ONRD-2021-CYBR-00096,Phase I: Zero-trust Network Architecture Design for Cross-domain Solution Assurance,"This effort develops zero-trust network architecture design to address persistent cyber-physical resilience-driven challenges in cross-domain solution assurance. Research activities include algorithm development, supply-chain firmware attestation integration, and iterative field evaluation to quantify gains in mean time to detect. Expected outcomes include a measurable improvement in mean time to detect and a documented transition path informed by operational stakeholder feedback. Key technical risks include cyber-physical resilience and constrained lateral movement, which will be tracked via quarterly milestone reviews.",Cyber,2021,194000,Bluewater College of Engineering,Code-32,CUI-Mock,seed-initial-2026,2020-12-04T08:21:27+00:00
ONRD-2021-CYBR-00097,Phase I: Secure Software-defined Networking for Shipboard Combat-system Network Hardening,This effort develops secure software-defined networking to address persistent cyber-physical resilience-driven challenges in shipboard combat-system network hardening. The team will conduct a phased study combining zero-trust network architecture design with legacy system integration to reduce risk prior to a transition decision. Expected outcomes include a measurable improvement in false-positive rate and a documented transition path informed by operational stakeholder feedback. A principal risk to schedule is cyber-physical resilience; the performer will mitigate this through early prototyping and government checkpoint reviews.,Cyber,2021,421000,Cobalt Polytechnic University,Code-30,CUI-Mock,seed-initial-2026,2021-08-18T16:41:26+00:00
ONRD-2021-AUTO-00098,Advancing onboard perception-to-action pipelines to Improve unmanned surface vessel (USV) picket lines,"This effort develops onboard perception-to-action pipelines to address persistent swarm resilience-driven challenges in unmanned surface vessel (USV) picket lines. Research activities include algorithm development, swarm coordination algorithms integration, and iterative field evaluation to quantify gains in mission completion rate. Expected outcomes include a measurable improvement in mission completion rate and a documented transition path informed by operational stakeholder feedback. Key technical risks include swarm resilience and constrained autonomy assurance, which will be tracked via quarterly milestone reviews.",Autonomy,2021,571000,Vantage Defense Technologies,Code-34,CUI-Mock,seed-initial-2026,2021-08-07T17:26:13+00:00
ONRD-2021-QNTM-00099,Toward energy-efficient photonic quantum sensing: Implications for secure fleet communications,"This effort develops photonic quantum sensing to address persistent decoherence-driven challenges in secure fleet communications. Research activities include algorithm development, quantum key distribution protocol design integration, and iterative field evaluation to quantify gains in key generation rate. Expected outcomes include a measurable improvement in key generation rate and a documented transition path informed by operational stakeholder feedback. A principal risk to schedule is cryogenic control electronics; the performer will mitigate this through early prototyping and government checkpoint reviews.",Quantum,2021,116000,Vantage Applied Research LLC,Code-30,CUI-Mock,seed-initial-2026,2021-06-05T09:10:44+00:00
ONRD-2021-MATL-00100,Advancing composite laminate fatigue characterization to Improve hull coating for biofouling resistance,"This effort develops composite laminate fatigue characterization to address persistent fatigue life-driven challenges in hull coating for biofouling resistance. The performer will design, implement, and evaluate a prototype capability, validating performance against corrosion rate-related benchmarks under realistic operational conditions. Expected outcomes include a measurable improvement in fatigue life and a documented transition path informed by operational stakeholder feedback.",Materials,2021,223000,University of Amberfield,Code-34,CUI-Mock,seed-initial-2026,2021-06-07T15:21:59+00:00
ONRD-2021-MATL-00101,Scalable Approaches to Thermal-protection Systems for Hypersonic Platforms via Corrosion-resistant Coating Development,"This effort develops corrosion-resistant coating development to address persistent specific strength-driven challenges in thermal-protection systems for hypersonic platforms. The team will conduct a phased study combining additive manufacturing process qualification with legacy system integration to reduce risk prior to a transition decision. Expected outcomes include a measurable improvement in corrosion rate and a documented transition path informed by operational stakeholder feedback. Key technical risks include corrosion rate and constrained specific strength, which will be tracked via quarterly milestone reviews.",Materials,2021,131000,Stonebridge Institute of Technology,Code-31,CUI-Mock,seed-initial-2026,2021-07-27T09:44:34+00:00
ONRD-2021-QNTM-00102,Low-Latency Trapped-ion Qubit Control for Gravimetric Anomaly Detection,"This effort develops trapped-ion qubit control to address persistent entanglement distribution-driven challenges in gravimetric anomaly detection. The performer will design, implement, and evaluate a prototype capability, validating performance against decoherence-related benchmarks under realistic operational conditions. Expected outcomes include a measurable improvement in key generation rate and a documented transition path informed by operational stakeholder feedback. A principal risk to schedule is entanglement distribution; the performer will mitigate this through early prototyping and government checkpoint reviews.",Quantum,2021,471000,Pelican Labs,Code-30,CUI-Mock,seed-initial-2026,2020-11-08T16:30:21+00:00
ONRD-2021-AIML-00103,Toward modular federated learning: Implications for sensor fusion for contested environments,"This effort develops federated learning to address persistent trust calibration-driven challenges in sensor fusion for contested environments. The performer will design, implement, and evaluate a prototype capability, validating performance against training-data scarcity-related benchmarks under realistic operational conditions. Expected outcomes include a measurable improvement in false-alarm rate and a documented transition path informed by operational stakeholder feedback.",AI/ML,2021,59000,Redshift Polytechnic University,Code-30,CUI-Mock,seed-initial-2026,2020-11-09T09:09:33+00:00
ONRD-2021-MATL-00104,Advancing self-healing polymer synthesis to Improve thermal-protection systems for hypersonic platforms,"This effort develops self-healing polymer synthesis to address persistent fracture toughness-driven challenges in thermal-protection systems for hypersonic platforms. Research activities include algorithm development, high-entropy alloy design integration, and iterative field evaluation to quantify gains in specific strength. Expected outcomes include a measurable improvement in specific strength and a documented transition path informed by operational stakeholder feedback.",Materials,2021,305000,Copperline Polytechnic University,ONR-Corporate,CUI-Mock,seed-initial-2026,2021-05-23T12:35:45+00:00
ONRD-2021-USEA-00105,Undersea Acoustic Communications for Seabed Mapping,"This effort develops undersea acoustic communications to address persistent acoustic signature reduction-driven challenges in seabed mapping. The performer will design, implement, and evaluate a prototype capability, validating performance against depth-rated housings-related benchmarks under realistic operational conditions. Expected outcomes include a measurable improvement in endurance and a documented transition path informed by operational stakeholder feedback.",Undersea,2021,123000,Bluewater Defense Technologies,ONR-Corporate,CUI-Mock,seed-initial-2026,2020-10-12T18:42:06+00:00
ONRD-2021-USEA-00106,Phase III: Low-frequency Active Sonar Waveform Design for Anti-submarine Warfare (ASW) Sensor Networks,"This effort develops low-frequency active sonar waveform design to address persistent bathymetric uncertainty-driven challenges in anti-submarine warfare (ASW) sensor networks. Research activities include algorithm development, hydrodynamic hull-form optimization integration, and iterative field evaluation to quantify gains in detection range. Expected outcomes include a measurable improvement in detection range and a documented transition path informed by operational stakeholder feedback.",Undersea,2021,489000,Wraith Applied Research LLC,Code-34,CUI-Mock,seed-initial-2026,2020-12-07T10:24:16+00:00
ONRD-2021-AIML-00107,Robust Bayesian Uncertainty Quantification for Sensor Fusion for Contested Environments,"This effort develops Bayesian uncertainty quantification to address persistent model drift-driven challenges in sensor fusion for contested environments. Research activities include algorithm development, federated learning integration, and iterative field evaluation to quantify gains in false-alarm rate. Expected outcomes include a measurable improvement in false-alarm rate and a documented transition path informed by operational stakeholder feedback. Key technical risks include edge deployment and constrained training-data scarcity, which will be tracked via quarterly milestone reviews.",AI/ML,2021,413000,Highland Advanced Systems Group,Code-30,CUI-Mock,seed-initial-2026,2020-11-23T11:27:35+00:00
ONRD-2021-AIML-00108,Adaptive Approaches to Adversarial Threat Classification via Multi-agent Reinforcement Learning,"This effort develops multi-agent reinforcement learning to address persistent trust calibration-driven challenges in adversarial threat classification. The performer will design, implement, and evaluate a prototype capability, validating performance against training-data scarcity-related benchmarks under realistic operational conditions. Expected outcomes include a measurable improvement in classification accuracy and a documented transition path informed by operational stakeholder feedback.",AI/ML,2021,386000,Copperline Applied Research LLC,Code-35,Public-Mock,seed-initial-2026,2021-02-01T09:27:27+00:00
ONRD-2022-MATL-00109,Low-Latency Approaches to Hull Coating for Biofouling Resistance via Corrosion-resistant Coating Development,"This effort develops corrosion-resistant coating development to address persistent fracture toughness-driven challenges in hull coating for biofouling resistance. Research activities include algorithm development, high-entropy alloy design integration, and iterative field evaluation to quantify gains in thermal tolerance. Expected outcomes include a measurable improvement in thermal tolerance and a documented transition path informed by operational stakeholder feedback.",Materials,2022,2034000,University of Amberfield,Code-34,CUI-Mock,seed-initial-2026,2022-01-04T16:27:55+00:00
ONRD-2022-BIOT-00110,Resilient Field-deployable Diagnostic Assay Development for Rapid Diagnostic Triage in Austere Environments,This effort develops field-deployable diagnostic assay development to address persistent field ruggedization-driven challenges in rapid diagnostic triage in austere environments. The team will conduct a phased study combining human performance physiological modeling with legacy system integration to reduce risk prior to a transition decision. Expected outcomes include a measurable improvement in diagnostic turnaround time and a documented transition path informed by operational stakeholder feedback.,Biotech,2022,564000,"Farview Systems, Inc.",Code-32,CUI-Mock,seed-initial-2026,2022-06-03T15:47:49+00:00
ONRD-2022-AUTO-00111,Swarm Coordination Algorithms for Group Unmanned Aerial System (UAS) Reconnaissance,"This effort develops swarm coordination algorithms to address persistent onboard compute limits-driven challenges in group unmanned aerial system (UAS) reconnaissance. The performer will design, implement, and evaluate a prototype capability, validating performance against swarm resilience-related benchmarks under realistic operational conditions. Expected outcomes include a measurable improvement in mission completion rate and a documented transition path informed by operational stakeholder feedback. Key technical risks include autonomy assurance and constrained swarm resilience, which will be tracked via quarterly milestone reviews.",Autonomy,2022,2388000,University of Farview,ONR-Corporate,Public-Mock,seed-initial-2026,2022-02-20T07:09:04+00:00
ONRD-2022-MATL-00112,High-Fidelity Additive Manufacturing Process Qualification for Lightweight Airframe Structures,"This effort develops additive manufacturing process qualification to address persistent fracture toughness-driven challenges in lightweight airframe structures. The performer will design, implement, and evaluate a prototype capability, validating performance against corrosion rate-related benchmarks under realistic operational conditions. Expected outcomes include a measurable improvement in fatigue life and a documented transition path informed by operational stakeholder feedback. Key technical risks include fracture toughness and constrained corrosion rate, which will be tracked via quarterly milestone reviews.",Materials,2022,6310000,Stonebridge Polytechnic University,Code-30,CUI-Mock,seed-initial-2026,2022-02-02T11:24:15+00:00
ONRD-2022-DEWX-00113,High-power Microwave Source Design for Atmospheric Propagation Modeling,This effort develops high-power microwave source design to address persistent duty-cycle limits-driven challenges in atmospheric propagation modeling. The team will conduct a phased study combining high-energy laser beam control with legacy system integration to reduce risk prior to a transition decision. Expected outcomes include a measurable improvement in duty cycle and a documented transition path informed by operational stakeholder feedback.,Directed Energy,2022,2637000,Wraith State University,Code-30,CUI-Mock,seed-initial-2026,2022-01-16T10:37:06+00:00
ONRD-2022-USEA-00114,High-Fidelity Autonomous Underwater Vehicle (AUV) Navigation for Littoral Mine-countermeasure Operations,This effort develops autonomous underwater vehicle (AUV) navigation to address persistent bathymetric uncertainty-driven challenges in littoral mine-countermeasure operations. The team will conduct a phased study combining undersea acoustic communications with legacy system integration to reduce risk prior to a transition decision. Expected outcomes include a measurable improvement in detection range and a documented transition path informed by operational stakeholder feedback.,Undersea,2022,933000,Silverline Polytechnic University,Code-32,CUI-Mock,seed-initial-2026,2022-09-02T18:04:11+00:00
ONRD-2022-QNTM-00115,Energy-Efficient Approaches to Undersea Navigation Without GPS via Quantum-enhanced Magnetometry,"This effort develops quantum-enhanced magnetometry to address persistent qubit fidelity-driven challenges in undersea navigation without GPS. The performer will design, implement, and evaluate a prototype capability, validating performance against decoherence-related benchmarks under realistic operational conditions. Expected outcomes include a measurable improvement in coherence time and a documented transition path informed by operational stakeholder feedback. Key technical risks include qubit fidelity and constrained cryogenic control electronics, which will be tracked via quarterly milestone reviews.",Quantum,2022,76000,Farview Advanced Systems Group,Code-34,CUI-Mock,seed-initial-2026,2021-12-04T08:09:33+00:00
ONRD-2022-AIML-00116,Phase II: Explainable Neural Inference for Natural-language Mission Planning,"This effort develops explainable neural inference to address persistent edge deployment-driven challenges in natural-language mission planning. Research activities include algorithm development, human-machine teaming policy optimization integration, and iterative field evaluation to quantify gains in operator trust score. Expected outcomes include a measurable improvement in operator trust score and a documented transition path informed by operational stakeholder feedback.",AI/ML,2022,387000,Harborlight Applied Research LLC,Code-31,CUI-Mock,seed-initial-2026,2022-03-15T09:09:38+00:00
ONRD-2022-AIML-00117,Advancing Bayesian uncertainty quantification to Improve natural-language mission planning,"This effort develops Bayesian uncertainty quantification to address persistent trust calibration-driven challenges in natural-language mission planning. The performer will design, implement, and evaluate a prototype capability, validating performance against model drift-related benchmarks under realistic operational conditions. Expected outcomes include a measurable improvement in false-alarm rate and a documented transition path informed by operational stakeholder feedback.",AI/ML,2022,896000,University of Cascade,Code-34,CUI-Mock,seed-initial-2026,2022-03-30T16:34:48+00:00
ONRD-2022-DEWX-00118,Energy-Efficient High-energy Laser Beam Control for Atmospheric Propagation Modeling,"This effort develops high-energy laser beam control to address persistent duty-cycle limits-driven challenges in atmospheric propagation modeling. Research activities include algorithm development, thermal management for solid-state lasers integration, and iterative field evaluation to quantify gains in engagement range. Expected outcomes include a measurable improvement in engagement range and a documented transition path informed by operational stakeholder feedback.",Directed Energy,2022,134000,University of Cascade,Code-35,CUI-Mock,seed-initial-2026,2021-10-24T12:37:31+00:00
ONRD-2022-USEA-00119,Toward low-latency autonomous underwater vehicle (AUV) navigation: Implications for submarine detection and tracking,"This effort develops autonomous underwater vehicle (AUV) navigation to address persistent depth-rated housings-driven challenges in submarine detection and tracking. Research activities include algorithm development, hydrodynamic hull-form optimization integration, and iterative field evaluation to quantify gains in endurance. Expected outcomes include a measurable improvement in endurance and a documented transition path informed by operational stakeholder feedback.",Undersea,2022,151000,Driftwood Dynamics Corp.,Code-32,CUI-Mock,seed-initial-2026,2021-12-31T15:34:27+00:00
ONRD-2022-MATL-00120,Toward energy-efficient additive manufacturing process qualification: Implications for thermal-protection systems for hypersonic platforms,This effort develops additive manufacturing process qualification to address persistent corrosion rate-driven challenges in thermal-protection systems for hypersonic platforms. The team will conduct a phased study combining corrosion-resistant coating development with legacy system integration to reduce risk prior to a transition decision. Expected outcomes include a measurable improvement in specific strength and a documented transition path informed by operational stakeholder feedback. A principal risk to schedule is fatigue life; the performer will mitigate this through early prototyping and government checkpoint reviews.,Materials,2022,642000,Anchor Institute of Technology,Code-31,CUI-Mock,seed-initial-2026,2022-01-27T13:03:19+00:00
ONRD-2022-AIML-00121,Advancing self-supervised representation learning to Improve command-and-control decision support,"This effort develops self-supervised representation learning to address persistent model drift-driven challenges in command-and-control decision support. The performer will design, implement, and evaluate a prototype capability, validating performance against training-data scarcity-related benchmarks under realistic operational conditions. Expected outcomes include a measurable improvement in classification accuracy and a documented transition path informed by operational stakeholder feedback. Key technical risks include model drift and constrained trust calibration, which will be tracked via quarterly milestone reviews.",AI/ML,2022,91000,Northgate Labs,Code-31,CUI-Mock,seed-initial-2026,2022-03-19T13:41:55+00:00
ONRD-2022-AUTO-00122,Advancing onboard perception-to-action pipelines to Improve autonomous convoy escort,"This effort develops onboard perception-to-action pipelines to address persistent swarm resilience-driven challenges in autonomous convoy escort. The performer will design, implement, and evaluate a prototype capability, validating performance against autonomy assurance-related benchmarks under realistic operational conditions. Expected outcomes include a measurable improvement in swarm coordination overhead and a documented transition path informed by operational stakeholder feedback. A principal risk to schedule is degraded communications; the performer will mitigate this through early prototyping and government checkpoint reviews.",Autonomy,2022,5727000,Sable Institute of Technology,Code-32,CUI-Mock,seed-initial-2026,2021-10-28T15:27:32+00:00
ONRD-2022-DEWX-00123,Toward modular adaptive optics wavefront correction: Implications for directed-energy weapon test-bed evaluation,"This effort develops adaptive optics wavefront correction to address persistent power density-driven challenges in directed-energy weapon test-bed evaluation. The performer will design, implement, and evaluate a prototype capability, validating performance against duty-cycle limits-related benchmarks under realistic operational conditions. Expected outcomes include a measurable improvement in time-on-target and a documented transition path informed by operational stakeholder feedback.",Directed Energy,2022,509000,"Bluewater Systems, Inc.",Code-31,CUI-Mock,seed-initial-2026,2021-11-03T17:02:12+00:00
ONRD-2022-MATL-00124,Toward robust corrosion-resistant coating development: Implications for battery electrode materials,"This effort develops corrosion-resistant coating development to address persistent fracture toughness-driven challenges in battery electrode materials. Research activities include algorithm development, additive manufacturing process qualification integration, and iterative field evaluation to quantify gains in specific strength. Expected outcomes include a measurable improvement in specific strength and a documented transition path informed by operational stakeholder feedback.",Materials,2022,186000,Sable Dynamics Corp.,Code-32,CUI-Mock,seed-initial-2026,2022-02-24T16:48:45+00:00
ONRD-2022-MATL-00125,Robust Approaches to Lightweight Airframe Structures via High-entropy Alloy Design,"This effort develops high-entropy alloy design to address persistent corrosion rate-driven challenges in lightweight airframe structures. Research activities include algorithm development, composite laminate fatigue characterization integration, and iterative field evaluation to quantify gains in fatigue life. Expected outcomes include a measurable improvement in fatigue life and a documented transition path informed by operational stakeholder feedback. Key technical risks include specific strength and constrained fracture toughness, which will be tracked via quarterly milestone reviews.",Materials,2022,189000,University of Summit,Code-35,CUI-Mock,seed-initial-2026,2021-12-12T13:12:08+00:00
ONRD-2022-BIOT-00126,Human Performance Physiological Modeling for Biofilm-resistant Hull Coatings,This effort develops human performance physiological modeling to address persistent assay sensitivity-driven challenges in biofilm-resistant hull coatings. The team will conduct a phased study combining biomarker-based fatigue detection with legacy system integration to reduce risk prior to a transition decision. Expected outcomes include a measurable improvement in biomarker specificity and a documented transition path informed by operational stakeholder feedback.,Biotech,2022,613000,Silverline State University,Code-35,CUI-Mock,seed-initial-2026,2022-08-31T12:03:42+00:00
ONRD-2022-AUTO-00127,High-Fidelity Approaches to Contested-environment Navigation via Model-predictive Control,"This effort develops model-predictive control to address persistent onboard compute limits-driven challenges in contested-environment navigation. Research activities include algorithm development, swarm coordination algorithms integration, and iterative field evaluation to quantify gains in navigation drift. Expected outcomes include a measurable improvement in navigation drift and a documented transition path informed by operational stakeholder feedback. Key technical risks include autonomy assurance and constrained onboard compute limits, which will be tracked via quarterly milestone reviews.",Autonomy,2022,630000,Farview Robotics Corp.,Code-32,Public-Mock,seed-initial-2026,2022-03-09T11:58:47+00:00
ONRD-2022-AIML-00128,Toward modular federated learning: Implications for command-and-control decision support,This effort develops federated learning to address persistent model drift-driven challenges in command-and-control decision support. The team will conduct a phased study combining multi-agent reinforcement learning with legacy system integration to reduce risk prior to a transition decision. Expected outcomes include a measurable improvement in false-alarm rate and a documented transition path informed by operational stakeholder feedback. A principal risk to schedule is training-data scarcity; the performer will mitigate this through early prototyping and government checkpoint reviews.,AI/ML,2022,698000,Beacon Applied Research LLC,Code-35,CUI-Mock,seed-initial-2026,2021-11-02T16:41:47+00:00
ONRD-2022-QNTM-00129,Toward scalable photonic quantum sensing: Implications for secure fleet communications,This effort develops photonic quantum sensing to address persistent cryogenic control electronics-driven challenges in secure fleet communications. The team will conduct a phased study combining trapped-ion qubit control with legacy system integration to reduce risk prior to a transition decision. Expected outcomes include a measurable improvement in coherence time and a documented transition path informed by operational stakeholder feedback. A principal risk to schedule is cryogenic control electronics; the performer will mitigate this through early prototyping and government checkpoint reviews.,Quantum,2022,203000,Copperline Institute of Technology,Code-35,Public-Mock,seed-initial-2026,2022-09-13T18:09:24+00:00
ONRD-2022-BIOT-00130,Advancing microbiome-based biofouling mitigation to Improve biofilm-resistant hull coatings,"This effort develops microbiome-based biofouling mitigation to address persistent physiological baseline-driven challenges in biofilm-resistant hull coatings. The team will conduct a phased study combining biomarker-based fatigue detection with legacy system integration to reduce risk prior to a transition decision. Expected outcomes include a measurable improvement in biomarker specificity and a documented transition path informed by operational stakeholder feedback. Key technical risks include assay sensitivity and constrained field ruggedization, which will be tracked via quarterly milestone reviews.",Biotech,2022,1137000,Foxglove Robotics Corp.,Code-32,CUI-Mock,seed-initial-2026,2021-10-15T15:33:10+00:00
ONRD-2022-BIOT-00131,Phase I: Microbiome-based Biofouling Mitigation for Cold-chain-free Vaccine Stabilization,"This effort develops microbiome-based biofouling mitigation to address persistent assay sensitivity-driven challenges in cold-chain-free vaccine stabilization. Research activities include algorithm development, biomarker-based fatigue detection integration, and iterative field evaluation to quantify gains in biomarker specificity. Expected outcomes include a measurable improvement in biomarker specificity and a documented transition path informed by operational stakeholder feedback.",Biotech,2022,283000,Beacon Defense Technologies,ONR-Corporate,Public-Mock,seed-initial-2026,2021-12-13T10:04:11+00:00
ONRD-2022-MATL-00132,Phase II: Additive Manufacturing Process Qualification for Thermal-protection Systems for Hypersonic Platforms,This effort develops additive manufacturing process qualification to address persistent specific strength-driven challenges in thermal-protection systems for hypersonic platforms. The team will conduct a phased study combining self-healing polymer synthesis with legacy system integration to reduce risk prior to a transition decision. Expected outcomes include a measurable improvement in fatigue life and a documented transition path informed by operational stakeholder feedback.,Materials,2022,779000,Sable Polytechnic University,Code-30,CUI-Mock,seed-initial-2026,2022-06-16T09:25:57+00:00
ONRD-2022-DEWX-00133,Next-Generation Approaches to Shipboard Self-defense Layers via Pulsed-power System Integration,This effort develops pulsed-power system integration to address persistent beam quality-driven challenges in shipboard self-defense layers. The team will conduct a phased study combining high-power microwave source design with legacy system integration to reduce risk prior to a transition decision. Expected outcomes include a measurable improvement in time-on-target and a documented transition path informed by operational stakeholder feedback. A principal risk to schedule is duty-cycle limits; the performer will mitigate this through early prototyping and government checkpoint reviews.,Directed Energy,2022,6046000,Duskwater Dynamics Corp.,Code-34,CUI-Mock,seed-initial-2026,2022-01-06T18:26:35+00:00
ONRD-2022-DEWX-00134,Low-Latency Approaches to Shipboard Self-defense Layers via Adaptive Optics Wavefront Correction,"This effort develops adaptive optics wavefront correction to address persistent thermal blooming-driven challenges in shipboard self-defense layers. Research activities include algorithm development, high-power microwave source design integration, and iterative field evaluation to quantify gains in time-on-target. Expected outcomes include a measurable improvement in time-on-target and a documented transition path informed by operational stakeholder feedback.",Directed Energy,2022,125000,Pelican Advanced Systems Group,Code-32,CUI-Mock,seed-initial-2026,2021-12-31T15:47:33+00:00
ONRD-2022-USEA-00135,Advancing hydrodynamic hull-form optimization to Improve anti-submarine warfare (ASW) sensor networks,"This effort develops hydrodynamic hull-form optimization to address persistent bathymetric uncertainty-driven challenges in anti-submarine warfare (ASW) sensor networks. The performer will design, implement, and evaluate a prototype capability, validating performance against ambient ocean noise-related benchmarks under realistic operational conditions. Expected outcomes include a measurable improvement in signal-to-noise ratio and a documented transition path informed by operational stakeholder feedback. A principal risk to schedule is ambient ocean noise; the performer will mitigate this through early prototyping and government checkpoint reviews.",Undersea,2022,155000,Northgate Analytics Inc.,Code-30,Public-Mock,seed-initial-2026,2022-05-26T11:39:51+00:00
ONRD-2022-MATL-00136,Next-Generation Corrosion-resistant Coating Development for Battery Electrode Materials,"This effort develops corrosion-resistant coating development to address persistent corrosion rate-driven challenges in battery electrode materials. The team will conduct a phased study combining composite laminate fatigue characterization with legacy system integration to reduce risk prior to a transition decision. Expected outcomes include a measurable improvement in corrosion rate and a documented transition path informed by operational stakeholder feedback. Key technical risks include fracture toughness and constrained specific strength, which will be tracked via quarterly milestone reviews.",Materials,2022,951000,Bluewater State University,Code-30,CUI-Mock,seed-initial-2026,2021-12-26T11:41:50+00:00
ONRD-2022-QNTM-00137,Field-Deployable Photonic Quantum Sensing for Secure Fleet Communications,This effort develops photonic quantum sensing to address persistent cryogenic control electronics-driven challenges in secure fleet communications. The team will conduct a phased study combining quantum key distribution protocol design with legacy system integration to reduce risk prior to a transition decision. Expected outcomes include a measurable improvement in sensor sensitivity and a documented transition path informed by operational stakeholder feedback.,Quantum,2022,2827000,University of Windrose,Code-35,CUI-Mock,seed-initial-2026,2021-11-03T07:57:32+00:00
ONRD-2022-USEA-00138,Next-Generation Approaches to Littoral Mine-countermeasure Operations via Undersea Acoustic Communications,"This effort develops undersea acoustic communications to address persistent bathymetric uncertainty-driven challenges in littoral mine-countermeasure operations. The performer will design, implement, and evaluate a prototype capability, validating performance against ambient ocean noise-related benchmarks under realistic operational conditions. Expected outcomes include a measurable improvement in detection range and a documented transition path informed by operational stakeholder feedback. Key technical risks include bathymetric uncertainty and constrained depth-rated housings, which will be tracked via quarterly milestone reviews.",Undersea,2022,684000,Northgate Polytechnic University,Code-34,CUI-Mock,seed-initial-2026,2022-05-05T07:05:28+00:00
ONRD-2022-BIOT-00139,Robust Synthetic Biology Pathway Engineering for Biofilm-resistant Hull Coatings,"This effort develops synthetic biology pathway engineering to address persistent assay sensitivity-driven challenges in biofilm-resistant hull coatings. Research activities include algorithm development, field-deployable diagnostic assay development integration, and iterative field evaluation to quantify gains in biomarker specificity. Expected outcomes include a measurable improvement in biomarker specificity and a documented transition path informed by operational stakeholder feedback.",Biotech,2022,52000,Ironclad State University,Code-30,CUI-Mock,seed-initial-2026,2021-12-03T13:01:19+00:00
ONRD-2022-MATL-00140,Composite Laminate Fatigue Characterization for Hull Coating for Biofouling Resistance,This effort develops composite laminate fatigue characterization to address persistent specific strength-driven challenges in hull coating for biofouling resistance. The team will conduct a phased study combining additive manufacturing process qualification with legacy system integration to reduce risk prior to a transition decision. Expected outcomes include a measurable improvement in fatigue life and a documented transition path informed by operational stakeholder feedback. A principal risk to schedule is fracture toughness; the performer will mitigate this through early prototyping and government checkpoint reviews.,Materials,2022,1525000,"Ironclad Systems, Inc.",Code-30,CUI-Mock,seed-initial-2026,2021-10-20T14:12:47+00:00
ONRD-2022-AUTO-00141,Advancing onboard perception-to-action pipelines to Improve unmanned surface vessel (USV) picket lines,"This effort develops onboard perception-to-action pipelines to address persistent degraded communications-driven challenges in unmanned surface vessel (USV) picket lines. Research activities include algorithm development, swarm coordination algorithms integration, and iterative field evaluation to quantify gains in swarm coordination overhead. Expected outcomes include a measurable improvement in swarm coordination overhead and a documented transition path informed by operational stakeholder feedback.",Autonomy,2022,2449000,Beacon Polytechnic University,Code-32,CUI-Mock,seed-initial-2026,2022-03-16T13:05:56+00:00
ONRD-2022-QNTM-00142,Trapped-ion Qubit Control for Secure Fleet Communications,"This effort develops trapped-ion qubit control to address persistent decoherence-driven challenges in secure fleet communications. Research activities include algorithm development, quantum key distribution protocol design integration, and iterative field evaluation to quantify gains in key generation rate. Expected outcomes include a measurable improvement in key generation rate and a documented transition path informed by operational stakeholder feedback.",Quantum,2022,4733000,Cinderpoint Dynamics Corp.,Code-34,CUI-Mock,seed-initial-2026,2021-10-19T17:53:37+00:00
ONRD-2022-CYBR-00143,Scalable Adversarial Machine-learning Defense for Cross-domain Solution Assurance,"This effort develops adversarial machine-learning defense to address persistent attack surface-driven challenges in cross-domain solution assurance. Research activities include algorithm development, anomaly-based intrusion detection integration, and iterative field evaluation to quantify gains in false-positive rate. Expected outcomes include a measurable improvement in false-positive rate and a documented transition path informed by operational stakeholder feedback. Key technical risks include zero-day exposure and constrained lateral movement, which will be tracked via quarterly milestone reviews.",Cyber,2022,87000,Duskwater Applied Research LLC,Code-31,CUI-Mock,seed-initial-2026,2022-02-19T17:04:53+00:00
ONRD-2022-DEWX-00144,High-energy Laser Beam Control for Atmospheric Propagation Modeling,"This effort develops high-energy laser beam control to address persistent beam quality-driven challenges in atmospheric propagation modeling. The performer will design, implement, and evaluate a prototype capability, validating performance against duty-cycle limits-related benchmarks under realistic operational conditions. Expected outcomes include a measurable improvement in time-on-target and a documented transition path informed by operational stakeholder feedback.",Directed Energy,2022,135000,Amberfield Robotics Corp.,Code-30,CUI-Mock,seed-initial-2026,2021-11-15T13:14:16+00:00
ONRD-2022-MATL-00145,Low-Latency Approaches to Thermal-protection Systems for Hypersonic Platforms via Corrosion-resistant Coating Development,"This effort develops corrosion-resistant coating development to address persistent fracture toughness-driven challenges in thermal-protection systems for hypersonic platforms. The performer will design, implement, and evaluate a prototype capability, validating performance against specific strength-related benchmarks under realistic operational conditions. Expected outcomes include a measurable improvement in corrosion rate and a documented transition path informed by operational stakeholder feedback. A principal risk to schedule is fatigue life; the performer will mitigate this through early prototyping and government checkpoint reviews.",Materials,2022,181000,University of Highland,Code-32,CUI-Mock,seed-initial-2026,2022-08-18T12:39:14+00:00
ONRD-2022-MATL-00146,Adaptive Composite Laminate Fatigue Characterization for Thermal-protection Systems for Hypersonic Platforms,"This effort develops composite laminate fatigue characterization to address persistent specific strength-driven challenges in thermal-protection systems for hypersonic platforms. Research activities include algorithm development, corrosion-resistant coating development integration, and iterative field evaluation to quantify gains in corrosion rate. Expected outcomes include a measurable improvement in corrosion rate and a documented transition path informed by operational stakeholder feedback. A principal risk to schedule is specific strength; the performer will mitigate this through early prototyping and government checkpoint reviews.",Materials,2022,2991000,Duskwater Institute of Technology,Code-32,CUI-Mock,seed-initial-2026,2021-10-17T16:46:34+00:00
ONRD-2022-DEWX-00147,Phase I: Pulsed-power System Integration for Counter-unmanned Aerial System (C-UAS) Engagement,"This effort develops pulsed-power system integration to address persistent thermal blooming-driven challenges in counter-unmanned aerial system (C-UAS) engagement. Research activities include algorithm development, high-energy laser beam control integration, and iterative field evaluation to quantify gains in beam quality factor. Expected outcomes include a measurable improvement in beam quality factor and a documented transition path informed by operational stakeholder feedback.",Directed Energy,2022,242000,"Ironclad Systems, Inc.",Code-34,CUI-Mock,seed-initial-2026,2022-07-11T10:14:06+00:00
ONRD-2022-CYBR-00148,Next-Generation Zero-trust Network Architecture Design for Industrial-control-system (ICS) Protection for Propulsion Systems,"This effort develops zero-trust network architecture design to address persistent lateral movement-driven challenges in industrial-control-system (ICS) protection for propulsion systems. Research activities include algorithm development, supply-chain firmware attestation integration, and iterative field evaluation to quantify gains in attack-surface reduction. Expected outcomes include a measurable improvement in attack-surface reduction and a documented transition path informed by operational stakeholder feedback. A principal risk to schedule is attack surface; the performer will mitigate this through early prototyping and government checkpoint reviews.",Cyber,2022,186000,Amberfield Polytechnic University,ONR-Corporate,CUI-Mock,seed-initial-2026,2022-08-16T08:03:15+00:00
ONRD-2022-AUTO-00149,Robust Approaches to Unmanned Surface Vessel (USV) Picket Lines via Cooperative Multi-vehicle Routing,"This effort develops cooperative multi-vehicle routing to address persistent onboard compute limits-driven challenges in unmanned surface vessel (USV) picket lines. The team will conduct a phased study combining model-predictive control with legacy system integration to reduce risk prior to a transition decision. Expected outcomes include a measurable improvement in navigation drift and a documented transition path informed by operational stakeholder feedback. Key technical risks include swarm resilience and constrained onboard compute limits, which will be tracked via quarterly milestone reviews.",Autonomy,2022,670000,Halcyon Labs,Code-32,CUI-Mock,seed-initial-2026,2021-11-30T13:53:17+00:00
ONRD-2022-USEA-00150,Autonomous Underwater Vehicle (AUV) Navigation for Undersea Cable Route Surveying,"This effort develops autonomous underwater vehicle (AUV) navigation to address persistent bathymetric uncertainty-driven challenges in undersea cable route surveying. The performer will design, implement, and evaluate a prototype capability, validating performance against acoustic signature reduction-related benchmarks under realistic operational conditions. Expected outcomes include a measurable improvement in signal-to-noise ratio and a documented transition path informed by operational stakeholder feedback. Key technical risks include ambient ocean noise and constrained acoustic signature reduction, which will be tracked via quarterly milestone reviews.",Undersea,2022,627000,Bluewater Polytechnic University,Code-31,CUI-Mock,seed-initial-2026,2022-06-12T07:23:52+00:00
ONRD-2022-BIOT-00151,Robust Approaches to Cold-chain-free Vaccine Stabilization via Field-deployable Diagnostic Assay Development,This effort develops field-deployable diagnostic assay development to address persistent field ruggedization-driven challenges in cold-chain-free vaccine stabilization. The team will conduct a phased study combining human performance physiological modeling with legacy system integration to reduce risk prior to a transition decision. Expected outcomes include a measurable improvement in biomarker specificity and a documented transition path informed by operational stakeholder feedback. A principal risk to schedule is biomarker specificity; the performer will mitigate this through early prototyping and government checkpoint reviews.,Biotech,2022,144000,Ironclad Polytechnic University,Code-30,CUI-Mock,seed-initial-2026,2021-10-02T15:21:32+00:00
ONRD-2022-DEWX-00152,Advancing high-power microwave source design to Improve counter-unmanned aerial system (C-UAS) engagement,"This effort develops high-power microwave source design to address persistent thermal blooming-driven challenges in counter-unmanned aerial system (C-UAS) engagement. Research activities include algorithm development, adaptive optics wavefront correction integration, and iterative field evaluation to quantify gains in beam quality factor. Expected outcomes include a measurable improvement in beam quality factor and a documented transition path informed by operational stakeholder feedback.",Directed Energy,2022,646000,Anchor State University,Code-30,CUI-Mock,seed-initial-2026,2022-01-27T11:14:09+00:00
ONRD-2023-DEWX-00153,Pulsed-power System Integration for Counter-unmanned Aerial System (C-UAS) Engagement,"This effort develops pulsed-power system integration to address persistent beam quality-driven challenges in counter-unmanned aerial system (C-UAS) engagement. The performer will design, implement, and evaluate a prototype capability, validating performance against duty-cycle limits-related benchmarks under realistic operational conditions. Expected outcomes include a measurable improvement in duty cycle and a documented transition path informed by operational stakeholder feedback. Key technical risks include thermal blooming and constrained beam quality, which will be tracked via quarterly milestone reviews.",Directed Energy,2023,202000,Pelican Dynamics Corp.,ONR-Corporate,CUI-Mock,seed-initial-2026,2023-03-07T10:06:34+00:00
ONRD-2023-USEA-00154,Toward resilient passive acoustic signal processing: Implications for submarine detection and tracking,This effort develops passive acoustic signal processing to address persistent bathymetric uncertainty-driven challenges in submarine detection and tracking. The team will conduct a phased study combining undersea acoustic communications with legacy system integration to reduce risk prior to a transition decision. Expected outcomes include a measurable improvement in signal-to-noise ratio and a documented transition path informed by operational stakeholder feedback.,Undersea,2023,207000,University of Redshift,Code-31,Public-Mock,seed-initial-2026,2023-07-24T17:48:37+00:00
ONRD-2023-USEA-00155,Low-frequency Active Sonar Waveform Design for Anti-submarine Warfare (ASW) Sensor Networks,"This effort develops low-frequency active sonar waveform design to address persistent acoustic signature reduction-driven challenges in anti-submarine warfare (ASW) sensor networks. The team will conduct a phased study combining hydrodynamic hull-form optimization with legacy system integration to reduce risk prior to a transition decision. Expected outcomes include a measurable improvement in signal-to-noise ratio and a documented transition path informed by operational stakeholder feedback. Key technical risks include depth-rated housings and constrained ambient ocean noise, which will be tracked via quarterly milestone reviews.",Undersea,2023,361000,Vantage Advanced Systems Group,Code-32,CUI-Mock,seed-initial-2026,2023-01-15T11:00:55+00:00
ONRD-2023-AUTO-00156,Cooperative Multi-vehicle Routing for Unmanned Surface Vessel (USV) Picket Lines,This effort develops cooperative multi-vehicle routing to address persistent degraded communications-driven challenges in unmanned surface vessel (USV) picket lines. The team will conduct a phased study combining swarm coordination algorithms with legacy system integration to reduce risk prior to a transition decision. Expected outcomes include a measurable improvement in mission completion rate and a documented transition path informed by operational stakeholder feedback.,Autonomy,2023,1025000,Cascade Labs,Code-32,Public-Mock,seed-initial-2026,2023-06-13T18:06:25+00:00
ONRD-2023-USEA-00157,Modular Synthetic Aperture Sonar Imaging for Undersea Cable Route Surveying,"This effort develops synthetic aperture sonar imaging to address persistent acoustic signature reduction-driven challenges in undersea cable route surveying. Research activities include algorithm development, hydrodynamic hull-form optimization integration, and iterative field evaluation to quantify gains in localization error. Expected outcomes include a measurable improvement in localization error and a documented transition path informed by operational stakeholder feedback. Key technical risks include acoustic signature reduction and constrained depth-rated housings, which will be tracked via quarterly milestone reviews.",Undersea,2023,58000,Bluewater Advanced Systems Group,Code-30,CUI-Mock,seed-initial-2026,2023-01-10T11:28:05+00:00
ONRD-2023-AUTO-00158,Low-Latency Swarm Coordination Algorithms for Contested-environment Navigation,"This effort develops swarm coordination algorithms to address persistent degraded communications-driven challenges in contested-environment navigation. The performer will design, implement, and evaluate a prototype capability, validating performance against autonomy assurance-related benchmarks under realistic operational conditions. Expected outcomes include a measurable improvement in navigation drift and a documented transition path informed by operational stakeholder feedback. A principal risk to schedule is autonomy assurance; the performer will mitigate this through early prototyping and government checkpoint reviews.",Autonomy,2023,202000,Cinderpoint Robotics Corp.,Code-32,CUI-Mock,seed-initial-2026,2023-03-05T12:20:52+00:00
ONRD-2023-USEA-00159,Advancing undersea acoustic communications to Improve littoral mine-countermeasure operations,This effort develops undersea acoustic communications to address persistent acoustic signature reduction-driven challenges in littoral mine-countermeasure operations. The team will conduct a phased study combining autonomous underwater vehicle (AUV) navigation with legacy system integration to reduce risk prior to a transition decision. Expected outcomes include a measurable improvement in signal-to-noise ratio and a documented transition path informed by operational stakeholder feedback. A principal risk to schedule is bathymetric uncertainty; the performer will mitigate this through early prototyping and government checkpoint reviews.,Undersea,2023,201000,Redshift Advanced Systems Group,Code-35,CUI-Mock,seed-initial-2026,2023-07-25T17:07:17+00:00
ONRD-2023-QNTM-00160,Energy-Efficient Photonic Quantum Sensing for Precision Timing for Distributed Platforms,"This effort develops photonic quantum sensing to address persistent cryogenic control electronics-driven challenges in precision timing for distributed platforms. Research activities include algorithm development, trapped-ion qubit control integration, and iterative field evaluation to quantify gains in qubit fidelity. Expected outcomes include a measurable improvement in qubit fidelity and a documented transition path informed by operational stakeholder feedback. Key technical risks include entanglement distribution and constrained qubit fidelity, which will be tracked via quarterly milestone reviews.",Quantum,2023,737000,Silverline Labs,Code-35,CUI-Mock,seed-initial-2026,2023-04-03T18:55:49+00:00
ONRD-2023-CYBR-00161,Resilient Approaches to Tactical Edge Cyber Resilience via Anomaly-based Intrusion Detection,This effort develops anomaly-based intrusion detection to address persistent lateral movement-driven challenges in tactical edge cyber resilience. The team will conduct a phased study combining zero-trust network architecture design with legacy system integration to reduce risk prior to a transition decision. Expected outcomes include a measurable improvement in patch latency and a documented transition path informed by operational stakeholder feedback.,Cyber,2023,5837000,University of Driftwood,ONR-Corporate,Public-Mock,seed-initial-2026,2023-02-03T17:27:59+00:00
ONRD-2023-CYBR-00162,Phase II: Secure Software-defined Networking for Shipboard Combat-system Network Hardening,This effort develops secure software-defined networking to address persistent lateral movement-driven challenges in shipboard combat-system network hardening. The team will conduct a phased study combining supply-chain firmware attestation with legacy system integration to reduce risk prior to a transition decision. Expected outcomes include a measurable improvement in false-positive rate and a documented transition path informed by operational stakeholder feedback.,Cyber,2023,2928000,Foxglove Robotics Corp.,ONR-Corporate,CUI-Mock,seed-initial-2026,2022-12-14T16:42:48+00:00
ONRD-2023-AIML-00163,Advancing explainable neural inference to Improve command-and-control decision support,"This effort develops explainable neural inference to address persistent edge deployment-driven challenges in command-and-control decision support. The performer will design, implement, and evaluate a prototype capability, validating performance against training-data scarcity-related benchmarks under realistic operational conditions. Expected outcomes include a measurable improvement in false-alarm rate and a documented transition path informed by operational stakeholder feedback. Key technical risks include trust calibration and constrained latency, which will be tracked via quarterly milestone reviews.",AI/ML,2023,636000,Palisade State University,Code-30,CUI-Mock,seed-initial-2026,2023-05-09T11:41:55+00:00
ONRD-2023-DEWX-00164,Resilient Approaches to Directed-energy Weapon Test-bed Evaluation via High-energy Laser Beam Control,"This effort develops high-energy laser beam control to address persistent duty-cycle limits-driven challenges in directed-energy weapon test-bed evaluation. Research activities include algorithm development, thermal management for solid-state lasers integration, and iterative field evaluation to quantify gains in engagement range. Expected outcomes include a measurable improvement in engagement range and a documented transition path informed by operational stakeholder feedback. Key technical risks include beam quality and constrained duty-cycle limits, which will be tracked via quarterly milestone reviews.",Directed Energy,2023,7853000,University of Farview,Code-30,CUI-Mock,seed-initial-2026,2023-02-05T13:52:34+00:00
ONRD-2023-CYBR-00165,Adaptive Zero-trust Network Architecture Design for Cross-domain Solution Assurance,"This effort develops zero-trust network architecture design to address persistent lateral movement-driven challenges in cross-domain solution assurance. The performer will design, implement, and evaluate a prototype capability, validating performance against zero-day exposure-related benchmarks under realistic operational conditions. Expected outcomes include a measurable improvement in false-positive rate and a documented transition path informed by operational stakeholder feedback.",Cyber,2023,414000,University of Harborlight,Code-30,CUI-Mock,seed-initial-2026,2023-04-28T18:25:46+00:00
ONRD-2023-USEA-00166,Phase II: Hydrodynamic Hull-form Optimization for Seabed Mapping,"This effort develops hydrodynamic hull-form optimization to address persistent ambient ocean noise-driven challenges in seabed mapping. The performer will design, implement, and evaluate a prototype capability, validating performance against depth-rated housings-related benchmarks under realistic operational conditions. Expected outcomes include a measurable improvement in signal-to-noise ratio and a documented transition path informed by operational stakeholder feedback. A principal risk to schedule is depth-rated housings; the performer will mitigate this through early prototyping and government checkpoint reviews.",Undersea,2023,4175000,Foxglove Applied Research LLC,Code-30,CUI-Mock,seed-initial-2026,2023-05-25T17:46:11+00:00
ONRD-2023-AUTO-00167,Toward adaptive behavior-tree mission planning: Implications for unmanned surface vessel (USV) picket lines,"This effort develops behavior-tree mission planning to address persistent autonomy assurance-driven challenges in unmanned surface vessel (USV) picket lines. The team will conduct a phased study combining swarm coordination algorithms with legacy system integration to reduce risk prior to a transition decision. Expected outcomes include a measurable improvement in mission completion rate and a documented transition path informed by operational stakeholder feedback. Key technical risks include autonomy assurance and constrained swarm resilience, which will be tracked via quarterly milestone reviews.",Autonomy,2023,202000,University of Meridian,ONR-Corporate,CUI-Mock,seed-initial-2026,2023-06-18T11:09:46+00:00
ONRD-2023-AIML-00168,Bayesian Uncertainty Quantification for Adversarial Threat Classification,"This effort develops Bayesian uncertainty quantification to address persistent edge deployment-driven challenges in adversarial threat classification. Research activities include algorithm development, federated learning integration, and iterative field evaluation to quantify gains in inference latency. Expected outcomes include a measurable improvement in inference latency and a documented transition path informed by operational stakeholder feedback. Key technical risks include trust calibration and constrained edge deployment, which will be tracked via quarterly milestone reviews.",AI/ML,2023,2308000,Foxglove Institute of Technology,Code-32,CUI-Mock,seed-initial-2026,2023-08-12T07:39:33+00:00
ONRD-2023-AUTO-00169,Toward modular behavior-tree mission planning: Implications for autonomous convoy escort,"This effort develops behavior-tree mission planning to address persistent onboard compute limits-driven challenges in autonomous convoy escort. The team will conduct a phased study combining swarm coordination algorithms with legacy system integration to reduce risk prior to a transition decision. Expected outcomes include a measurable improvement in time-to-reroute and a documented transition path informed by operational stakeholder feedback. Key technical risks include onboard compute limits and constrained degraded communications, which will be tracked via quarterly milestone reviews.",Autonomy,2023,853000,University of Stonebridge,ONR-Corporate,CUI-Mock,seed-initial-2026,2023-09-04T10:13:38+00:00
ONRD-2023-DEWX-00170,Advancing high-energy laser beam control to Improve atmospheric propagation modeling,"This effort develops high-energy laser beam control to address persistent duty-cycle limits-driven challenges in atmospheric propagation modeling. Research activities include algorithm development, adaptive optics wavefront correction integration, and iterative field evaluation to quantify gains in beam quality factor. Expected outcomes include a measurable improvement in beam quality factor and a documented transition path informed by operational stakeholder feedback.",Directed Energy,2023,1321000,Copperline College of Engineering,Code-34,CUI-Mock,seed-initial-2026,2023-01-04T14:18:21+00:00
ONRD-2023-USEA-00171,Toward robust undersea acoustic communications: Implications for anti-submarine warfare (ASW) sensor networks,"This effort develops undersea acoustic communications to address persistent acoustic signature reduction-driven challenges in anti-submarine warfare (ASW) sensor networks. Research activities include algorithm development, synthetic aperture sonar imaging integration, and iterative field evaluation to quantify gains in endurance. Expected outcomes include a measurable improvement in endurance and a documented transition path informed by operational stakeholder feedback. Key technical risks include bathymetric uncertainty and constrained ambient ocean noise, which will be tracked via quarterly milestone reviews.",Undersea,2023,85000,University of Beacon,Code-30,CUI-Mock,seed-initial-2026,2023-04-26T14:12:28+00:00
ONRD-2023-AUTO-00172,Behavior-tree Mission Planning for Unmanned Surface Vessel (USV) Picket Lines,"This effort develops behavior-tree mission planning to address persistent onboard compute limits-driven challenges in unmanned surface vessel (USV) picket lines. Research activities include algorithm development, swarm coordination algorithms integration, and iterative field evaluation to quantify gains in time-to-reroute. Expected outcomes include a measurable improvement in time-to-reroute and a documented transition path informed by operational stakeholder feedback.",Autonomy,2023,362000,University of Ironclad,Code-35,CUI-Mock,seed-initial-2026,2023-01-25T14:43:50+00:00
ONRD-2023-MATL-00173,Energy-Efficient Corrosion-resistant Coating Development for Thermal-protection Systems for Hypersonic Platforms,"This effort develops corrosion-resistant coating development to address persistent fatigue life-driven challenges in thermal-protection systems for hypersonic platforms. Research activities include algorithm development, additive manufacturing process qualification integration, and iterative field evaluation to quantify gains in thermal tolerance. Expected outcomes include a measurable improvement in thermal tolerance and a documented transition path informed by operational stakeholder feedback. A principal risk to schedule is fatigue life; the performer will mitigate this through early prototyping and government checkpoint reviews.",Materials,2023,194000,University of Farview,Code-34,CUI-Mock,seed-initial-2026,2022-10-24T16:21:19+00:00
ONRD-2023-AUTO-00174,Toward modular model-predictive control: Implications for contested-environment navigation,"This effort develops model-predictive control to address persistent onboard compute limits-driven challenges in contested-environment navigation. Research activities include algorithm development, cooperative multi-vehicle routing integration, and iterative field evaluation to quantify gains in mission completion rate. Expected outcomes include a measurable improvement in mission completion rate and a documented transition path informed by operational stakeholder feedback. A principal risk to schedule is degraded communications; the performer will mitigate this through early prototyping and government checkpoint reviews.",Autonomy,2023,461000,University of Sable,Code-31,CUI-Mock,seed-initial-2026,2023-08-25T15:24:25+00:00
ONRD-2023-DEWX-00175,Advancing thermal management for solid-state lasers to Improve directed-energy weapon test-bed evaluation,"This effort develops thermal management for solid-state lasers to address persistent thermal blooming-driven challenges in directed-energy weapon test-bed evaluation. The team will conduct a phased study combining high-energy laser beam control with legacy system integration to reduce risk prior to a transition decision. Expected outcomes include a measurable improvement in beam quality factor and a documented transition path informed by operational stakeholder feedback. Key technical risks include thermal blooming and constrained power density, which will be tracked via quarterly milestone reviews.",Directed Energy,2023,477000,Duskwater State University,ONR-Corporate,CUI-Mock,seed-initial-2026,2023-04-16T14:23:13+00:00
ONRD-2023-BIOT-00176,Toward robust biomarker-based fatigue detection: Implications for biofilm-resistant hull coatings,"This effort develops biomarker-based fatigue detection to address persistent assay sensitivity-driven challenges in biofilm-resistant hull coatings. Research activities include algorithm development, synthetic biology pathway engineering integration, and iterative field evaluation to quantify gains in diagnostic turnaround time. Expected outcomes include a measurable improvement in diagnostic turnaround time and a documented transition path informed by operational stakeholder feedback. A principal risk to schedule is biomarker specificity; the performer will mitigate this through early prototyping and government checkpoint reviews.",Biotech,2023,648000,University of Ironclad,Code-32,CUI-Mock,seed-initial-2026,2023-09-06T14:34:24+00:00
ONRD-2023-CYBR-00177,Field-Deployable Secure Software-defined Networking for Industrial-control-system (ICS) Protection for Propulsion Systems,"This effort develops secure software-defined networking to address persistent zero-day exposure-driven challenges in industrial-control-system (ICS) protection for propulsion systems. Research activities include algorithm development, zero-trust network architecture design integration, and iterative field evaluation to quantify gains in mean time to detect. Expected outcomes include a measurable improvement in mean time to detect and a documented transition path informed by operational stakeholder feedback. Key technical risks include zero-day exposure and constrained cyber-physical resilience, which will be tracked via quarterly milestone reviews.",Cyber,2023,939000,University of Northgate,Code-30,CUI-Mock,seed-initial-2026,2023-02-28T09:05:32+00:00
ONRD-2023-USEA-00178,Toward scalable low-frequency active sonar waveform design: Implications for anti-submarine warfare (ASW) sensor networks,"This effort develops low-frequency active sonar waveform design to address persistent depth-rated housings-driven challenges in anti-submarine warfare (ASW) sensor networks. Research activities include algorithm development, autonomous underwater vehicle (AUV) navigation integration, and iterative field evaluation to quantify gains in localization error. Expected outcomes include a measurable improvement in localization error and a documented transition path informed by operational stakeholder feedback.",Undersea,2023,185000,Bluewater Polytechnic University,Code-31,CUI-Mock,seed-initial-2026,2023-07-31T13:48:22+00:00
ONRD-2023-MATL-00179,Toward field-deployable self-healing polymer synthesis: Implications for battery electrode materials,This effort develops self-healing polymer synthesis to address persistent specific strength-driven challenges in battery electrode materials. The team will conduct a phased study combining high-entropy alloy design with legacy system integration to reduce risk prior to a transition decision. Expected outcomes include a measurable improvement in thermal tolerance and a documented transition path informed by operational stakeholder feedback.,Materials,2023,974000,Wraith Analytics Inc.,Code-31,CUI-Mock,seed-initial-2026,2023-07-18T10:53:53+00:00
ONRD-2023-AUTO-00180,Toward field-deployable onboard perception-to-action pipelines: Implications for autonomous convoy escort,"This effort develops onboard perception-to-action pipelines to address persistent degraded communications-driven challenges in autonomous convoy escort. The performer will design, implement, and evaluate a prototype capability, validating performance against autonomy assurance-related benchmarks under realistic operational conditions. Expected outcomes include a measurable improvement in navigation drift and a documented transition path informed by operational stakeholder feedback.",Autonomy,2023,141000,University of Cinderpoint,Code-32,CUI-Mock,seed-initial-2026,2022-10-16T12:17:30+00:00
ONRD-2023-MATL-00181,Additive Manufacturing Process Qualification for Battery Electrode Materials,"This effort develops additive manufacturing process qualification to address persistent specific strength-driven challenges in battery electrode materials. Research activities include algorithm development, high-entropy alloy design integration, and iterative field evaluation to quantify gains in corrosion rate. Expected outcomes include a measurable improvement in corrosion rate and a documented transition path informed by operational stakeholder feedback.",Materials,2023,686000,Vantage Robotics Corp.,Code-32,CUI-Mock,seed-initial-2026,2022-10-08T10:41:01+00:00
ONRD-2023-DEWX-00182,Toward energy-efficient high-energy laser beam control: Implications for directed-energy weapon test-bed evaluation,"This effort develops high-energy laser beam control to address persistent power density-driven challenges in directed-energy weapon test-bed evaluation. The team will conduct a phased study combining adaptive optics wavefront correction with legacy system integration to reduce risk prior to a transition decision. Expected outcomes include a measurable improvement in duty cycle and a documented transition path informed by operational stakeholder feedback. Key technical risks include duty-cycle limits and constrained power density, which will be tracked via quarterly milestone reviews.",Directed Energy,2023,156000,Vantage Robotics Corp.,Code-34,CUI-Mock,seed-initial-2026,2023-02-08T08:14:08+00:00
ONRD-2023-CYBR-00183,Phase I: Adversarial Machine-learning Defense for Shipboard Combat-system Network Hardening,This effort develops adversarial machine-learning defense to address persistent zero-day exposure-driven challenges in shipboard combat-system network hardening. The team will conduct a phased study combining zero-trust network architecture design with legacy system integration to reduce risk prior to a transition decision. Expected outcomes include a measurable improvement in mean time to detect and a documented transition path informed by operational stakeholder feedback.,Cyber,2023,86000,Beacon State University,Code-32,CUI-Mock,seed-initial-2026,2023-05-21T17:42:07+00:00
ONRD-2023-AIML-00184,Toward low-latency explainable neural inference: Implications for natural-language mission planning,"This effort develops explainable neural inference to address persistent training-data scarcity-driven challenges in natural-language mission planning. The performer will design, implement, and evaluate a prototype capability, validating performance against latency-related benchmarks under realistic operational conditions. Expected outcomes include a measurable improvement in false-alarm rate and a documented transition path informed by operational stakeholder feedback. Key technical risks include latency and constrained trust calibration, which will be tracked via quarterly milestone reviews.",AI/ML,2023,240000,Granite Applied Research LLC,Code-30,CUI-Mock,seed-initial-2026,2023-03-06T11:02:53+00:00
ONRD-2023-DEWX-00185,Advancing thermal management for solid-state lasers to Improve directed-energy weapon test-bed evaluation,"This effort develops thermal management for solid-state lasers to address persistent duty-cycle limits-driven challenges in directed-energy weapon test-bed evaluation. Research activities include algorithm development, high-energy laser beam control integration, and iterative field evaluation to quantify gains in engagement range. Expected outcomes include a measurable improvement in engagement range and a documented transition path informed by operational stakeholder feedback.",Directed Energy,2023,1099000,University of Stonebridge,Code-31,CUI-Mock,seed-initial-2026,2022-10-18T15:16:52+00:00
ONRD-2023-QNTM-00186,High-Fidelity Approaches to Precision Timing for Distributed Platforms via Quantum-secure Communications,"This effort develops quantum-secure communications to address persistent decoherence-driven challenges in precision timing for distributed platforms. Research activities include algorithm development, quantum-enhanced magnetometry integration, and iterative field evaluation to quantify gains in qubit fidelity. Expected outcomes include a measurable improvement in qubit fidelity and a documented transition path informed by operational stakeholder feedback. Key technical risks include decoherence and constrained cryogenic control electronics, which will be tracked via quarterly milestone reviews.",Quantum,2023,2065000,Bluewater Applied Research LLC,Code-31,CUI-Mock,seed-initial-2026,2023-05-17T15:02:46+00:00
ONRD-2023-AUTO-00187,Low-Latency Approaches to Group Unmanned Aerial System (UAS) Reconnaissance via Cooperative Multi-vehicle Routing,"This effort develops cooperative multi-vehicle routing to address persistent autonomy assurance-driven challenges in group unmanned aerial system (UAS) reconnaissance. Research activities include algorithm development, swarm coordination algorithms integration, and iterative field evaluation to quantify gains in time-to-reroute. Expected outcomes include a measurable improvement in time-to-reroute and a documented transition path informed by operational stakeholder feedback. A principal risk to schedule is degraded communications; the performer will mitigate this through early prototyping and government checkpoint reviews.",Autonomy,2023,519000,Wraith Labs,Code-31,CUI-Mock,seed-initial-2026,2022-10-29T09:38:55+00:00
ONRD-2023-CYBR-00188,Energy-Efficient Zero-trust Network Architecture Design for Industrial-control-system (ICS) Protection for Propulsion Systems,"This effort develops zero-trust network architecture design to address persistent cyber-physical resilience-driven challenges in industrial-control-system (ICS) protection for propulsion systems. The performer will design, implement, and evaluate a prototype capability, validating performance against zero-day exposure-related benchmarks under realistic operational conditions. Expected outcomes include a measurable improvement in patch latency and a documented transition path informed by operational stakeholder feedback. A principal risk to schedule is attack surface; the performer will mitigate this through early prototyping and government checkpoint reviews.",Cyber,2023,146000,Ironclad Applied Research LLC,Code-31,CUI-Mock,seed-initial-2026,2023-05-13T08:30:49+00:00
ONRD-2023-BIOT-00189,Toward field-deployable biomarker-based fatigue detection: Implications for rapid diagnostic triage in austere environments,"This effort develops biomarker-based fatigue detection to address persistent physiological baseline-driven challenges in rapid diagnostic triage in austere environments. Research activities include algorithm development, microbiome-based biofouling mitigation integration, and iterative field evaluation to quantify gains in diagnostic turnaround time. Expected outcomes include a measurable improvement in diagnostic turnaround time and a documented transition path informed by operational stakeholder feedback.",Biotech,2023,135000,Silverline Robotics Corp.,Code-34,CUI-Mock,seed-initial-2026,2023-07-05T13:39:45+00:00
ONRD-2023-AUTO-00190,Energy-Efficient Approaches to GPS-denied Waypoint Following via Model-predictive Control,"This effort develops model-predictive control to address persistent degraded communications-driven challenges in GPS-denied waypoint following. Research activities include algorithm development, behavior-tree mission planning integration, and iterative field evaluation to quantify gains in time-to-reroute. Expected outcomes include a measurable improvement in time-to-reroute and a documented transition path informed by operational stakeholder feedback.",Autonomy,2023,146000,Summit State University,Code-30,CUI-Mock,seed-initial-2026,2023-04-25T09:29:11+00:00
ONRD-2023-AUTO-00191,Phase III: Distributed Task Allocation for Contested-environment Navigation,This effort develops distributed task allocation to address persistent swarm resilience-driven challenges in contested-environment navigation. The team will conduct a phased study combining cooperative multi-vehicle routing with legacy system integration to reduce risk prior to a transition decision. Expected outcomes include a measurable improvement in mission completion rate and a documented transition path informed by operational stakeholder feedback.,Autonomy,2023,1357000,University of Halcyon,Code-30,CUI-Mock,seed-initial-2026,2023-06-14T15:48:06+00:00
ONRD-2023-AUTO-00192,Scalable Onboard Perception-to-action Pipelines for Unmanned Surface Vessel (USV) Picket Lines,This effort develops onboard perception-to-action pipelines to address persistent onboard compute limits-driven challenges in unmanned surface vessel (USV) picket lines. The team will conduct a phased study combining behavior-tree mission planning with legacy system integration to reduce risk prior to a transition decision. Expected outcomes include a measurable improvement in swarm coordination overhead and a documented transition path informed by operational stakeholder feedback. A principal risk to schedule is autonomy assurance; the performer will mitigate this through early prototyping and government checkpoint reviews.,Autonomy,2023,934000,Beacon Labs,Code-34,CUI-Mock,seed-initial-2026,2023-07-20T12:27:34+00:00
ONRD-2023-CYBR-00193,Adversarial Machine-learning Defense for Cross-domain Solution Assurance,"This effort develops adversarial machine-learning defense to address persistent cyber-physical resilience-driven challenges in cross-domain solution assurance. The performer will design, implement, and evaluate a prototype capability, validating performance against zero-day exposure-related benchmarks under realistic operational conditions. Expected outcomes include a measurable improvement in mean time to detect and a documented transition path informed by operational stakeholder feedback. A principal risk to schedule is cyber-physical resilience; the performer will mitigate this through early prototyping and government checkpoint reviews.",Cyber,2023,525000,Farview Applied Research LLC,Code-32,CUI-Mock,seed-initial-2026,2023-03-02T10:07:01+00:00
ONRD-2023-AUTO-00194,Phase III: Distributed Task Allocation for GPS-denied Waypoint Following,"This effort develops distributed task allocation to address persistent autonomy assurance-driven challenges in GPS-denied waypoint following. The performer will design, implement, and evaluate a prototype capability, validating performance against degraded communications-related benchmarks under realistic operational conditions. Expected outcomes include a measurable improvement in navigation drift and a documented transition path informed by operational stakeholder feedback. Key technical risks include onboard compute limits and constrained degraded communications, which will be tracked via quarterly milestone reviews.",Autonomy,2023,710000,Beacon Institute of Technology,Code-30,CUI-Mock,seed-initial-2026,2023-05-29T18:12:46+00:00
ONRD-2023-MATL-00195,Advancing corrosion-resistant coating development to Improve lightweight airframe structures,"This effort develops corrosion-resistant coating development to address persistent corrosion rate-driven challenges in lightweight airframe structures. The performer will design, implement, and evaluate a prototype capability, validating performance against fracture toughness-related benchmarks under realistic operational conditions. Expected outcomes include a measurable improvement in specific strength and a documented transition path informed by operational stakeholder feedback. A principal risk to schedule is corrosion rate; the performer will mitigate this through early prototyping and government checkpoint reviews.",Materials,2023,67000,Farview College of Engineering,Code-34,CUI-Mock,seed-initial-2026,2022-12-08T08:18:33+00:00
ONRD-2023-AUTO-00196,Toward low-latency behavior-tree mission planning: Implications for group unmanned aerial system (UAS) reconnaissance,"This effort develops behavior-tree mission planning to address persistent autonomy assurance-driven challenges in group unmanned aerial system (UAS) reconnaissance. The performer will design, implement, and evaluate a prototype capability, validating performance against swarm resilience-related benchmarks under realistic operational conditions. Expected outcomes include a measurable improvement in time-to-reroute and a documented transition path informed by operational stakeholder feedback.",Autonomy,2023,2919000,"Sable Systems, Inc.",Code-31,CUI-Mock,seed-initial-2026,2023-06-01T15:22:12+00:00
ONRD-2023-QNTM-00197,Modular Quantum Key Distribution Protocol Design for Precision Timing for Distributed Platforms,"This effort develops quantum key distribution protocol design to address persistent decoherence-driven challenges in precision timing for distributed platforms. The performer will design, implement, and evaluate a prototype capability, validating performance against qubit fidelity-related benchmarks under realistic operational conditions. Expected outcomes include a measurable improvement in sensor sensitivity and a documented transition path informed by operational stakeholder feedback.",Quantum,2023,2909000,Copperline Defense Technologies,Code-35,CUI-Mock,seed-initial-2026,2023-03-11T18:01:33+00:00
ONRD-2023-AIML-00198,Toward robust explainable neural inference: Implications for sensor fusion for contested environments,This effort develops explainable neural inference to address persistent edge deployment-driven challenges in sensor fusion for contested environments. The team will conduct a phased study combining graph neural network reasoning with legacy system integration to reduce risk prior to a transition decision. Expected outcomes include a measurable improvement in false-alarm rate and a documented transition path informed by operational stakeholder feedback.,AI/ML,2023,132000,Copperline Dynamics Corp.,Code-34,CUI-Mock,seed-initial-2026,2023-02-04T13:17:52+00:00
ONRD-2023-AIML-00199,Resilient Approaches to Natural-language Mission Planning via Transformer-based Sequence Modeling,This effort develops transformer-based sequence modeling to address persistent latency-driven challenges in natural-language mission planning. The team will conduct a phased study combining human-machine teaming policy optimization with legacy system integration to reduce risk prior to a transition decision. Expected outcomes include a measurable improvement in inference latency and a documented transition path informed by operational stakeholder feedback.,AI/ML,2023,1389000,Northgate Advanced Systems Group,Code-34,Public-Mock,seed-initial-2026,2022-10-24T14:19:42+00:00
ONRD-2023-MATL-00200,Advancing composite laminate fatigue characterization to Improve hull coating for biofouling resistance,"This effort develops composite laminate fatigue characterization to address persistent fracture toughness-driven challenges in hull coating for biofouling resistance. Research activities include algorithm development, corrosion-resistant coating development integration, and iterative field evaluation to quantify gains in specific strength. Expected outcomes include a measurable improvement in specific strength and a documented transition path informed by operational stakeholder feedback. A principal risk to schedule is specific strength; the performer will mitigate this through early prototyping and government checkpoint reviews.",Materials,2023,233000,Amberfield Advanced Systems Group,Code-35,CUI-Mock,seed-initial-2026,2023-05-07T13:43:23+00:00
ONRD-2023-DEWX-00201,Resilient Approaches to Directed-energy Weapon Test-bed Evaluation via High-power Microwave Source Design,"This effort develops high-power microwave source design to address persistent power density-driven challenges in directed-energy weapon test-bed evaluation. The performer will design, implement, and evaluate a prototype capability, validating performance against duty-cycle limits-related benchmarks under realistic operational conditions. Expected outcomes include a measurable improvement in beam quality factor and a documented transition path informed by operational stakeholder feedback. A principal risk to schedule is thermal blooming; the performer will mitigate this through early prototyping and government checkpoint reviews.",Directed Energy,2023,5602000,Bluewater Polytechnic University,Code-31,CUI-Mock,seed-initial-2026,2023-07-25T16:11:09+00:00
ONRD-2023-BIOT-00202,Advancing microbiome-based biofouling mitigation to Improve cold-chain-free vaccine stabilization,"This effort develops microbiome-based biofouling mitigation to address persistent field ruggedization-driven challenges in cold-chain-free vaccine stabilization. Research activities include algorithm development, field-deployable diagnostic assay development integration, and iterative field evaluation to quantify gains in shelf stability. Expected outcomes include a measurable improvement in shelf stability and a documented transition path informed by operational stakeholder feedback.",Biotech,2023,79000,Foxglove Defense Technologies,Code-35,CUI-Mock,seed-initial-2026,2023-04-05T11:51:05+00:00
ONRD-2023-CYBR-00203,High-Fidelity Anomaly-based Intrusion Detection for Cross-domain Solution Assurance,"This effort develops anomaly-based intrusion detection to address persistent cyber-physical resilience-driven challenges in cross-domain solution assurance. The performer will design, implement, and evaluate a prototype capability, validating performance against zero-day exposure-related benchmarks under realistic operational conditions. Expected outcomes include a measurable improvement in false-positive rate and a documented transition path informed by operational stakeholder feedback.",Cyber,2023,3125000,Summit College of Engineering,Code-35,CUI-Mock,seed-initial-2026,2023-05-25T07:55:56+00:00
ONRD-2023-DEWX-00204,Phase II: Adaptive Optics Wavefront Correction for Shipboard Self-defense Layers,"This effort develops adaptive optics wavefront correction to address persistent duty-cycle limits-driven challenges in shipboard self-defense layers. Research activities include algorithm development, thermal management for solid-state lasers integration, and iterative field evaluation to quantify gains in engagement range. Expected outcomes include a measurable improvement in engagement range and a documented transition path informed by operational stakeholder feedback.",Directed Energy,2023,52000,Sable Polytechnic University,ONR-Corporate,CUI-Mock,seed-initial-2026,2022-11-27T07:21:16+00:00
ONRD-2024-AIML-00205,Phase III: Human-machine Teaming Policy Optimization for Predictive Maintenance for Shipboard Systems,"This effort develops human-machine teaming policy optimization to address persistent latency-driven challenges in predictive maintenance for shipboard systems. Research activities include algorithm development, explainable neural inference integration, and iterative field evaluation to quantify gains in false-alarm rate. Expected outcomes include a measurable improvement in false-alarm rate and a documented transition path informed by operational stakeholder feedback.",AI/ML,2024,896000,"Windrose Systems, Inc.",ONR-Corporate,CUI-Mock,seed-initial-2026,2024-09-08T17:46:42+00:00
ONRD-2024-USEA-00206,Phase III: Hydrodynamic Hull-form Optimization for Undersea Cable Route Surveying,"This effort develops hydrodynamic hull-form optimization to address persistent acoustic signature reduction-driven challenges in undersea cable route surveying. Research activities include algorithm development, synthetic aperture sonar imaging integration, and iterative field evaluation to quantify gains in signal-to-noise ratio. Expected outcomes include a measurable improvement in signal-to-noise ratio and a documented transition path informed by operational stakeholder feedback.",Undersea,2024,7039000,"Stonebridge Systems, Inc.",Code-32,CUI-Mock,seed-initial-2026,2023-11-22T17:08:12+00:00
ONRD-2024-MATL-00207,Modular Approaches to Thermal-protection Systems for Hypersonic Platforms via Self-healing Polymer Synthesis,"This effort develops self-healing polymer synthesis to address persistent specific strength-driven challenges in thermal-protection systems for hypersonic platforms. The team will conduct a phased study combining high-entropy alloy design with legacy system integration to reduce risk prior to a transition decision. Expected outcomes include a measurable improvement in fatigue life and a documented transition path informed by operational stakeholder feedback. Key technical risks include fatigue life and constrained fracture toughness, which will be tracked via quarterly milestone reviews.",Materials,2024,2680000,Beacon Analytics Inc.,Code-32,CUI-Mock,seed-initial-2026,2023-10-04T10:57:50+00:00
ONRD-2024-AIML-00208,Toward energy-efficient graph neural network reasoning: Implications for natural-language mission planning,"This effort develops graph neural network reasoning to address persistent model drift-driven challenges in natural-language mission planning. The performer will design, implement, and evaluate a prototype capability, validating performance against trust calibration-related benchmarks under realistic operational conditions. Expected outcomes include a measurable improvement in operator trust score and a documented transition path informed by operational stakeholder feedback. A principal risk to schedule is trust calibration; the performer will mitigate this through early prototyping and government checkpoint reviews.",AI/ML,2024,872000,Bluewater Institute of Technology,Code-30,CUI-Mock,seed-initial-2026,2024-08-11T10:08:46+00:00
ONRD-2024-DEWX-00209,Modular Adaptive Optics Wavefront Correction for Directed-energy Weapon Test-bed Evaluation,This effort develops adaptive optics wavefront correction to address persistent thermal blooming-driven challenges in directed-energy weapon test-bed evaluation. The team will conduct a phased study combining thermal management for solid-state lasers with legacy system integration to reduce risk prior to a transition decision. Expected outcomes include a measurable improvement in beam quality factor and a documented transition path informed by operational stakeholder feedback.,Directed Energy,2024,231000,Silverline Applied Research LLC,Code-30,CUI-Mock,seed-initial-2026,2024-04-18T13:15:05+00:00
ONRD-2024-MATL-00210,Adaptive Additive Manufacturing Process Qualification for Lightweight Airframe Structures,"This effort develops additive manufacturing process qualification to address persistent specific strength-driven challenges in lightweight airframe structures. Research activities include algorithm development, composite laminate fatigue characterization integration, and iterative field evaluation to quantify gains in fatigue life. Expected outcomes include a measurable improvement in fatigue life and a documented transition path informed by operational stakeholder feedback.",Materials,2024,667000,Farview Polytechnic University,Code-32,CUI-Mock,seed-initial-2026,2024-05-18T18:52:09+00:00
ONRD-2024-MATL-00211,Phase II: Corrosion-resistant Coating Development for Thermal-protection Systems for Hypersonic Platforms,"This effort develops corrosion-resistant coating development to address persistent specific strength-driven challenges in thermal-protection systems for hypersonic platforms. The performer will design, implement, and evaluate a prototype capability, validating performance against corrosion rate-related benchmarks under realistic operational conditions. Expected outcomes include a measurable improvement in corrosion rate and a documented transition path informed by operational stakeholder feedback.",Materials,2024,829000,Sable State University,Code-32,CUI-Mock,seed-initial-2026,2024-09-06T13:33:37+00:00
ONRD-2024-AUTO-00212,Field-Deployable Behavior-tree Mission Planning for Contested-environment Navigation,This effort develops behavior-tree mission planning to address persistent degraded communications-driven challenges in contested-environment navigation. The team will conduct a phased study combining distributed task allocation with legacy system integration to reduce risk prior to a transition decision. Expected outcomes include a measurable improvement in mission completion rate and a documented transition path informed by operational stakeholder feedback.,Autonomy,2024,193000,Granite Robotics Corp.,ONR-Corporate,CUI-Mock,seed-initial-2026,2023-11-28T10:34:59+00:00
ONRD-2024-CYBR-00213,Energy-Efficient Approaches to Shipboard Combat-system Network Hardening via Secure Software-defined Networking,"This effort develops secure software-defined networking to address persistent attack surface-driven challenges in shipboard combat-system network hardening. Research activities include algorithm development, supply-chain firmware attestation integration, and iterative field evaluation to quantify gains in attack-surface reduction. Expected outcomes include a measurable improvement in attack-surface reduction and a documented transition path informed by operational stakeholder feedback. A principal risk to schedule is zero-day exposure; the performer will mitigate this through early prototyping and government checkpoint reviews.",Cyber,2024,717000,Farview Dynamics Corp.,Code-32,CUI-Mock,seed-initial-2026,2024-09-13T18:00:33+00:00
ONRD-2024-USEA-00214,Phase II: Hydrodynamic Hull-form Optimization for Submarine Detection and Tracking,"This effort develops hydrodynamic hull-form optimization to address persistent acoustic signature reduction-driven challenges in submarine detection and tracking. Research activities include algorithm development, low-frequency active sonar waveform design integration, and iterative field evaluation to quantify gains in localization error. Expected outcomes include a measurable improvement in localization error and a documented transition path informed by operational stakeholder feedback.",Undersea,2024,133000,Redshift Defense Technologies,Code-32,CUI-Mock,seed-initial-2026,2024-02-19T14:24:17+00:00
ONRD-2024-CYBR-00215,Adversarial Machine-learning Defense for Industrial-control-system (ICS) Protection for Propulsion Systems,"This effort develops adversarial machine-learning defense to address persistent cyber-physical resilience-driven challenges in industrial-control-system (ICS) protection for propulsion systems. Research activities include algorithm development, supply-chain firmware attestation integration, and iterative field evaluation to quantify gains in patch latency. Expected outcomes include a measurable improvement in patch latency and a documented transition path informed by operational stakeholder feedback. A principal risk to schedule is lateral movement; the performer will mitigate this through early prototyping and government checkpoint reviews.",Cyber,2024,122000,Windrose Robotics Corp.,Code-32,CUI-Mock,seed-initial-2026,2024-01-28T18:33:21+00:00
ONRD-2024-AIML-00216,Modular Approaches to Sensor Fusion for Contested Environments via Human-machine Teaming Policy Optimization,"This effort develops human-machine teaming policy optimization to address persistent training-data scarcity-driven challenges in sensor fusion for contested environments. The performer will design, implement, and evaluate a prototype capability, validating performance against trust calibration-related benchmarks under realistic operational conditions. Expected outcomes include a measurable improvement in inference latency and a documented transition path informed by operational stakeholder feedback. A principal risk to schedule is edge deployment; the performer will mitigate this through early prototyping and government checkpoint reviews.",AI/ML,2024,2836000,Cobalt Dynamics Corp.,Code-31,CUI-Mock,seed-initial-2026,2024-08-16T15:48:40+00:00
ONRD-2024-BIOT-00217,Field-Deployable Synthetic Biology Pathway Engineering for Warfighter Fatigue and Readiness Monitoring,"This effort develops synthetic biology pathway engineering to address persistent biomarker specificity-driven challenges in warfighter fatigue and readiness monitoring. Research activities include algorithm development, biomarker-based fatigue detection integration, and iterative field evaluation to quantify gains in assay sensitivity. Expected outcomes include a measurable improvement in assay sensitivity and a documented transition path informed by operational stakeholder feedback. A principal risk to schedule is physiological baseline; the performer will mitigate this through early prototyping and government checkpoint reviews.",Biotech,2024,3763000,Granite Applied Research LLC,Code-30,CUI-Mock,seed-initial-2026,2024-04-02T10:53:20+00:00
ONRD-2024-MATL-00218,Advancing additive manufacturing process qualification to Improve thermal-protection systems for hypersonic platforms,"This effort develops additive manufacturing process qualification to address persistent specific strength-driven challenges in thermal-protection systems for hypersonic platforms. Research activities include algorithm development, corrosion-resistant coating development integration, and iterative field evaluation to quantify gains in corrosion rate. Expected outcomes include a measurable improvement in corrosion rate and a documented transition path informed by operational stakeholder feedback.",Materials,2024,5983000,University of Pelican,Code-35,CUI-Mock,seed-initial-2026,2024-03-21T12:12:10+00:00
ONRD-2024-MATL-00219,Advancing composite laminate fatigue characterization to Improve hull coating for biofouling resistance,"This effort develops composite laminate fatigue characterization to address persistent corrosion rate-driven challenges in hull coating for biofouling resistance. The performer will design, implement, and evaluate a prototype capability, validating performance against fatigue life-related benchmarks under realistic operational conditions. Expected outcomes include a measurable improvement in specific strength and a documented transition path informed by operational stakeholder feedback. A principal risk to schedule is specific strength; the performer will mitigate this through early prototyping and government checkpoint reviews.",Materials,2024,79000,Duskwater Defense Technologies,Code-34,CUI-Mock,seed-initial-2026,2024-02-08T17:26:14+00:00
ONRD-2024-CYBR-00220,Phase I: Adversarial Machine-learning Defense for Industrial-control-system (ICS) Protection for Propulsion Systems,"This effort develops adversarial machine-learning defense to address persistent attack surface-driven challenges in industrial-control-system (ICS) protection for propulsion systems. The team will conduct a phased study combining anomaly-based intrusion detection with legacy system integration to reduce risk prior to a transition decision. Expected outcomes include a measurable improvement in attack-surface reduction and a documented transition path informed by operational stakeholder feedback. Key technical risks include attack surface and constrained cyber-physical resilience, which will be tracked via quarterly milestone reviews.",Cyber,2024,975000,Cinderpoint Robotics Corp.,Code-32,CUI-Mock,seed-initial-2026,2023-11-05T10:11:35+00:00
ONRD-2024-MATL-00221,Toward adaptive composite laminate fatigue characterization: Implications for hull coating for biofouling resistance,"This effort develops composite laminate fatigue characterization to address persistent specific strength-driven challenges in hull coating for biofouling resistance. The performer will design, implement, and evaluate a prototype capability, validating performance against corrosion rate-related benchmarks under realistic operational conditions. Expected outcomes include a measurable improvement in corrosion rate and a documented transition path informed by operational stakeholder feedback.",Materials,2024,2923000,University of Longview,ONR-Corporate,CUI-Mock,seed-initial-2026,2024-09-08T14:07:11+00:00
ONRD-2024-AIML-00222,Next-Generation Multi-agent Reinforcement Learning for Command-and-control Decision Support,"This effort develops multi-agent reinforcement learning to address persistent model drift-driven challenges in command-and-control decision support. The performer will design, implement, and evaluate a prototype capability, validating performance against training-data scarcity-related benchmarks under realistic operational conditions. Expected outcomes include a measurable improvement in classification accuracy and a documented transition path informed by operational stakeholder feedback. Key technical risks include model drift and constrained training-data scarcity, which will be tracked via quarterly milestone reviews.",AI/ML,2024,859000,"Windrose Systems, Inc.",Code-32,CUI-Mock,seed-initial-2026,2024-07-17T08:47:05+00:00
ONRD-2024-MATL-00223,Toward scalable additive manufacturing process qualification: Implications for battery electrode materials,This effort develops additive manufacturing process qualification to address persistent fracture toughness-driven challenges in battery electrode materials. The team will conduct a phased study combining composite laminate fatigue characterization with legacy system integration to reduce risk prior to a transition decision. Expected outcomes include a measurable improvement in fatigue life and a documented transition path informed by operational stakeholder feedback.,Materials,2024,194000,Granite Analytics Inc.,Code-34,CUI-Mock,seed-initial-2026,2024-01-12T13:27:53+00:00
ONRD-2024-DEWX-00224,Energy-Efficient Approaches to Counter-unmanned Aerial System (C-UAS) Engagement via High-energy Laser Beam Control,"This effort develops high-energy laser beam control to address persistent power density-driven challenges in counter-unmanned aerial system (C-UAS) engagement. Research activities include algorithm development, thermal management for solid-state lasers integration, and iterative field evaluation to quantify gains in duty cycle. Expected outcomes include a measurable improvement in duty cycle and a documented transition path informed by operational stakeholder feedback.",Directed Energy,2024,2027000,Cobalt Dynamics Corp.,Code-35,CUI-Mock,seed-initial-2026,2024-03-26T13:51:37+00:00
ONRD-2024-USEA-00225,Next-Generation Low-frequency Active Sonar Waveform Design for Seabed Mapping,"This effort develops low-frequency active sonar waveform design to address persistent acoustic signature reduction-driven challenges in seabed mapping. Research activities include algorithm development, undersea acoustic communications integration, and iterative field evaluation to quantify gains in localization error. Expected outcomes include a measurable improvement in localization error and a documented transition path informed by operational stakeholder feedback. A principal risk to schedule is acoustic signature reduction; the performer will mitigate this through early prototyping and government checkpoint reviews.",Undersea,2024,211000,Cobalt Labs,Code-30,Public-Mock,seed-initial-2026,2024-03-29T07:14:06+00:00
ONRD-2024-USEA-00226,Advancing autonomous underwater vehicle (AUV) navigation to Improve seabed mapping,"This effort develops autonomous underwater vehicle (AUV) navigation to address persistent depth-rated housings-driven challenges in seabed mapping. The performer will design, implement, and evaluate a prototype capability, validating performance against ambient ocean noise-related benchmarks under realistic operational conditions. Expected outcomes include a measurable improvement in localization error and a documented transition path informed by operational stakeholder feedback.",Undersea,2024,986000,Vantage Defense Technologies,Code-35,CUI-Mock,seed-initial-2026,2024-04-21T12:16:20+00:00
ONRD-2024-QNTM-00227,Advancing photonic quantum sensing to Improve secure fleet communications,"This effort develops photonic quantum sensing to address persistent decoherence-driven challenges in secure fleet communications. Research activities include algorithm development, trapped-ion qubit control integration, and iterative field evaluation to quantify gains in key generation rate. Expected outcomes include a measurable improvement in key generation rate and a documented transition path informed by operational stakeholder feedback. A principal risk to schedule is decoherence; the performer will mitigate this through early prototyping and government checkpoint reviews.",Quantum,2024,1002000,Halcyon Robotics Corp.,Code-31,CUI-Mock,seed-initial-2026,2024-05-30T11:24:42+00:00
ONRD-2024-AUTO-00228,Phase I: Onboard Perception-to-action Pipelines for Contested-environment Navigation,"This effort develops onboard perception-to-action pipelines to address persistent autonomy assurance-driven challenges in contested-environment navigation. The performer will design, implement, and evaluate a prototype capability, validating performance against onboard compute limits-related benchmarks under realistic operational conditions. Expected outcomes include a measurable improvement in swarm coordination overhead and a documented transition path informed by operational stakeholder feedback. A principal risk to schedule is swarm resilience; the performer will mitigate this through early prototyping and government checkpoint reviews.",Autonomy,2024,124000,Copperline Advanced Systems Group,ONR-Corporate,CUI-Mock,seed-initial-2026,2024-04-01T09:58:52+00:00
ONRD-2024-AIML-00229,"Advancing explainable neural inference to Improve intelligence, surveillance, and reconnaissance (ISR) triage","This effort develops explainable neural inference to address persistent edge deployment-driven challenges in intelligence, surveillance, and reconnaissance (ISR) triage. Research activities include algorithm development, human-machine teaming policy optimization integration, and iterative field evaluation to quantify gains in inference latency. Expected outcomes include a measurable improvement in inference latency and a documented transition path informed by operational stakeholder feedback. Key technical risks include trust calibration and constrained edge deployment, which will be tracked via quarterly milestone reviews.",AI/ML,2024,977000,Longview Advanced Systems Group,Code-30,CUI-Mock,seed-initial-2026,2024-04-12T13:49:41+00:00
ONRD-2024-AIML-00230,Graph Neural Network Reasoning for Sensor Fusion for Contested Environments,"This effort develops graph neural network reasoning to address persistent edge deployment-driven challenges in sensor fusion for contested environments. The performer will design, implement, and evaluate a prototype capability, validating performance against training-data scarcity-related benchmarks under realistic operational conditions. Expected outcomes include a measurable improvement in classification accuracy and a documented transition path informed by operational stakeholder feedback. A principal risk to schedule is model drift; the performer will mitigate this through early prototyping and government checkpoint reviews.",AI/ML,2024,486000,Foxglove Labs,Code-34,CUI-Mock,seed-initial-2026,2024-01-01T18:19:56+00:00
ONRD-2024-QNTM-00231,Toward adaptive quantum error-correction code development: Implications for secure fleet communications,"This effort develops quantum error-correction code development to address persistent decoherence-driven challenges in secure fleet communications. The performer will design, implement, and evaluate a prototype capability, validating performance against qubit fidelity-related benchmarks under realistic operational conditions. Expected outcomes include a measurable improvement in qubit fidelity and a documented transition path informed by operational stakeholder feedback.",Quantum,2024,108000,Cobalt Polytechnic University,Code-30,CUI-Mock,seed-initial-2026,2024-01-06T16:54:19+00:00
ONRD-2024-USEA-00232,Robust Approaches to Undersea Cable Route Surveying via Passive Acoustic Signal Processing,This effort develops passive acoustic signal processing to address persistent bathymetric uncertainty-driven challenges in undersea cable route surveying. The team will conduct a phased study combining undersea acoustic communications with legacy system integration to reduce risk prior to a transition decision. Expected outcomes include a measurable improvement in localization error and a documented transition path informed by operational stakeholder feedback.,Undersea,2024,242000,University of Highland,Code-32,CUI-Mock,seed-initial-2026,2024-04-08T13:57:33+00:00
ONRD-2024-AUTO-00233,Toward resilient distributed task allocation: Implications for unmanned surface vessel (USV) picket lines,This effort develops distributed task allocation to address persistent degraded communications-driven challenges in unmanned surface vessel (USV) picket lines. The team will conduct a phased study combining onboard perception-to-action pipelines with legacy system integration to reduce risk prior to a transition decision. Expected outcomes include a measurable improvement in time-to-reroute and a documented transition path informed by operational stakeholder feedback. A principal risk to schedule is degraded communications; the performer will mitigate this through early prototyping and government checkpoint reviews.,Autonomy,2024,373000,University of Highland,Code-34,CUI-Mock,seed-initial-2026,2023-12-24T13:36:47+00:00
ONRD-2024-QNTM-00234,Advancing quantum error-correction code development to Improve gravimetric anomaly detection,"This effort develops quantum error-correction code development to address persistent entanglement distribution-driven challenges in gravimetric anomaly detection. The performer will design, implement, and evaluate a prototype capability, validating performance against qubit fidelity-related benchmarks under realistic operational conditions. Expected outcomes include a measurable improvement in key generation rate and a documented transition path informed by operational stakeholder feedback. A principal risk to schedule is entanglement distribution; the performer will mitigate this through early prototyping and government checkpoint reviews.",Quantum,2024,937000,Pelican Defense Technologies,Code-30,CUI-Mock,seed-initial-2026,2024-07-15T11:57:42+00:00
ONRD-2024-BIOT-00235,Advancing field-deployable diagnostic assay development to Improve biofilm-resistant hull coatings,This effort develops field-deployable diagnostic assay development to address persistent field ruggedization-driven challenges in biofilm-resistant hull coatings. The team will conduct a phased study combining synthetic biology pathway engineering with legacy system integration to reduce risk prior to a transition decision. Expected outcomes include a measurable improvement in assay sensitivity and a documented transition path informed by operational stakeholder feedback.,Biotech,2024,245000,Vantage Advanced Systems Group,Code-32,CUI-Mock,seed-initial-2026,2024-03-08T11:50:14+00:00
ONRD-2024-AUTO-00236,Model-predictive Control for Unmanned Surface Vessel (USV) Picket Lines,"This effort develops model-predictive control to address persistent degraded communications-driven challenges in unmanned surface vessel (USV) picket lines. Research activities include algorithm development, onboard perception-to-action pipelines integration, and iterative field evaluation to quantify gains in mission completion rate. Expected outcomes include a measurable improvement in mission completion rate and a documented transition path informed by operational stakeholder feedback.",Autonomy,2024,811000,Palisade Analytics Inc.,ONR-Corporate,CUI-Mock,seed-initial-2026,2024-06-22T14:34:07+00:00
ONRD-2024-CYBR-00237,High-Fidelity Supply-chain Firmware Attestation for Shipboard Combat-system Network Hardening,This effort develops supply-chain firmware attestation to address persistent zero-day exposure-driven challenges in shipboard combat-system network hardening. The team will conduct a phased study combining secure software-defined networking with legacy system integration to reduce risk prior to a transition decision. Expected outcomes include a measurable improvement in attack-surface reduction and a documented transition path informed by operational stakeholder feedback.,Cyber,2024,2809000,Amberfield Advanced Systems Group,Code-34,CUI-Mock,seed-initial-2026,2023-10-02T18:20:18+00:00
ONRD-2024-AUTO-00238,Phase I: Swarm Coordination Algorithms for GPS-denied Waypoint Following,"This effort develops swarm coordination algorithms to address persistent degraded communications-driven challenges in GPS-denied waypoint following. Research activities include algorithm development, model-predictive control integration, and iterative field evaluation to quantify gains in mission completion rate. Expected outcomes include a measurable improvement in mission completion rate and a documented transition path informed by operational stakeholder feedback. Key technical risks include onboard compute limits and constrained degraded communications, which will be tracked via quarterly milestone reviews.",Autonomy,2024,632000,"Ironclad Systems, Inc.",Code-32,CUI-Mock,seed-initial-2026,2024-05-07T18:58:59+00:00
ONRD-2024-DEWX-00239,Robust Approaches to Directed-energy Weapon Test-bed Evaluation via Pulsed-power System Integration,"This effort develops pulsed-power system integration to address persistent duty-cycle limits-driven challenges in directed-energy weapon test-bed evaluation. Research activities include algorithm development, thermal management for solid-state lasers integration, and iterative field evaluation to quantify gains in engagement range. Expected outcomes include a measurable improvement in engagement range and a documented transition path informed by operational stakeholder feedback.",Directed Energy,2024,174000,Beacon Applied Research LLC,Code-31,CUI-Mock,seed-initial-2026,2024-06-01T08:48:54+00:00
ONRD-2024-DEWX-00240,Robust Approaches to Atmospheric Propagation Modeling via Adaptive Optics Wavefront Correction,"This effort develops adaptive optics wavefront correction to address persistent thermal blooming-driven challenges in atmospheric propagation modeling. Research activities include algorithm development, pulsed-power system integration integration, and iterative field evaluation to quantify gains in time-on-target. Expected outcomes include a measurable improvement in time-on-target and a documented transition path informed by operational stakeholder feedback. Key technical risks include beam quality and constrained thermal blooming, which will be tracked via quarterly milestone reviews.",Directed Energy,2024,5000000,"Anchor Systems, Inc.",ONR-Corporate,CUI-Mock,seed-initial-2026,2024-06-29T08:31:08+00:00
ONRD-2024-USEA-00241,Low-frequency Active Sonar Waveform Design for Seabed Mapping,"This effort develops low-frequency active sonar waveform design to address persistent acoustic signature reduction-driven challenges in seabed mapping. Research activities include algorithm development, synthetic aperture sonar imaging integration, and iterative field evaluation to quantify gains in localization error. Expected outcomes include a measurable improvement in localization error and a documented transition path informed by operational stakeholder feedback. Key technical risks include depth-rated housings and constrained bathymetric uncertainty, which will be tracked via quarterly milestone reviews.",Undersea,2024,1853000,Cinderpoint Defense Technologies,Code-30,CUI-Mock,seed-initial-2026,2024-08-08T12:36:16+00:00
ONRD-2024-CYBR-00242,Phase I: Zero-trust Network Architecture Design for Tactical Edge Cyber Resilience,"This effort develops zero-trust network architecture design to address persistent zero-day exposure-driven challenges in tactical edge cyber resilience. Research activities include algorithm development, anomaly-based intrusion detection integration, and iterative field evaluation to quantify gains in mean time to detect. Expected outcomes include a measurable improvement in mean time to detect and a documented transition path informed by operational stakeholder feedback.",Cyber,2024,407000,Summit Advanced Systems Group,Code-31,CUI-Mock,seed-initial-2026,2023-11-14T10:23:28+00:00
ONRD-2024-USEA-00243,Energy-Efficient Approaches to Littoral Mine-countermeasure Operations via Low-frequency Active Sonar Waveform Design,"This effort develops low-frequency active sonar waveform design to address persistent ambient ocean noise-driven challenges in littoral mine-countermeasure operations. The performer will design, implement, and evaluate a prototype capability, validating performance against depth-rated housings-related benchmarks under realistic operational conditions. Expected outcomes include a measurable improvement in signal-to-noise ratio and a documented transition path informed by operational stakeholder feedback. Key technical risks include depth-rated housings and constrained bathymetric uncertainty, which will be tracked via quarterly milestone reviews.",Undersea,2024,5146000,Palisade Dynamics Corp.,Code-30,CUI-Mock,seed-initial-2026,2024-06-29T18:07:22+00:00
ONRD-2024-MATL-00244,Corrosion-resistant Coating Development for Lightweight Airframe Structures,"This effort develops corrosion-resistant coating development to address persistent specific strength-driven challenges in lightweight airframe structures. The performer will design, implement, and evaluate a prototype capability, validating performance against fatigue life-related benchmarks under realistic operational conditions. Expected outcomes include a measurable improvement in fatigue life and a documented transition path informed by operational stakeholder feedback.",Materials,2024,132000,University of Wraith,Code-31,CUI-Mock,seed-initial-2026,2023-10-29T13:52:11+00:00
ONRD-2024-MATL-00245,Resilient Approaches to Thermal-protection Systems for Hypersonic Platforms via Corrosion-resistant Coating Development,"This effort develops corrosion-resistant coating development to address persistent fatigue life-driven challenges in thermal-protection systems for hypersonic platforms. The performer will design, implement, and evaluate a prototype capability, validating performance against fracture toughness-related benchmarks under realistic operational conditions. Expected outcomes include a measurable improvement in specific strength and a documented transition path informed by operational stakeholder feedback.",Materials,2024,4602000,Driftwood Analytics Inc.,Code-32,CUI-Mock,seed-initial-2026,2023-10-15T18:42:56+00:00
ONRD-2024-USEA-00246,Toward low-latency passive acoustic signal processing: Implications for undersea cable route surveying,"This effort develops passive acoustic signal processing to address persistent ambient ocean noise-driven challenges in undersea cable route surveying. The performer will design, implement, and evaluate a prototype capability, validating performance against depth-rated housings-related benchmarks under realistic operational conditions. Expected outcomes include a measurable improvement in localization error and a documented transition path informed by operational stakeholder feedback. A principal risk to schedule is ambient ocean noise; the performer will mitigate this through early prototyping and government checkpoint reviews.",Undersea,2024,503000,Cobalt Dynamics Corp.,Code-31,CUI-Mock,seed-initial-2026,2024-06-12T15:57:19+00:00
ONRD-2024-CYBR-00247,Toward energy-efficient supply-chain firmware attestation: Implications for industrial-control-system (ICS) protection for propulsion systems,"This effort develops supply-chain firmware attestation to address persistent lateral movement-driven challenges in industrial-control-system (ICS) protection for propulsion systems. The team will conduct a phased study combining zero-trust network architecture design with legacy system integration to reduce risk prior to a transition decision. Expected outcomes include a measurable improvement in mean time to detect and a documented transition path informed by operational stakeholder feedback. Key technical risks include attack surface and constrained cyber-physical resilience, which will be tracked via quarterly milestone reviews.",Cyber,2024,2456000,Farview Analytics Inc.,Code-34,Public-Mock,seed-initial-2026,2024-01-12T14:10:52+00:00
ONRD-2024-USEA-00248,Passive Acoustic Signal Processing for Anti-submarine Warfare (ASW) Sensor Networks,This effort develops passive acoustic signal processing to address persistent bathymetric uncertainty-driven challenges in anti-submarine warfare (ASW) sensor networks. The team will conduct a phased study combining low-frequency active sonar waveform design with legacy system integration to reduce risk prior to a transition decision. Expected outcomes include a measurable improvement in localization error and a documented transition path informed by operational stakeholder feedback. A principal risk to schedule is acoustic signature reduction; the performer will mitigate this through early prototyping and government checkpoint reviews.,Undersea,2024,3303000,University of Foxglove,ONR-Corporate,CUI-Mock,seed-initial-2026,2024-05-20T09:25:16+00:00
ONRD-2024-AIML-00249,Phase I: Self-supervised Representation Learning for Command-and-control Decision Support,"This effort develops self-supervised representation learning to address persistent model drift-driven challenges in command-and-control decision support. Research activities include algorithm development, graph neural network reasoning integration, and iterative field evaluation to quantify gains in classification accuracy. Expected outcomes include a measurable improvement in classification accuracy and a documented transition path informed by operational stakeholder feedback. A principal risk to schedule is model drift; the performer will mitigate this through early prototyping and government checkpoint reviews.",AI/ML,2024,445000,Amberfield Robotics Corp.,Code-31,CUI-Mock,seed-initial-2026,2023-10-28T18:56:31+00:00
ONRD-2024-BIOT-00250,Synthetic Biology Pathway Engineering for Biofilm-resistant Hull Coatings,"This effort develops synthetic biology pathway engineering to address persistent biomarker specificity-driven challenges in biofilm-resistant hull coatings. The performer will design, implement, and evaluate a prototype capability, validating performance against assay sensitivity-related benchmarks under realistic operational conditions. Expected outcomes include a measurable improvement in biomarker specificity and a documented transition path informed by operational stakeholder feedback.",Biotech,2024,91000,Cascade College of Engineering,Code-31,CUI-Mock,seed-initial-2026,2024-01-01T10:21:27+00:00
ONRD-2024-MATL-00251,Scalable Self-healing Polymer Synthesis for Hull Coating for Biofouling Resistance,"This effort develops self-healing polymer synthesis to address persistent corrosion rate-driven challenges in hull coating for biofouling resistance. Research activities include algorithm development, corrosion-resistant coating development integration, and iterative field evaluation to quantify gains in specific strength. Expected outcomes include a measurable improvement in specific strength and a documented transition path informed by operational stakeholder feedback.",Materials,2024,69000,Silverline Dynamics Corp.,ONR-Corporate,CUI-Mock,seed-initial-2026,2024-06-07T10:16:04+00:00
ONRD-2024-DEWX-00252,Toward resilient adaptive optics wavefront correction: Implications for shipboard self-defense layers,"This effort develops adaptive optics wavefront correction to address persistent power density-driven challenges in shipboard self-defense layers. Research activities include algorithm development, high-power microwave source design integration, and iterative field evaluation to quantify gains in beam quality factor. Expected outcomes include a measurable improvement in beam quality factor and a documented transition path informed by operational stakeholder feedback. A principal risk to schedule is duty-cycle limits; the performer will mitigate this through early prototyping and government checkpoint reviews.",Directed Energy,2024,2351000,Duskwater State University,Code-31,CUI-Mock,seed-initial-2026,2023-11-02T10:05:42+00:00
ONRD-2024-AUTO-00253,Adaptive Approaches to Unmanned Surface Vessel (USV) Picket Lines via Distributed Task Allocation,"This effort develops distributed task allocation to address persistent autonomy assurance-driven challenges in unmanned surface vessel (USV) picket lines. Research activities include algorithm development, behavior-tree mission planning integration, and iterative field evaluation to quantify gains in mission completion rate. Expected outcomes include a measurable improvement in mission completion rate and a documented transition path informed by operational stakeholder feedback.",Autonomy,2024,178000,University of Stonebridge,Code-30,CUI-Mock,seed-initial-2026,2023-10-28T15:26:09+00:00
ONRD-2024-AIML-00254,Graph Neural Network Reasoning for Command-and-control Decision Support,This effort develops graph neural network reasoning to address persistent model drift-driven challenges in command-and-control decision support. The team will conduct a phased study combining federated learning with legacy system integration to reduce risk prior to a transition decision. Expected outcomes include a measurable improvement in operator trust score and a documented transition path informed by operational stakeholder feedback.,AI/ML,2024,1508000,Amberfield Institute of Technology,Code-31,CUI-Mock,seed-initial-2026,2024-09-23T11:38:25+00:00
ONRD-2024-BIOT-00255,Advancing synthetic biology pathway engineering to Improve cold-chain-free vaccine stabilization,This effort develops synthetic biology pathway engineering to address persistent field ruggedization-driven challenges in cold-chain-free vaccine stabilization. The team will conduct a phased study combining human performance physiological modeling with legacy system integration to reduce risk prior to a transition decision. Expected outcomes include a measurable improvement in diagnostic turnaround time and a documented transition path informed by operational stakeholder feedback.,Biotech,2024,143000,"Harborlight Systems, Inc.",Code-31,CUI-Mock,seed-initial-2026,2024-04-14T17:34:37+00:00
ONRD-2024-AIML-00256,Advancing human-machine teaming policy optimization to Improve natural-language mission planning,"This effort develops human-machine teaming policy optimization to address persistent edge deployment-driven challenges in natural-language mission planning. Research activities include algorithm development, federated learning integration, and iterative field evaluation to quantify gains in false-alarm rate. Expected outcomes include a measurable improvement in false-alarm rate and a documented transition path informed by operational stakeholder feedback. Key technical risks include trust calibration and constrained latency, which will be tracked via quarterly milestone reviews.",AI/ML,2024,699000,Meridian College of Engineering,Code-32,CUI-Mock,seed-initial-2026,2023-11-12T18:51:15+00:00
ONRD-2024-MATL-00257,Resilient Self-healing Polymer Synthesis for Battery Electrode Materials,"This effort develops self-healing polymer synthesis to address persistent fatigue life-driven challenges in battery electrode materials. Research activities include algorithm development, additive manufacturing process qualification integration, and iterative field evaluation to quantify gains in specific strength. Expected outcomes include a measurable improvement in specific strength and a documented transition path informed by operational stakeholder feedback. A principal risk to schedule is fatigue life; the performer will mitigate this through early prototyping and government checkpoint reviews.",Materials,2024,6125000,University of Meridian,Code-32,CUI-Mock,seed-initial-2026,2024-02-22T10:32:25+00:00
ONRD-2024-CYBR-00258,Advancing zero-trust network architecture design to Improve shipboard combat-system network hardening,"This effort develops zero-trust network architecture design to address persistent lateral movement-driven challenges in shipboard combat-system network hardening. The performer will design, implement, and evaluate a prototype capability, validating performance against cyber-physical resilience-related benchmarks under realistic operational conditions. Expected outcomes include a measurable improvement in mean time to detect and a documented transition path informed by operational stakeholder feedback. A principal risk to schedule is cyber-physical resilience; the performer will mitigate this through early prototyping and government checkpoint reviews.",Cyber,2024,97000,Copperline Analytics Inc.,Code-30,CUI-Mock,seed-initial-2026,2024-05-28T14:29:32+00:00
ONRD-2024-MATL-00259,Robust High-entropy Alloy Design for Thermal-protection Systems for Hypersonic Platforms,This effort develops high-entropy alloy design to address persistent corrosion rate-driven challenges in thermal-protection systems for hypersonic platforms. The team will conduct a phased study combining additive manufacturing process qualification with legacy system integration to reduce risk prior to a transition decision. Expected outcomes include a measurable improvement in fatigue life and a documented transition path informed by operational stakeholder feedback.,Materials,2024,1926000,Wraith Dynamics Corp.,Code-30,CUI-Mock,seed-initial-2026,2024-04-05T09:34:46+00:00
ONRD-2024-AUTO-00260,Advancing swarm coordination algorithms to Improve group unmanned aerial system (UAS) reconnaissance,"This effort develops swarm coordination algorithms to address persistent swarm resilience-driven challenges in group unmanned aerial system (UAS) reconnaissance. The performer will design, implement, and evaluate a prototype capability, validating performance against onboard compute limits-related benchmarks under realistic operational conditions. Expected outcomes include a measurable improvement in time-to-reroute and a documented transition path informed by operational stakeholder feedback. A principal risk to schedule is autonomy assurance; the performer will mitigate this through early prototyping and government checkpoint reviews.",Autonomy,2024,558000,Halcyon Polytechnic University,Code-32,Public-Mock,seed-initial-2026,2024-06-07T13:52:46+00:00
ONRD-2024-AIML-00261,Bayesian Uncertainty Quantification for Predictive Maintenance for Shipboard Systems,"This effort develops Bayesian uncertainty quantification to address persistent latency-driven challenges in predictive maintenance for shipboard systems. Research activities include algorithm development, graph neural network reasoning integration, and iterative field evaluation to quantify gains in inference latency. Expected outcomes include a measurable improvement in inference latency and a documented transition path informed by operational stakeholder feedback.",AI/ML,2024,382000,Cobalt Dynamics Corp.,Code-31,CUI-Mock,seed-initial-2026,2024-08-22T07:00:03+00:00
ONRD-2024-BIOT-00262,Toward robust microbiome-based biofouling mitigation: Implications for warfighter fatigue and readiness monitoring,"This effort develops microbiome-based biofouling mitigation to address persistent assay sensitivity-driven challenges in warfighter fatigue and readiness monitoring. The performer will design, implement, and evaluate a prototype capability, validating performance against field ruggedization-related benchmarks under realistic operational conditions. Expected outcomes include a measurable improvement in diagnostic turnaround time and a documented transition path informed by operational stakeholder feedback.",Biotech,2024,766000,Highland Labs,Code-31,CUI-Mock,seed-initial-2026,2024-02-26T18:18:12+00:00
ONRD-2024-BIOT-00263,Toward resilient microbiome-based biofouling mitigation: Implications for biofilm-resistant hull coatings,"This effort develops microbiome-based biofouling mitigation to address persistent assay sensitivity-driven challenges in biofilm-resistant hull coatings. The performer will design, implement, and evaluate a prototype capability, validating performance against field ruggedization-related benchmarks under realistic operational conditions. Expected outcomes include a measurable improvement in assay sensitivity and a documented transition path informed by operational stakeholder feedback. Key technical risks include assay sensitivity and constrained physiological baseline, which will be tracked via quarterly milestone reviews.",Biotech,2024,125000,Anchor Analytics Inc.,Code-35,CUI-Mock,seed-initial-2026,2024-09-10T11:53:39+00:00
ONRD-2024-CYBR-00264,Resilient Approaches to Cross-domain Solution Assurance via Secure Software-defined Networking,"This effort develops secure software-defined networking to address persistent lateral movement-driven challenges in cross-domain solution assurance. The performer will design, implement, and evaluate a prototype capability, validating performance against attack surface-related benchmarks under realistic operational conditions. Expected outcomes include a measurable improvement in attack-surface reduction and a documented transition path informed by operational stakeholder feedback. A principal risk to schedule is attack surface; the performer will mitigate this through early prototyping and government checkpoint reviews.",Cyber,2024,198000,Copperline Advanced Systems Group,Code-32,CUI-Mock,seed-initial-2026,2023-10-23T17:01:29+00:00
ONRD-2025-QNTM-00265,Phase III: Quantum-enhanced Magnetometry for Gravimetric Anomaly Detection,"This effort develops quantum-enhanced magnetometry to address persistent entanglement distribution-driven challenges in gravimetric anomaly detection. The performer will design, implement, and evaluate a prototype capability, validating performance against decoherence-related benchmarks under realistic operational conditions. Expected outcomes include a measurable improvement in key generation rate and a documented transition path informed by operational stakeholder feedback.",Quantum,2025,2056000,University of Ironclad,Code-30,CUI-Mock,seed-initial-2026,2025-06-26T11:00:59+00:00
ONRD-2025-QNTM-00266,Quantum Key Distribution Protocol Design for Gravimetric Anomaly Detection,"This effort develops quantum key distribution protocol design to address persistent qubit fidelity-driven challenges in gravimetric anomaly detection. Research activities include algorithm development, quantum error-correction code development integration, and iterative field evaluation to quantify gains in sensor sensitivity. Expected outcomes include a measurable improvement in sensor sensitivity and a documented transition path informed by operational stakeholder feedback.",Quantum,2025,189000,Cascade Institute of Technology,Code-31,CUI-Mock,seed-initial-2026,2025-09-12T15:23:48+00:00
ONRD-2025-CYBR-00267,Phase III: Zero-trust Network Architecture Design for Shipboard Combat-system Network Hardening,"This effort develops zero-trust network architecture design to address persistent zero-day exposure-driven challenges in shipboard combat-system network hardening. Research activities include algorithm development, secure software-defined networking integration, and iterative field evaluation to quantify gains in patch latency. Expected outcomes include a measurable improvement in patch latency and a documented transition path informed by operational stakeholder feedback.",Cyber,2025,1803000,Meridian Advanced Systems Group,Code-32,CUI-Mock,seed-initial-2026,2025-05-12T14:22:58+00:00
ONRD-2025-BIOT-00268,Toward scalable human performance physiological modeling: Implications for cold-chain-free vaccine stabilization,This effort develops human performance physiological modeling to address persistent biomarker specificity-driven challenges in cold-chain-free vaccine stabilization. The team will conduct a phased study combining field-deployable diagnostic assay development with legacy system integration to reduce risk prior to a transition decision. Expected outcomes include a measurable improvement in assay sensitivity and a documented transition path informed by operational stakeholder feedback. A principal risk to schedule is assay sensitivity; the performer will mitigate this through early prototyping and government checkpoint reviews.,Biotech,2025,201000,Granite Labs,Code-35,CUI-Mock,seed-initial-2026,2025-03-26T14:32:59+00:00
ONRD-2025-MATL-00269,Next-Generation Approaches to Battery Electrode Materials via Composite Laminate Fatigue Characterization,"This effort develops composite laminate fatigue characterization to address persistent fatigue life-driven challenges in battery electrode materials. The performer will design, implement, and evaluate a prototype capability, validating performance against fracture toughness-related benchmarks under realistic operational conditions. Expected outcomes include a measurable improvement in fatigue life and a documented transition path informed by operational stakeholder feedback.",Materials,2025,261000,Copperline Robotics Corp.,Code-34,CUI-Mock,seed-initial-2026,2025-01-01T09:55:49+00:00
ONRD-2025-MATL-00270,Scalable Approaches to Lightweight Airframe Structures via Corrosion-resistant Coating Development,This effort develops corrosion-resistant coating development to address persistent fatigue life-driven challenges in lightweight airframe structures. The team will conduct a phased study combining additive manufacturing process qualification with legacy system integration to reduce risk prior to a transition decision. Expected outcomes include a measurable improvement in thermal tolerance and a documented transition path informed by operational stakeholder feedback.,Materials,2025,147000,Halcyon College of Engineering,Code-31,CUI-Mock,seed-initial-2026,2025-03-09T08:59:28+00:00
ONRD-2025-DEWX-00271,Phase I: Adaptive Optics Wavefront Correction for Directed-energy Weapon Test-bed Evaluation,"This effort develops adaptive optics wavefront correction to address persistent beam quality-driven challenges in directed-energy weapon test-bed evaluation. The performer will design, implement, and evaluate a prototype capability, validating performance against thermal blooming-related benchmarks under realistic operational conditions. Expected outcomes include a measurable improvement in time-on-target and a documented transition path informed by operational stakeholder feedback. A principal risk to schedule is duty-cycle limits; the performer will mitigate this through early prototyping and government checkpoint reviews.",Directed Energy,2025,131000,Anchor Advanced Systems Group,Code-35,CUI-Mock,seed-initial-2026,2025-07-21T15:27:53+00:00
ONRD-2025-AIML-00272,"Toward resilient federated learning: Implications for intelligence, surveillance, and reconnaissance (ISR) triage","This effort develops federated learning to address persistent trust calibration-driven challenges in intelligence, surveillance, and reconnaissance (ISR) triage. The performer will design, implement, and evaluate a prototype capability, validating performance against edge deployment-related benchmarks under realistic operational conditions. Expected outcomes include a measurable improvement in classification accuracy and a documented transition path informed by operational stakeholder feedback.",AI/ML,2025,219000,Bluewater Analytics Inc.,Code-31,CUI-Mock,seed-initial-2026,2025-07-02T11:40:06+00:00
ONRD-2025-AIML-00273,"Explainable Neural Inference for Intelligence, Surveillance, and Reconnaissance (ISR) Triage","This effort develops explainable neural inference to address persistent latency-driven challenges in intelligence, surveillance, and reconnaissance (ISR) triage. The team will conduct a phased study combining graph neural network reasoning with legacy system integration to reduce risk prior to a transition decision. Expected outcomes include a measurable improvement in classification accuracy and a documented transition path informed by operational stakeholder feedback.",AI/ML,2025,2069000,Cobalt Applied Research LLC,Code-30,Public-Mock,seed-initial-2026,2024-12-09T09:18:44+00:00
ONRD-2025-DEWX-00274,High-power Microwave Source Design for Directed-energy Weapon Test-bed Evaluation,This effort develops high-power microwave source design to address persistent power density-driven challenges in directed-energy weapon test-bed evaluation. The team will conduct a phased study combining thermal management for solid-state lasers with legacy system integration to reduce risk prior to a transition decision. Expected outcomes include a measurable improvement in engagement range and a documented transition path informed by operational stakeholder feedback.,Directed Energy,2025,814000,Windrose Robotics Corp.,Code-31,CUI-Mock,seed-initial-2026,2025-05-25T17:25:44+00:00
ONRD-2025-USEA-00275,Hydrodynamic Hull-form Optimization for Anti-submarine Warfare (ASW) Sensor Networks,This effort develops hydrodynamic hull-form optimization to address persistent depth-rated housings-driven challenges in anti-submarine warfare (ASW) sensor networks. The team will conduct a phased study combining synthetic aperture sonar imaging with legacy system integration to reduce risk prior to a transition decision. Expected outcomes include a measurable improvement in detection range and a documented transition path informed by operational stakeholder feedback.,Undersea,2025,2142000,Silverline Advanced Systems Group,Code-31,CUI-Mock,seed-initial-2026,2025-02-01T15:49:30+00:00
ONRD-2025-QNTM-00276,Phase I: Quantum Error-correction Code Development for Gravimetric Anomaly Detection,"This effort develops quantum error-correction code development to address persistent cryogenic control electronics-driven challenges in gravimetric anomaly detection. The performer will design, implement, and evaluate a prototype capability, validating performance against qubit fidelity-related benchmarks under realistic operational conditions. Expected outcomes include a measurable improvement in qubit fidelity and a documented transition path informed by operational stakeholder feedback.",Quantum,2025,1694000,Bluewater Defense Technologies,Code-30,CUI-Mock,seed-initial-2026,2025-06-06T15:57:28+00:00
ONRD-2025-AIML-00277,Toward modular self-supervised representation learning: Implications for adversarial threat classification,"This effort develops self-supervised representation learning to address persistent training-data scarcity-driven challenges in adversarial threat classification. The team will conduct a phased study combining human-machine teaming policy optimization with legacy system integration to reduce risk prior to a transition decision. Expected outcomes include a measurable improvement in classification accuracy and a documented transition path informed by operational stakeholder feedback. Key technical risks include trust calibration and constrained training-data scarcity, which will be tracked via quarterly milestone reviews.",AI/ML,2025,146000,Ironclad Institute of Technology,Code-30,CUI-Mock,seed-initial-2026,2024-11-10T08:36:20+00:00
ONRD-2025-MATL-00278,Composite Laminate Fatigue Characterization for Lightweight Airframe Structures,"This effort develops composite laminate fatigue characterization to address persistent fracture toughness-driven challenges in lightweight airframe structures. The performer will design, implement, and evaluate a prototype capability, validating performance against corrosion rate-related benchmarks under realistic operational conditions. Expected outcomes include a measurable improvement in thermal tolerance and a documented transition path informed by operational stakeholder feedback.",Materials,2025,902000,University of Windrose,Code-34,CUI-Mock,seed-initial-2026,2025-06-18T11:13:18+00:00
ONRD-2025-CYBR-00279,Phase III: Supply-chain Firmware Attestation for Industrial-control-system (ICS) Protection for Propulsion Systems,This effort develops supply-chain firmware attestation to address persistent zero-day exposure-driven challenges in industrial-control-system (ICS) protection for propulsion systems. The team will conduct a phased study combining anomaly-based intrusion detection with legacy system integration to reduce risk prior to a transition decision. Expected outcomes include a measurable improvement in attack-surface reduction and a documented transition path informed by operational stakeholder feedback.,Cyber,2025,5957000,University of Amberfield,Code-30,CUI-Mock,seed-initial-2026,2024-11-13T17:24:36+00:00
ONRD-2025-CYBR-00280,Toward energy-efficient zero-trust network architecture design: Implications for industrial-control-system (ICS) protection for propulsion systems,This effort develops zero-trust network architecture design to address persistent lateral movement-driven challenges in industrial-control-system (ICS) protection for propulsion systems. The team will conduct a phased study combining supply-chain firmware attestation with legacy system integration to reduce risk prior to a transition decision. Expected outcomes include a measurable improvement in false-positive rate and a documented transition path informed by operational stakeholder feedback.,Cyber,2025,173000,Stonebridge Defense Technologies,Code-35,CUI-Mock,seed-initial-2026,2025-01-09T16:58:31+00:00
ONRD-2025-AIML-00281,Toward robust human-machine teaming policy optimization: Implications for predictive maintenance for shipboard systems,"This effort develops human-machine teaming policy optimization to address persistent training-data scarcity-driven challenges in predictive maintenance for shipboard systems. Research activities include algorithm development, self-supervised representation learning integration, and iterative field evaluation to quantify gains in inference latency. Expected outcomes include a measurable improvement in inference latency and a documented transition path informed by operational stakeholder feedback.",AI/ML,2025,2470000,Bluewater State University,ONR-Corporate,CUI-Mock,seed-initial-2026,2025-05-08T12:27:44+00:00
ONRD-2025-USEA-00282,Phase II: Passive Acoustic Signal Processing for Submarine Detection and Tracking,"This effort develops passive acoustic signal processing to address persistent depth-rated housings-driven challenges in submarine detection and tracking. Research activities include algorithm development, synthetic aperture sonar imaging integration, and iterative field evaluation to quantify gains in detection range. Expected outcomes include a measurable improvement in detection range and a documented transition path informed by operational stakeholder feedback. Key technical risks include depth-rated housings and constrained ambient ocean noise, which will be tracked via quarterly milestone reviews.",Undersea,2025,234000,University of Redshift,Code-31,CUI-Mock,seed-initial-2026,2025-07-29T13:02:33+00:00
ONRD-2025-MATL-00283,Phase III: Additive Manufacturing Process Qualification for Hull Coating for Biofouling Resistance,"This effort develops additive manufacturing process qualification to address persistent fracture toughness-driven challenges in hull coating for biofouling resistance. The performer will design, implement, and evaluate a prototype capability, validating performance against specific strength-related benchmarks under realistic operational conditions. Expected outcomes include a measurable improvement in corrosion rate and a documented transition path informed by operational stakeholder feedback. A principal risk to schedule is fracture toughness; the performer will mitigate this through early prototyping and government checkpoint reviews.",Materials,2025,224000,Summit Advanced Systems Group,Code-34,CUI-Mock,seed-initial-2026,2025-07-29T15:15:21+00:00
ONRD-2025-BIOT-00284,Advancing field-deployable diagnostic assay development to Improve warfighter fatigue and readiness monitoring,"This effort develops field-deployable diagnostic assay development to address persistent biomarker specificity-driven challenges in warfighter fatigue and readiness monitoring. The performer will design, implement, and evaluate a prototype capability, validating performance against field ruggedization-related benchmarks under realistic operational conditions. Expected outcomes include a measurable improvement in diagnostic turnaround time and a documented transition path informed by operational stakeholder feedback. A principal risk to schedule is physiological baseline; the performer will mitigate this through early prototyping and government checkpoint reviews.",Biotech,2025,760000,University of Northgate,Code-34,CUI-Mock,seed-initial-2026,2025-02-17T10:33:49+00:00
ONRD-2025-BIOT-00285,Biomarker-based Fatigue Detection for Biofilm-resistant Hull Coatings,"This effort develops biomarker-based fatigue detection to address persistent assay sensitivity-driven challenges in biofilm-resistant hull coatings. The performer will design, implement, and evaluate a prototype capability, validating performance against biomarker specificity-related benchmarks under realistic operational conditions. Expected outcomes include a measurable improvement in shelf stability and a documented transition path informed by operational stakeholder feedback.",Biotech,2025,5559000,University of Stonebridge,Code-34,CUI-Mock,seed-initial-2026,2025-01-19T07:58:11+00:00
ONRD-2025-CYBR-00286,Phase I: Anomaly-based Intrusion Detection for Industrial-control-system (ICS) Protection for Propulsion Systems,"This effort develops anomaly-based intrusion detection to address persistent lateral movement-driven challenges in industrial-control-system (ICS) protection for propulsion systems. The performer will design, implement, and evaluate a prototype capability, validating performance against cyber-physical resilience-related benchmarks under realistic operational conditions. Expected outcomes include a measurable improvement in mean time to detect and a documented transition path informed by operational stakeholder feedback.",Cyber,2025,111000,University of Meridian,Code-35,CUI-Mock,seed-initial-2026,2024-11-10T11:36:13+00:00
ONRD-2025-QNTM-00287,Phase I: Quantum-enhanced Magnetometry for Gravimetric Anomaly Detection,"This effort develops quantum-enhanced magnetometry to address persistent entanglement distribution-driven challenges in gravimetric anomaly detection. The team will conduct a phased study combining quantum key distribution protocol design with legacy system integration to reduce risk prior to a transition decision. Expected outcomes include a measurable improvement in qubit fidelity and a documented transition path informed by operational stakeholder feedback. Key technical risks include decoherence and constrained qubit fidelity, which will be tracked via quarterly milestone reviews.",Quantum,2025,804000,Anchor State University,Code-31,CUI-Mock,seed-initial-2026,2025-06-29T15:07:57+00:00
ONRD-2025-AIML-00288,Resilient Human-machine Teaming Policy Optimization for Natural-language Mission Planning,"This effort develops human-machine teaming policy optimization to address persistent trust calibration-driven challenges in natural-language mission planning. The performer will design, implement, and evaluate a prototype capability, validating performance against training-data scarcity-related benchmarks under realistic operational conditions. Expected outcomes include a measurable improvement in false-alarm rate and a documented transition path informed by operational stakeholder feedback.",AI/ML,2025,340000,"Stonebridge Systems, Inc.",Code-30,CUI-Mock,seed-initial-2026,2025-09-01T07:48:09+00:00
ONRD-2025-USEA-00289,Advancing undersea acoustic communications to Improve submarine detection and tracking,"This effort develops undersea acoustic communications to address persistent acoustic signature reduction-driven challenges in submarine detection and tracking. The performer will design, implement, and evaluate a prototype capability, validating performance against bathymetric uncertainty-related benchmarks under realistic operational conditions. Expected outcomes include a measurable improvement in detection range and a documented transition path informed by operational stakeholder feedback.",Undersea,2025,2248000,Summit Analytics Inc.,Code-34,Public-Mock,seed-initial-2026,2025-07-10T10:13:15+00:00
ONRD-2025-QNTM-00290,Trapped-ion Qubit Control for Undersea Navigation Without GPS,"This effort develops trapped-ion qubit control to address persistent decoherence-driven challenges in undersea navigation without GPS. The performer will design, implement, and evaluate a prototype capability, validating performance against cryogenic control electronics-related benchmarks under realistic operational conditions. Expected outcomes include a measurable improvement in coherence time and a documented transition path informed by operational stakeholder feedback. Key technical risks include decoherence and constrained qubit fidelity, which will be tracked via quarterly milestone reviews.",Quantum,2025,85000,Wraith Institute of Technology,ONR-Corporate,CUI-Mock,seed-initial-2026,2025-06-24T18:26:50+00:00
ONRD-2025-DEWX-00291,Advancing high-energy laser beam control to Improve counter-unmanned aerial system (C-UAS) engagement,"This effort develops high-energy laser beam control to address persistent thermal blooming-driven challenges in counter-unmanned aerial system (C-UAS) engagement. The performer will design, implement, and evaluate a prototype capability, validating performance against duty-cycle limits-related benchmarks under realistic operational conditions. Expected outcomes include a measurable improvement in beam quality factor and a documented transition path informed by operational stakeholder feedback. Key technical risks include power density and constrained beam quality, which will be tracked via quarterly milestone reviews.",Directed Energy,2025,129000,Bluewater State University,Code-35,Public-Mock,seed-initial-2026,2024-12-04T17:24:40+00:00
ONRD-2025-DEWX-00292,Phase I: High-power Microwave Source Design for Counter-unmanned Aerial System (C-UAS) Engagement,"This effort develops high-power microwave source design to address persistent duty-cycle limits-driven challenges in counter-unmanned aerial system (C-UAS) engagement. Research activities include algorithm development, high-energy laser beam control integration, and iterative field evaluation to quantify gains in engagement range. Expected outcomes include a measurable improvement in engagement range and a documented transition path informed by operational stakeholder feedback. A principal risk to schedule is thermal blooming; the performer will mitigate this through early prototyping and government checkpoint reviews.",Directed Energy,2025,621000,Harborlight Labs,Code-32,Public-Mock,seed-initial-2026,2025-08-25T10:48:29+00:00
ONRD-2025-AUTO-00293,Model-predictive Control for Autonomous Convoy Escort,"This effort develops model-predictive control to address persistent autonomy assurance-driven challenges in autonomous convoy escort. Research activities include algorithm development, distributed task allocation integration, and iterative field evaluation to quantify gains in navigation drift. Expected outcomes include a measurable improvement in navigation drift and a documented transition path informed by operational stakeholder feedback. A principal risk to schedule is autonomy assurance; the performer will mitigate this through early prototyping and government checkpoint reviews.",Autonomy,2025,777000,"Windrose Systems, Inc.",Code-35,CUI-Mock,seed-initial-2026,2025-02-26T09:26:37+00:00
ONRD-2025-AIML-00294,Human-machine Teaming Policy Optimization for Natural-language Mission Planning,"This effort develops human-machine teaming policy optimization to address persistent model drift-driven challenges in natural-language mission planning. The performer will design, implement, and evaluate a prototype capability, validating performance against edge deployment-related benchmarks under realistic operational conditions. Expected outcomes include a measurable improvement in classification accuracy and a documented transition path informed by operational stakeholder feedback.",AI/ML,2025,143000,Northgate Polytechnic University,Code-30,Public-Mock,seed-initial-2026,2024-12-15T13:22:27+00:00
ONRD-2025-USEA-00295,Phase II: Hydrodynamic Hull-form Optimization for Submarine Detection and Tracking,This effort develops hydrodynamic hull-form optimization to address persistent ambient ocean noise-driven challenges in submarine detection and tracking. The team will conduct a phased study combining undersea acoustic communications with legacy system integration to reduce risk prior to a transition decision. Expected outcomes include a measurable improvement in signal-to-noise ratio and a documented transition path informed by operational stakeholder feedback.,Undersea,2025,2193000,Halcyon Analytics Inc.,Code-32,CUI-Mock,seed-initial-2026,2024-11-14T15:39:30+00:00
ONRD-2025-MATL-00296,Toward adaptive composite laminate fatigue characterization: Implications for battery electrode materials,This effort develops composite laminate fatigue characterization to address persistent fatigue life-driven challenges in battery electrode materials. The team will conduct a phased study combining high-entropy alloy design with legacy system integration to reduce risk prior to a transition decision. Expected outcomes include a measurable improvement in fatigue life and a documented transition path informed by operational stakeholder feedback.,Materials,2025,232000,Sable Labs,Code-35,CUI-Mock,seed-initial-2026,2025-05-01T12:28:00+00:00
ONRD-2025-MATL-00297,High-Fidelity Self-healing Polymer Synthesis for Lightweight Airframe Structures,"This effort develops self-healing polymer synthesis to address persistent corrosion rate-driven challenges in lightweight airframe structures. The performer will design, implement, and evaluate a prototype capability, validating performance against fracture toughness-related benchmarks under realistic operational conditions. Expected outcomes include a measurable improvement in fatigue life and a documented transition path informed by operational stakeholder feedback.",Materials,2025,729000,Vantage Robotics Corp.,Code-35,CUI-Mock,seed-initial-2026,2024-11-14T07:36:20+00:00
ONRD-2025-BIOT-00298,Phase III: Human Performance Physiological Modeling for Rapid Diagnostic Triage in Austere Environments,"This effort develops human performance physiological modeling to address persistent field ruggedization-driven challenges in rapid diagnostic triage in austere environments. The team will conduct a phased study combining field-deployable diagnostic assay development with legacy system integration to reduce risk prior to a transition decision. Expected outcomes include a measurable improvement in biomarker specificity and a documented transition path informed by operational stakeholder feedback. Key technical risks include field ruggedization and constrained assay sensitivity, which will be tracked via quarterly milestone reviews.",Biotech,2025,235000,Pelican Defense Technologies,Code-32,CUI-Mock,seed-initial-2026,2025-05-07T15:26:44+00:00
ONRD-2025-AIML-00299,Phase III: Human-machine Teaming Policy Optimization for Command-and-control Decision Support,This effort develops human-machine teaming policy optimization to address persistent training-data scarcity-driven challenges in command-and-control decision support. The team will conduct a phased study combining transformer-based sequence modeling with legacy system integration to reduce risk prior to a transition decision. Expected outcomes include a measurable improvement in false-alarm rate and a documented transition path informed by operational stakeholder feedback. A principal risk to schedule is latency; the performer will mitigate this through early prototyping and government checkpoint reviews.,AI/ML,2025,1784000,Pelican Labs,Code-30,CUI-Mock,seed-initial-2026,2025-09-16T17:10:39+00:00
ONRD-2025-DEWX-00300,Advancing high-energy laser beam control to Improve counter-unmanned aerial system (C-UAS) engagement,"This effort develops high-energy laser beam control to address persistent beam quality-driven challenges in counter-unmanned aerial system (C-UAS) engagement. The performer will design, implement, and evaluate a prototype capability, validating performance against power density-related benchmarks under realistic operational conditions. Expected outcomes include a measurable improvement in duty cycle and a documented transition path informed by operational stakeholder feedback.",Directed Energy,2025,1454000,Pelican Robotics Corp.,Code-32,CUI-Mock,seed-initial-2026,2025-05-23T14:21:43+00:00
ONRD-2025-BIOT-00301,Advancing field-deployable diagnostic assay development to Improve cold-chain-free vaccine stabilization,"This effort develops field-deployable diagnostic assay development to address persistent field ruggedization-driven challenges in cold-chain-free vaccine stabilization. Research activities include algorithm development, synthetic biology pathway engineering integration, and iterative field evaluation to quantify gains in assay sensitivity. Expected outcomes include a measurable improvement in assay sensitivity and a documented transition path informed by operational stakeholder feedback. A principal risk to schedule is field ruggedization; the performer will mitigate this through early prototyping and government checkpoint reviews.",Biotech,2025,2881000,University of Highland,Code-30,CUI-Mock,seed-initial-2026,2025-07-28T14:57:15+00:00
ONRD-2025-BIOT-00302,Toward robust field-deployable diagnostic assay development: Implications for warfighter fatigue and readiness monitoring,This effort develops field-deployable diagnostic assay development to address persistent physiological baseline-driven challenges in warfighter fatigue and readiness monitoring. The team will conduct a phased study combining biomarker-based fatigue detection with legacy system integration to reduce risk prior to a transition decision. Expected outcomes include a measurable improvement in biomarker specificity and a documented transition path informed by operational stakeholder feedback.,Biotech,2025,620000,Beacon Institute of Technology,Code-34,CUI-Mock,seed-initial-2026,2024-11-19T14:00:23+00:00
ONRD-2025-CYBR-00303,Supply-chain Firmware Attestation for Cross-domain Solution Assurance,"This effort develops supply-chain firmware attestation to address persistent lateral movement-driven challenges in cross-domain solution assurance. The performer will design, implement, and evaluate a prototype capability, validating performance against attack surface-related benchmarks under realistic operational conditions. Expected outcomes include a measurable improvement in false-positive rate and a documented transition path informed by operational stakeholder feedback. Key technical risks include attack surface and constrained lateral movement, which will be tracked via quarterly milestone reviews.",Cyber,2025,127000,Vantage College of Engineering,Code-32,Public-Mock,seed-initial-2026,2025-06-27T14:02:34+00:00
ONRD-2025-CYBR-00304,Toward high-fidelity adversarial machine-learning defense: Implications for industrial-control-system (ICS) protection for propulsion systems,This effort develops adversarial machine-learning defense to address persistent cyber-physical resilience-driven challenges in industrial-control-system (ICS) protection for propulsion systems. The team will conduct a phased study combining anomaly-based intrusion detection with legacy system integration to reduce risk prior to a transition decision. Expected outcomes include a measurable improvement in patch latency and a documented transition path informed by operational stakeholder feedback.,Cyber,2025,2250000,"Stonebridge Systems, Inc.",Code-30,CUI-Mock,seed-initial-2026,2024-10-06T08:05:25+00:00
ONRD-2025-AIML-00305,Advancing Bayesian uncertainty quantification to Improve command-and-control decision support,"This effort develops Bayesian uncertainty quantification to address persistent training-data scarcity-driven challenges in command-and-control decision support. Research activities include algorithm development, self-supervised representation learning integration, and iterative field evaluation to quantify gains in classification accuracy. Expected outcomes include a measurable improvement in classification accuracy and a documented transition path informed by operational stakeholder feedback. A principal risk to schedule is latency; the performer will mitigate this through early prototyping and government checkpoint reviews.",AI/ML,2025,589000,Beacon Applied Research LLC,Code-34,CUI-Mock,seed-initial-2026,2025-09-29T14:54:21+00:00
ONRD-2025-MATL-00306,Field-Deployable Approaches to Battery Electrode Materials via High-entropy Alloy Design,"This effort develops high-entropy alloy design to address persistent fatigue life-driven challenges in battery electrode materials. The performer will design, implement, and evaluate a prototype capability, validating performance against specific strength-related benchmarks under realistic operational conditions. Expected outcomes include a measurable improvement in specific strength and a documented transition path informed by operational stakeholder feedback.",Materials,2025,907000,University of Northgate,Code-32,CUI-Mock,seed-initial-2026,2025-04-28T18:47:55+00:00
ONRD-2025-BIOT-00307,Advancing microbiome-based biofouling mitigation to Improve biofilm-resistant hull coatings,"This effort develops microbiome-based biofouling mitigation to address persistent biomarker specificity-driven challenges in biofilm-resistant hull coatings. Research activities include algorithm development, biomarker-based fatigue detection integration, and iterative field evaluation to quantify gains in diagnostic turnaround time. Expected outcomes include a measurable improvement in diagnostic turnaround time and a documented transition path informed by operational stakeholder feedback. Key technical risks include physiological baseline and constrained assay sensitivity, which will be tracked via quarterly milestone reviews.",Biotech,2025,713000,Duskwater Labs,Code-34,CUI-Mock,seed-initial-2026,2024-12-03T09:39:56+00:00
ONRD-2025-CYBR-00308,Toward resilient supply-chain firmware attestation: Implications for cross-domain solution assurance,This effort develops supply-chain firmware attestation to address persistent lateral movement-driven challenges in cross-domain solution assurance. The team will conduct a phased study combining adversarial machine-learning defense with legacy system integration to reduce risk prior to a transition decision. Expected outcomes include a measurable improvement in false-positive rate and a documented transition path informed by operational stakeholder feedback.,Cyber,2025,630000,University of Granite,Code-30,CUI-Mock,seed-initial-2026,2025-09-02T13:27:13+00:00
ONRD-2025-BIOT-00309,Toward low-latency biomarker-based fatigue detection: Implications for cold-chain-free vaccine stabilization,"This effort develops biomarker-based fatigue detection to address persistent biomarker specificity-driven challenges in cold-chain-free vaccine stabilization. The performer will design, implement, and evaluate a prototype capability, validating performance against assay sensitivity-related benchmarks under realistic operational conditions. Expected outcomes include a measurable improvement in assay sensitivity and a documented transition path informed by operational stakeholder feedback. Key technical risks include biomarker specificity and constrained field ruggedization, which will be tracked via quarterly milestone reviews.",Biotech,2025,715000,Silverline Polytechnic University,Code-32,CUI-Mock,seed-initial-2026,2025-07-28T13:56:30+00:00
ONRD-2025-AIML-00310,"Energy-Efficient Federated Learning for Intelligence, Surveillance, and Reconnaissance (ISR) Triage","This effort develops federated learning to address persistent edge deployment-driven challenges in intelligence, surveillance, and reconnaissance (ISR) triage. The team will conduct a phased study combining graph neural network reasoning with legacy system integration to reduce risk prior to a transition decision. Expected outcomes include a measurable improvement in inference latency and a documented transition path informed by operational stakeholder feedback. Key technical risks include edge deployment and constrained training-data scarcity, which will be tracked via quarterly milestone reviews.",AI/ML,2025,161000,Beacon Polytechnic University,Code-32,CUI-Mock,seed-initial-2026,2025-08-31T11:01:11+00:00
ONRD-2025-MATL-00311,Phase I: Self-healing Polymer Synthesis for Battery Electrode Materials,This effort develops self-healing polymer synthesis to address persistent corrosion rate-driven challenges in battery electrode materials. The team will conduct a phased study combining corrosion-resistant coating development with legacy system integration to reduce risk prior to a transition decision. Expected outcomes include a measurable improvement in specific strength and a documented transition path informed by operational stakeholder feedback.,Materials,2025,679000,Redshift Dynamics Corp.,Code-31,CUI-Mock,seed-initial-2026,2025-01-01T12:34:29+00:00
ONRD-2025-BIOT-00312,Toward high-fidelity biomarker-based fatigue detection: Implications for rapid diagnostic triage in austere environments,"This effort develops biomarker-based fatigue detection to address persistent physiological baseline-driven challenges in rapid diagnostic triage in austere environments. The performer will design, implement, and evaluate a prototype capability, validating performance against biomarker specificity-related benchmarks under realistic operational conditions. Expected outcomes include a measurable improvement in diagnostic turnaround time and a documented transition path informed by operational stakeholder feedback. A principal risk to schedule is assay sensitivity; the performer will mitigate this through early prototyping and government checkpoint reviews.",Biotech,2025,627000,Redshift Robotics Corp.,Code-30,CUI-Mock,seed-initial-2026,2025-05-12T08:34:41+00:00
ONRD-2025-AUTO-00313,Advancing cooperative multi-vehicle routing to Improve unmanned surface vessel (USV) picket lines,"This effort develops cooperative multi-vehicle routing to address persistent onboard compute limits-driven challenges in unmanned surface vessel (USV) picket lines. The performer will design, implement, and evaluate a prototype capability, validating performance against autonomy assurance-related benchmarks under realistic operational conditions. Expected outcomes include a measurable improvement in time-to-reroute and a documented transition path informed by operational stakeholder feedback.",Autonomy,2025,5112000,University of Bluewater,Code-30,CUI-Mock,seed-initial-2026,2025-02-14T12:55:44+00:00
ONRD-2025-QNTM-00314,Resilient Approaches to Precision Timing for Distributed Platforms via Quantum-secure Communications,"This effort develops quantum-secure communications to address persistent qubit fidelity-driven challenges in precision timing for distributed platforms. Research activities include algorithm development, trapped-ion qubit control integration, and iterative field evaluation to quantify gains in coherence time. Expected outcomes include a measurable improvement in coherence time and a documented transition path informed by operational stakeholder feedback.",Quantum,2025,87000,"Highland Systems, Inc.",ONR-Corporate,CUI-Mock,seed-initial-2026,2024-12-26T16:14:21+00:00
ONRD-2025-CYBR-00315,Zero-trust Network Architecture Design for Tactical Edge Cyber Resilience,This effort develops zero-trust network architecture design to address persistent attack surface-driven challenges in tactical edge cyber resilience. The team will conduct a phased study combining secure software-defined networking with legacy system integration to reduce risk prior to a transition decision. Expected outcomes include a measurable improvement in mean time to detect and a documented transition path informed by operational stakeholder feedback.,Cyber,2025,353000,"Pelican Systems, Inc.",Code-30,CUI-Mock,seed-initial-2026,2024-10-23T16:59:25+00:00
ONRD-2025-USEA-00316,Phase I: Low-frequency Active Sonar Waveform Design for Seabed Mapping,"This effort develops low-frequency active sonar waveform design to address persistent bathymetric uncertainty-driven challenges in seabed mapping. Research activities include algorithm development, hydrodynamic hull-form optimization integration, and iterative field evaluation to quantify gains in detection range. Expected outcomes include a measurable improvement in detection range and a documented transition path informed by operational stakeholder feedback.",Undersea,2025,933000,Cobalt Applied Research LLC,Code-30,CUI-Mock,seed-initial-2026,2024-11-30T12:26:53+00:00
ONRD-2025-DEWX-00317,Advancing thermal management for solid-state lasers to Improve counter-unmanned aerial system (C-UAS) engagement,"This effort develops thermal management for solid-state lasers to address persistent beam quality-driven challenges in counter-unmanned aerial system (C-UAS) engagement. The performer will design, implement, and evaluate a prototype capability, validating performance against power density-related benchmarks under realistic operational conditions. Expected outcomes include a measurable improvement in beam quality factor and a documented transition path informed by operational stakeholder feedback. A principal risk to schedule is thermal blooming; the performer will mitigate this through early prototyping and government checkpoint reviews.",Directed Energy,2025,140000,"Copperline Systems, Inc.",Code-31,CUI-Mock,seed-initial-2026,2025-09-12T08:24:20+00:00
ONRD-2025-MATL-00318,Advancing corrosion-resistant coating development to Improve thermal-protection systems for hypersonic platforms,"This effort develops corrosion-resistant coating development to address persistent fatigue life-driven challenges in thermal-protection systems for hypersonic platforms. The performer will design, implement, and evaluate a prototype capability, validating performance against fracture toughness-related benchmarks under realistic operational conditions. Expected outcomes include a measurable improvement in fatigue life and a documented transition path informed by operational stakeholder feedback. Key technical risks include corrosion rate and constrained specific strength, which will be tracked via quarterly milestone reviews.",Materials,2025,283000,University of Cinderpoint,Code-30,CUI-Mock,seed-initial-2026,2025-01-10T13:51:27+00:00
ONRD-2025-MATL-00319,Phase I: Composite Laminate Fatigue Characterization for Thermal-protection Systems for Hypersonic Platforms,This effort develops composite laminate fatigue characterization to address persistent fracture toughness-driven challenges in thermal-protection systems for hypersonic platforms. The team will conduct a phased study combining self-healing polymer synthesis with legacy system integration to reduce risk prior to a transition decision. Expected outcomes include a measurable improvement in specific strength and a documented transition path informed by operational stakeholder feedback.,Materials,2025,113000,Beacon Advanced Systems Group,Code-32,CUI-Mock,seed-initial-2026,2024-12-03T14:41:00+00:00
ONRD-2025-QNTM-00320,Toward energy-efficient quantum key distribution protocol design: Implications for undersea navigation without GPS,"This effort develops quantum key distribution protocol design to address persistent decoherence-driven challenges in undersea navigation without GPS. The performer will design, implement, and evaluate a prototype capability, validating performance against entanglement distribution-related benchmarks under realistic operational conditions. Expected outcomes include a measurable improvement in sensor sensitivity and a documented transition path informed by operational stakeholder feedback. A principal risk to schedule is entanglement distribution; the performer will mitigate this through early prototyping and government checkpoint reviews.",Quantum,2025,241000,Farview Robotics Corp.,Code-35,CUI-Mock,seed-initial-2026,2024-10-31T07:52:01+00:00
ONRD-2025-BIOT-00321,Field-Deployable Field-deployable Diagnostic Assay Development for Rapid Diagnostic Triage in Austere Environments,This effort develops field-deployable diagnostic assay development to address persistent field ruggedization-driven challenges in rapid diagnostic triage in austere environments. The team will conduct a phased study combining synthetic biology pathway engineering with legacy system integration to reduce risk prior to a transition decision. Expected outcomes include a measurable improvement in shelf stability and a documented transition path informed by operational stakeholder feedback.,Biotech,2025,566000,Halcyon Polytechnic University,Code-31,CUI-Mock,seed-initial-2026,2025-02-23T07:36:55+00:00
ONRD-2025-BIOT-00322,Next-Generation Approaches to Biofilm-resistant Hull Coatings via Human Performance Physiological Modeling,"This effort develops human performance physiological modeling to address persistent biomarker specificity-driven challenges in biofilm-resistant hull coatings. Research activities include algorithm development, synthetic biology pathway engineering integration, and iterative field evaluation to quantify gains in shelf stability. Expected outcomes include a measurable improvement in shelf stability and a documented transition path informed by operational stakeholder feedback. Key technical risks include biomarker specificity and constrained field ruggedization, which will be tracked via quarterly milestone reviews.",Biotech,2025,3208000,University of Cinderpoint,Code-30,CUI-Mock,seed-initial-2026,2025-05-27T16:37:48+00:00
ONRD-2025-MATL-00323,Phase I: Composite Laminate Fatigue Characterization for Hull Coating for Biofouling Resistance,"This effort develops composite laminate fatigue characterization to address persistent corrosion rate-driven challenges in hull coating for biofouling resistance. The performer will design, implement, and evaluate a prototype capability, validating performance against fracture toughness-related benchmarks under realistic operational conditions. Expected outcomes include a measurable improvement in fatigue life and a documented transition path informed by operational stakeholder feedback. A principal risk to schedule is fatigue life; the performer will mitigate this through early prototyping and government checkpoint reviews.",Materials,2025,5225000,University of Amberfield,Code-34,CUI-Mock,seed-initial-2026,2025-04-20T18:14:43+00:00
ONRD-2025-BIOT-00324,Phase II: Human Performance Physiological Modeling for Cold-chain-free Vaccine Stabilization,This effort develops human performance physiological modeling to address persistent physiological baseline-driven challenges in cold-chain-free vaccine stabilization. The team will conduct a phased study combining microbiome-based biofouling mitigation with legacy system integration to reduce risk prior to a transition decision. Expected outcomes include a measurable improvement in shelf stability and a documented transition path informed by operational stakeholder feedback. A principal risk to schedule is biomarker specificity; the performer will mitigate this through early prototyping and government checkpoint reviews.,Biotech,2025,361000,Bluewater Advanced Systems Group,Code-32,CUI-Mock,seed-initial-2026,2024-10-27T10:22:03+00:00
ONRD-2025-CYBR-00325,Low-Latency Anomaly-based Intrusion Detection for Cross-domain Solution Assurance,"This effort develops anomaly-based intrusion detection to address persistent attack surface-driven challenges in cross-domain solution assurance. Research activities include algorithm development, supply-chain firmware attestation integration, and iterative field evaluation to quantify gains in false-positive rate. Expected outcomes include a measurable improvement in false-positive rate and a documented transition path informed by operational stakeholder feedback.",Cyber,2025,557000,University of Cinderpoint,Code-32,CUI-Mock,seed-initial-2026,2025-05-25T17:13:36+00:00
ONRD-2025-MATL-00326,Phase III: Composite Laminate Fatigue Characterization for Thermal-protection Systems for Hypersonic Platforms,"This effort develops composite laminate fatigue characterization to address persistent corrosion rate-driven challenges in thermal-protection systems for hypersonic platforms. Research activities include algorithm development, self-healing polymer synthesis integration, and iterative field evaluation to quantify gains in corrosion rate. Expected outcomes include a measurable improvement in corrosion rate and a documented transition path informed by operational stakeholder feedback.",Materials,2025,394000,Meridian Advanced Systems Group,Code-35,CUI-Mock,seed-initial-2026,2024-12-05T18:57:29+00:00
ONRD-2025-AUTO-00327,Field-Deployable Distributed Task Allocation for Contested-environment Navigation,This effort develops distributed task allocation to address persistent degraded communications-driven challenges in contested-environment navigation. The team will conduct a phased study combining swarm coordination algorithms with legacy system integration to reduce risk prior to a transition decision. Expected outcomes include a measurable improvement in navigation drift and a documented transition path informed by operational stakeholder feedback.,Autonomy,2025,83000,Granite Defense Technologies,Code-31,CUI-Mock,seed-initial-2026,2024-10-15T11:08:38+00:00
ONRD-2025-BIOT-00328,Phase III: Microbiome-based Biofouling Mitigation for Biofilm-resistant Hull Coatings,This effort develops microbiome-based biofouling mitigation to address persistent field ruggedization-driven challenges in biofilm-resistant hull coatings. The team will conduct a phased study combining biomarker-based fatigue detection with legacy system integration to reduce risk prior to a transition decision. Expected outcomes include a measurable improvement in biomarker specificity and a documented transition path informed by operational stakeholder feedback.,Biotech,2025,166000,University of Foxglove,Code-32,CUI-Mock,seed-initial-2026,2025-03-10T09:26:33+00:00
ONRD-2025-DEWX-00329,Scalable Approaches to Shipboard Self-defense Layers via Thermal Management for Solid-state Lasers,This effort develops thermal management for solid-state lasers to address persistent power density-driven challenges in shipboard self-defense layers. The team will conduct a phased study combining adaptive optics wavefront correction with legacy system integration to reduce risk prior to a transition decision. Expected outcomes include a measurable improvement in time-on-target and a documented transition path informed by operational stakeholder feedback. A principal risk to schedule is duty-cycle limits; the performer will mitigate this through early prototyping and government checkpoint reviews.,Directed Energy,2025,7375000,University of Cobalt,Code-30,CUI-Mock,seed-initial-2026,2024-12-27T10:20:25+00:00
ONRD-2025-QNTM-00330,Low-Latency Trapped-ion Qubit Control for Undersea Navigation Without GPS,This effort develops trapped-ion qubit control to address persistent cryogenic control electronics-driven challenges in undersea navigation without GPS. The team will conduct a phased study combining photonic quantum sensing with legacy system integration to reduce risk prior to a transition decision. Expected outcomes include a measurable improvement in qubit fidelity and a documented transition path informed by operational stakeholder feedback. A principal risk to schedule is cryogenic control electronics; the performer will mitigate this through early prototyping and government checkpoint reviews.,Quantum,2025,658000,Cobalt Institute of Technology,Code-35,CUI-Mock,seed-initial-2026,2025-09-05T13:16:18+00:00
ONRD-2025-AIML-00331,Phase II: Federated Learning for Predictive Maintenance for Shipboard Systems,"This effort develops federated learning to address persistent trust calibration-driven challenges in predictive maintenance for shipboard systems. Research activities include algorithm development, self-supervised representation learning integration, and iterative field evaluation to quantify gains in inference latency. Expected outcomes include a measurable improvement in inference latency and a documented transition path informed by operational stakeholder feedback.",AI/ML,2025,73000,University of Pelican,Code-31,CUI-Mock,seed-initial-2026,2025-01-25T15:56:33+00:00
ONRD-2025-MATL-00332,High-entropy Alloy Design for Thermal-protection Systems for Hypersonic Platforms,"This effort develops high-entropy alloy design to address persistent fatigue life-driven challenges in thermal-protection systems for hypersonic platforms. Research activities include algorithm development, corrosion-resistant coating development integration, and iterative field evaluation to quantify gains in fatigue life. Expected outcomes include a measurable improvement in fatigue life and a documented transition path informed by operational stakeholder feedback.",Materials,2025,199000,University of Driftwood,Code-35,CUI-Mock,seed-initial-2026,2025-07-16T17:58:35+00:00
ONRD-2026-CYBR-00333,Supply-chain Firmware Attestation for Industrial-control-system (ICS) Protection for Propulsion Systems,"This effort develops supply-chain firmware attestation to address persistent zero-day exposure-driven challenges in industrial-control-system (ICS) protection for propulsion systems. Research activities include algorithm development, adversarial machine-learning defense integration, and iterative field evaluation to quantify gains in mean time to detect. Expected outcomes include a measurable improvement in mean time to detect and a documented transition path informed by operational stakeholder feedback.",Cyber,2026,336000,Sable Applied Research LLC,Code-32,CUI-Mock,seed-initial-2026,2026-02-04T11:52:29+00:00
ONRD-2026-AUTO-00334,Phase III: Onboard Perception-to-action Pipelines for Group Unmanned Aerial System (UAS) Reconnaissance,"This effort develops onboard perception-to-action pipelines to address persistent onboard compute limits-driven challenges in group unmanned aerial system (UAS) reconnaissance. The performer will design, implement, and evaluate a prototype capability, validating performance against autonomy assurance-related benchmarks under realistic operational conditions. Expected outcomes include a measurable improvement in navigation drift and a documented transition path informed by operational stakeholder feedback.",Autonomy,2026,243000,Cinderpoint Institute of Technology,Code-32,CUI-Mock,seed-initial-2026,2026-09-10T08:12:27+00:00
ONRD-2026-MATL-00335,Composite Laminate Fatigue Characterization for Hull Coating for Biofouling Resistance,"This effort develops composite laminate fatigue characterization to address persistent specific strength-driven challenges in hull coating for biofouling resistance. Research activities include algorithm development, self-healing polymer synthesis integration, and iterative field evaluation to quantify gains in corrosion rate. Expected outcomes include a measurable improvement in corrosion rate and a documented transition path informed by operational stakeholder feedback. Key technical risks include fatigue life and constrained specific strength, which will be tracked via quarterly milestone reviews.",Materials,2026,517000,"Pelican Systems, Inc.",Code-30,CUI-Mock,seed-initial-2026,2026-02-03T13:53:53+00:00
ONRD-2026-AIML-00336,"Advancing graph neural network reasoning to Improve intelligence, surveillance, and reconnaissance (ISR) triage","This effort develops graph neural network reasoning to address persistent trust calibration-driven challenges in intelligence, surveillance, and reconnaissance (ISR) triage. Research activities include algorithm development, multi-agent reinforcement learning integration, and iterative field evaluation to quantify gains in classification accuracy. Expected outcomes include a measurable improvement in classification accuracy and a documented transition path informed by operational stakeholder feedback.",AI/ML,2026,2551000,Anchor Applied Research LLC,Code-31,CUI-Mock,seed-initial-2026,2026-03-25T09:56:24+00:00
ONRD-2026-AIML-00337,Adaptive Federated Learning for Predictive Maintenance for Shipboard Systems,"This effort develops federated learning to address persistent trust calibration-driven challenges in predictive maintenance for shipboard systems. The performer will design, implement, and evaluate a prototype capability, validating performance against model drift-related benchmarks under realistic operational conditions. Expected outcomes include a measurable improvement in false-alarm rate and a documented transition path informed by operational stakeholder feedback.",AI/ML,2026,2650000,Anchor Labs,Code-34,CUI-Mock,seed-initial-2026,2025-10-25T12:18:14+00:00
ONRD-2026-AUTO-00338,Modular Approaches to GPS-denied Waypoint Following via Behavior-tree Mission Planning,"This effort develops behavior-tree mission planning to address persistent onboard compute limits-driven challenges in GPS-denied waypoint following. The team will conduct a phased study combining swarm coordination algorithms with legacy system integration to reduce risk prior to a transition decision. Expected outcomes include a measurable improvement in navigation drift and a documented transition path informed by operational stakeholder feedback. Key technical risks include swarm resilience and constrained degraded communications, which will be tracked via quarterly milestone reviews.",Autonomy,2026,2029000,Sable College of Engineering,Code-30,CUI-Mock,seed-initial-2026,2026-06-14T08:50:45+00:00
ONRD-2026-AUTO-00339,Phase II: Distributed Task Allocation for Autonomous Convoy Escort,"This effort develops distributed task allocation to address persistent degraded communications-driven challenges in autonomous convoy escort. Research activities include algorithm development, onboard perception-to-action pipelines integration, and iterative field evaluation to quantify gains in time-to-reroute. Expected outcomes include a measurable improvement in time-to-reroute and a documented transition path informed by operational stakeholder feedback.",Autonomy,2026,178000,Cinderpoint College of Engineering,Code-34,CUI-Mock,seed-initial-2026,2026-05-23T16:09:48+00:00
ONRD-2026-CYBR-00340,Advancing supply-chain firmware attestation to Improve industrial-control-system (ICS) protection for propulsion systems,"This effort develops supply-chain firmware attestation to address persistent lateral movement-driven challenges in industrial-control-system (ICS) protection for propulsion systems. Research activities include algorithm development, adversarial machine-learning defense integration, and iterative field evaluation to quantify gains in mean time to detect. Expected outcomes include a measurable improvement in mean time to detect and a documented transition path informed by operational stakeholder feedback. Key technical risks include lateral movement and constrained attack surface, which will be tracked via quarterly milestone reviews.",Cyber,2026,52000,"Cinderpoint Systems, Inc.",Code-34,CUI-Mock,seed-initial-2026,2025-10-24T09:25:15+00:00
ONRD-2026-CYBR-00341,Toward scalable zero-trust network architecture design: Implications for cross-domain solution assurance,"This effort develops zero-trust network architecture design to address persistent cyber-physical resilience-driven challenges in cross-domain solution assurance. The performer will design, implement, and evaluate a prototype capability, validating performance against lateral movement-related benchmarks under realistic operational conditions. Expected outcomes include a measurable improvement in patch latency and a documented transition path informed by operational stakeholder feedback. Key technical risks include cyber-physical resilience and constrained lateral movement, which will be tracked via quarterly milestone reviews.",Cyber,2026,996000,Stonebridge Analytics Inc.,ONR-Corporate,CUI-Mock,seed-initial-2026,2026-09-14T07:14:36+00:00
ONRD-2026-QNTM-00342,Quantum-secure Communications for Precision Timing for Distributed Platforms,"This effort develops quantum-secure communications to address persistent decoherence-driven challenges in precision timing for distributed platforms. The performer will design, implement, and evaluate a prototype capability, validating performance against cryogenic control electronics-related benchmarks under realistic operational conditions. Expected outcomes include a measurable improvement in qubit fidelity and a documented transition path informed by operational stakeholder feedback.",Quantum,2026,181000,Bluewater College of Engineering,Code-31,CUI-Mock,seed-initial-2026,2026-08-28T08:12:07+00:00
ONRD-2026-USEA-00343,Toward adaptive autonomous underwater vehicle (AUV) navigation: Implications for seabed mapping,"This effort develops autonomous underwater vehicle (AUV) navigation to address persistent bathymetric uncertainty-driven challenges in seabed mapping. The team will conduct a phased study combining hydrodynamic hull-form optimization with legacy system integration to reduce risk prior to a transition decision. Expected outcomes include a measurable improvement in signal-to-noise ratio and a documented transition path informed by operational stakeholder feedback. Key technical risks include depth-rated housings and constrained acoustic signature reduction, which will be tracked via quarterly milestone reviews.",Undersea,2026,354000,Ironclad Dynamics Corp.,Code-31,CUI-Mock,seed-initial-2026,2026-02-16T15:51:17+00:00
ONRD-2026-DEWX-00344,Toward adaptive pulsed-power system integration: Implications for counter-unmanned aerial system (C-UAS) engagement,"This effort develops pulsed-power system integration to address persistent thermal blooming-driven challenges in counter-unmanned aerial system (C-UAS) engagement. Research activities include algorithm development, thermal management for solid-state lasers integration, and iterative field evaluation to quantify gains in time-on-target. Expected outcomes include a measurable improvement in time-on-target and a documented transition path informed by operational stakeholder feedback. A principal risk to schedule is duty-cycle limits; the performer will mitigate this through early prototyping and government checkpoint reviews.",Directed Energy,2026,1273000,Sable Advanced Systems Group,Code-30,CUI-Mock,seed-initial-2026,2026-02-04T08:01:48+00:00
ONRD-2026-AUTO-00345,Toward next-generation onboard perception-to-action pipelines: Implications for autonomous convoy escort,"This effort develops onboard perception-to-action pipelines to address persistent swarm resilience-driven challenges in autonomous convoy escort. Research activities include algorithm development, model-predictive control integration, and iterative field evaluation to quantify gains in mission completion rate. Expected outcomes include a measurable improvement in mission completion rate and a documented transition path informed by operational stakeholder feedback.",Autonomy,2026,280000,University of Wraith,Code-34,CUI-Mock,seed-initial-2026,2026-07-07T15:31:19+00:00
ONRD-2026-CYBR-00346,Adversarial Machine-learning Defense for Tactical Edge Cyber Resilience,"This effort develops adversarial machine-learning defense to address persistent attack surface-driven challenges in tactical edge cyber resilience. Research activities include algorithm development, supply-chain firmware attestation integration, and iterative field evaluation to quantify gains in patch latency. Expected outcomes include a measurable improvement in patch latency and a documented transition path informed by operational stakeholder feedback.",Cyber,2026,153000,Farview State University,Code-34,CUI-Mock,seed-initial-2026,2025-10-30T16:15:49+00:00
ONRD-2026-BIOT-00347,Scalable Microbiome-based Biofouling Mitigation for Biofilm-resistant Hull Coatings,"This effort develops microbiome-based biofouling mitigation to address persistent biomarker specificity-driven challenges in biofilm-resistant hull coatings. The performer will design, implement, and evaluate a prototype capability, validating performance against physiological baseline-related benchmarks under realistic operational conditions. Expected outcomes include a measurable improvement in shelf stability and a documented transition path informed by operational stakeholder feedback.",Biotech,2026,2326000,Redshift Polytechnic University,Code-35,CUI-Mock,seed-initial-2026,2026-05-21T17:22:10+00:00
ONRD-2026-CYBR-00348,Energy-Efficient Approaches to Tactical Edge Cyber Resilience via Adversarial Machine-learning Defense,"This effort develops adversarial machine-learning defense to address persistent lateral movement-driven challenges in tactical edge cyber resilience. The performer will design, implement, and evaluate a prototype capability, validating performance against cyber-physical resilience-related benchmarks under realistic operational conditions. Expected outcomes include a measurable improvement in false-positive rate and a documented transition path informed by operational stakeholder feedback. Key technical risks include attack surface and constrained cyber-physical resilience, which will be tracked via quarterly milestone reviews.",Cyber,2026,175000,University of Windrose,ONR-Corporate,CUI-Mock,seed-initial-2026,2026-08-21T13:47:30+00:00
ONRD-2026-MATL-00349,Phase I: Self-healing Polymer Synthesis for Battery Electrode Materials,This effort develops self-healing polymer synthesis to address persistent fatigue life-driven challenges in battery electrode materials. The team will conduct a phased study combining additive manufacturing process qualification with legacy system integration to reduce risk prior to a transition decision. Expected outcomes include a measurable improvement in specific strength and a documented transition path informed by operational stakeholder feedback.,Materials,2026,5133000,Cascade Labs,Code-32,CUI-Mock,seed-initial-2026,2026-03-06T15:43:58+00:00
ONRD-2026-USEA-00350,Passive Acoustic Signal Processing for Seabed Mapping,"This effort develops passive acoustic signal processing to address persistent ambient ocean noise-driven challenges in seabed mapping. Research activities include algorithm development, hydrodynamic hull-form optimization integration, and iterative field evaluation to quantify gains in signal-to-noise ratio. Expected outcomes include a measurable improvement in signal-to-noise ratio and a documented transition path informed by operational stakeholder feedback. Key technical risks include acoustic signature reduction and constrained depth-rated housings, which will be tracked via quarterly milestone reviews.",Undersea,2026,601000,Sable Labs,Code-35,CUI-Mock,seed-initial-2026,2026-07-12T08:31:48+00:00
ONRD-2026-QNTM-00351,Phase II: Quantum-enhanced Magnetometry for Undersea Navigation Without GPS,"This effort develops quantum-enhanced magnetometry to address persistent cryogenic control electronics-driven challenges in undersea navigation without GPS. The team will conduct a phased study combining quantum-secure communications with legacy system integration to reduce risk prior to a transition decision. Expected outcomes include a measurable improvement in key generation rate and a documented transition path informed by operational stakeholder feedback. Key technical risks include decoherence and constrained qubit fidelity, which will be tracked via quarterly milestone reviews.",Quantum,2026,552000,University of Copperline,Code-35,CUI-Mock,seed-initial-2026,2026-08-29T07:21:54+00:00
ONRD-2026-CYBR-00352,Adversarial Machine-learning Defense for Tactical Edge Cyber Resilience,This effort develops adversarial machine-learning defense to address persistent zero-day exposure-driven challenges in tactical edge cyber resilience. The team will conduct a phased study combining zero-trust network architecture design with legacy system integration to reduce risk prior to a transition decision. Expected outcomes include a measurable improvement in false-positive rate and a documented transition path informed by operational stakeholder feedback. A principal risk to schedule is zero-day exposure; the performer will mitigate this through early prototyping and government checkpoint reviews.,Cyber,2026,228000,Anchor College of Engineering,Code-31,CUI-Mock,seed-initial-2026,2025-10-04T15:09:21+00:00
ONRD-2026-AIML-00353,Next-Generation Approaches to Command-and-control Decision Support via Bayesian Uncertainty Quantification,"This effort develops Bayesian uncertainty quantification to address persistent model drift-driven challenges in command-and-control decision support. Research activities include algorithm development, multi-agent reinforcement learning integration, and iterative field evaluation to quantify gains in inference latency. Expected outcomes include a measurable improvement in inference latency and a documented transition path informed by operational stakeholder feedback.",AI/ML,2026,89000,Longview Dynamics Corp.,Code-34,CUI-Mock,seed-initial-2026,2026-02-17T13:37:00+00:00
ONRD-2026-DEWX-00354,Advancing high-energy laser beam control to Improve atmospheric propagation modeling,"This effort develops high-energy laser beam control to address persistent power density-driven challenges in atmospheric propagation modeling. The team will conduct a phased study combining high-power microwave source design with legacy system integration to reduce risk prior to a transition decision. Expected outcomes include a measurable improvement in engagement range and a documented transition path informed by operational stakeholder feedback. Key technical risks include duty-cycle limits and constrained power density, which will be tracked via quarterly milestone reviews.",Directed Energy,2026,188000,University of Cobalt,Code-32,Public-Mock,seed-initial-2026,2026-06-15T11:37:07+00:00
ONRD-2026-AIML-00355,"Next-Generation Self-supervised Representation Learning for Intelligence, Surveillance, and Reconnaissance (ISR) Triage","This effort develops self-supervised representation learning to address persistent latency-driven challenges in intelligence, surveillance, and reconnaissance (ISR) triage. The performer will design, implement, and evaluate a prototype capability, validating performance against trust calibration-related benchmarks under realistic operational conditions. Expected outcomes include a measurable improvement in classification accuracy and a documented transition path informed by operational stakeholder feedback.",AI/ML,2026,343000,Driftwood Applied Research LLC,Code-31,CUI-Mock,seed-initial-2026,2026-02-05T17:50:29+00:00
ONRD-2026-DEWX-00356,Toward resilient thermal management for solid-state lasers: Implications for counter-unmanned aerial system (C-UAS) engagement,"This effort develops thermal management for solid-state lasers to address persistent duty-cycle limits-driven challenges in counter-unmanned aerial system (C-UAS) engagement. Research activities include algorithm development, pulsed-power system integration integration, and iterative field evaluation to quantify gains in engagement range. Expected outcomes include a measurable improvement in engagement range and a documented transition path informed by operational stakeholder feedback. Key technical risks include thermal blooming and constrained duty-cycle limits, which will be tracked via quarterly milestone reviews.",Directed Energy,2026,2138000,University of Meridian,ONR-Corporate,CUI-Mock,seed-initial-2026,2026-05-14T13:11:37+00:00
ONRD-2026-MATL-00357,Advancing self-healing polymer synthesis to Improve lightweight airframe structures,"This effort develops self-healing polymer synthesis to address persistent corrosion rate-driven challenges in lightweight airframe structures. The performer will design, implement, and evaluate a prototype capability, validating performance against specific strength-related benchmarks under realistic operational conditions. Expected outcomes include a measurable improvement in thermal tolerance and a documented transition path informed by operational stakeholder feedback. Key technical risks include fatigue life and constrained corrosion rate, which will be tracked via quarterly milestone reviews.",Materials,2026,2347000,Ironclad Polytechnic University,Code-30,CUI-Mock,seed-initial-2026,2026-02-20T13:32:47+00:00
ONRD-2026-USEA-00358,Modular Approaches to Anti-submarine Warfare (ASW) Sensor Networks via Autonomous Underwater Vehicle (AUV) Navigation,"This effort develops autonomous underwater vehicle (AUV) navigation to address persistent ambient ocean noise-driven challenges in anti-submarine warfare (ASW) sensor networks. Research activities include algorithm development, low-frequency active sonar waveform design integration, and iterative field evaluation to quantify gains in localization error. Expected outcomes include a measurable improvement in localization error and a documented transition path informed by operational stakeholder feedback. A principal risk to schedule is acoustic signature reduction; the performer will mitigate this through early prototyping and government checkpoint reviews.",Undersea,2026,72000,Redshift State University,Code-35,CUI-Mock,seed-initial-2026,2026-07-13T12:40:03+00:00
ONRD-2026-MATL-00359,Modular Approaches to Hull Coating for Biofouling Resistance via High-entropy Alloy Design,"This effort develops high-entropy alloy design to address persistent corrosion rate-driven challenges in hull coating for biofouling resistance. The performer will design, implement, and evaluate a prototype capability, validating performance against specific strength-related benchmarks under realistic operational conditions. Expected outcomes include a measurable improvement in specific strength and a documented transition path informed by operational stakeholder feedback. Key technical risks include fracture toughness and constrained corrosion rate, which will be tracked via quarterly milestone reviews.",Materials,2026,626000,Windrose College of Engineering,Code-31,CUI-Mock,seed-initial-2026,2026-01-21T15:24:11+00:00
ONRD-2026-USEA-00360,Toward scalable passive acoustic signal processing: Implications for undersea cable route surveying,"This effort develops passive acoustic signal processing to address persistent depth-rated housings-driven challenges in undersea cable route surveying. Research activities include algorithm development, hydrodynamic hull-form optimization integration, and iterative field evaluation to quantify gains in endurance. Expected outcomes include a measurable improvement in endurance and a documented transition path informed by operational stakeholder feedback. Key technical risks include bathymetric uncertainty and constrained acoustic signature reduction, which will be tracked via quarterly milestone reviews.",Undersea,2026,229000,University of Foxglove,Code-32,CUI-Mock,seed-initial-2026,2025-10-14T18:35:47+00:00
ONRD-2026-USEA-00361,Autonomous Underwater Vehicle (AUV) Navigation for Littoral Mine-countermeasure Operations,"This effort develops autonomous underwater vehicle (AUV) navigation to address persistent ambient ocean noise-driven challenges in littoral mine-countermeasure operations. The performer will design, implement, and evaluate a prototype capability, validating performance against acoustic signature reduction-related benchmarks under realistic operational conditions. Expected outcomes include a measurable improvement in endurance and a documented transition path informed by operational stakeholder feedback. Key technical risks include acoustic signature reduction and constrained bathymetric uncertainty, which will be tracked via quarterly milestone reviews.",Undersea,2026,1138000,Foxglove State University,Code-30,CUI-Mock,seed-initial-2026,2026-06-04T08:52:40+00:00
ONRD-2026-QNTM-00362,Phase II: Quantum Error-correction Code Development for Gravimetric Anomaly Detection,"This effort develops quantum error-correction code development to address persistent decoherence-driven challenges in gravimetric anomaly detection. The team will conduct a phased study combining quantum-enhanced magnetometry with legacy system integration to reduce risk prior to a transition decision. Expected outcomes include a measurable improvement in coherence time and a documented transition path informed by operational stakeholder feedback. Key technical risks include qubit fidelity and constrained decoherence, which will be tracked via quarterly milestone reviews.",Quantum,2026,184000,Northgate Applied Research LLC,ONR-Corporate,CUI-Mock,seed-initial-2026,2026-03-22T16:29:26+00:00
ONRD-2026-BIOT-00363,Microbiome-based Biofouling Mitigation for Biofilm-resistant Hull Coatings,"This effort develops microbiome-based biofouling mitigation to address persistent field ruggedization-driven challenges in biofilm-resistant hull coatings. Research activities include algorithm development, human performance physiological modeling integration, and iterative field evaluation to quantify gains in biomarker specificity. Expected outcomes include a measurable improvement in biomarker specificity and a documented transition path informed by operational stakeholder feedback. Key technical risks include physiological baseline and constrained biomarker specificity, which will be tracked via quarterly milestone reviews.",Biotech,2026,2601000,Granite Robotics Corp.,Code-30,CUI-Mock,seed-initial-2026,2026-07-22T10:29:54+00:00
ONRD-2026-AIML-00364,Advancing human-machine teaming policy optimization to Improve sensor fusion for contested environments,"This effort develops human-machine teaming policy optimization to address persistent training-data scarcity-driven challenges in sensor fusion for contested environments. Research activities include algorithm development, explainable neural inference integration, and iterative field evaluation to quantify gains in inference latency. Expected outcomes include a measurable improvement in inference latency and a documented transition path informed by operational stakeholder feedback.",AI/ML,2026,87000,Longview Institute of Technology,Code-30,CUI-Mock,seed-initial-2026,2025-11-19T13:38:37+00:00
ONRD-2026-AUTO-00365,Behavior-tree Mission Planning for Contested-environment Navigation,"This effort develops behavior-tree mission planning to address persistent onboard compute limits-driven challenges in contested-environment navigation. The performer will design, implement, and evaluate a prototype capability, validating performance against autonomy assurance-related benchmarks under realistic operational conditions. Expected outcomes include a measurable improvement in time-to-reroute and a documented transition path informed by operational stakeholder feedback.",Autonomy,2026,424000,Amberfield Applied Research LLC,ONR-Corporate,CUI-Mock,seed-initial-2026,2026-03-27T09:29:03+00:00
ONRD-2026-MATL-00366,Field-Deployable Composite Laminate Fatigue Characterization for Thermal-protection Systems for Hypersonic Platforms,"This effort develops composite laminate fatigue characterization to address persistent fracture toughness-driven challenges in thermal-protection systems for hypersonic platforms. Research activities include algorithm development, high-entropy alloy design integration, and iterative field evaluation to quantify gains in thermal tolerance. Expected outcomes include a measurable improvement in thermal tolerance and a documented transition path informed by operational stakeholder feedback.",Materials,2026,696000,Redshift Advanced Systems Group,Code-35,CUI-Mock,seed-initial-2026,2025-11-23T08:59:14+00:00
ONRD-2026-BIOT-00367,Phase III: Field-deployable Diagnostic Assay Development for Warfighter Fatigue and Readiness Monitoring,"This effort develops field-deployable diagnostic assay development to address persistent assay sensitivity-driven challenges in warfighter fatigue and readiness monitoring. Research activities include algorithm development, microbiome-based biofouling mitigation integration, and iterative field evaluation to quantify gains in assay sensitivity. Expected outcomes include a measurable improvement in assay sensitivity and a documented transition path informed by operational stakeholder feedback.",Biotech,2026,619000,Ironclad Dynamics Corp.,ONR-Corporate,CUI-Mock,seed-initial-2026,2025-12-08T07:09:23+00:00
ONRD-2026-QNTM-00368,Low-Latency Approaches to Precision Timing for Distributed Platforms via Quantum-secure Communications,"This effort develops quantum-secure communications to address persistent qubit fidelity-driven challenges in precision timing for distributed platforms. The performer will design, implement, and evaluate a prototype capability, validating performance against entanglement distribution-related benchmarks under realistic operational conditions. Expected outcomes include a measurable improvement in qubit fidelity and a documented transition path informed by operational stakeholder feedback. A principal risk to schedule is qubit fidelity; the performer will mitigate this through early prototyping and government checkpoint reviews.",Quantum,2026,640000,Pelican Analytics Inc.,Code-34,CUI-Mock,seed-initial-2026,2026-02-24T15:39:19+00:00
ONRD-2026-AUTO-00369,Phase II: Swarm Coordination Algorithms for Contested-environment Navigation,"This effort develops swarm coordination algorithms to address persistent degraded communications-driven challenges in contested-environment navigation. The performer will design, implement, and evaluate a prototype capability, validating performance against autonomy assurance-related benchmarks under realistic operational conditions. Expected outcomes include a measurable improvement in mission completion rate and a documented transition path informed by operational stakeholder feedback.",Autonomy,2026,120000,Vantage College of Engineering,Code-31,CUI-Mock,seed-initial-2026,2025-10-16T07:48:18+00:00
ONRD-2026-QNTM-00370,Phase I: Quantum Key Distribution Protocol Design for Undersea Navigation Without GPS,"This effort develops quantum key distribution protocol design to address persistent qubit fidelity-driven challenges in undersea navigation without GPS. The performer will design, implement, and evaluate a prototype capability, validating performance against cryogenic control electronics-related benchmarks under realistic operational conditions. Expected outcomes include a measurable improvement in sensor sensitivity and a documented transition path informed by operational stakeholder feedback.",Quantum,2026,236000,Pelican Applied Research LLC,Code-30,CUI-Mock,seed-initial-2026,2026-06-13T07:54:01+00:00
ONRD-2026-AIML-00371,Toward scalable self-supervised representation learning: Implications for adversarial threat classification,"This effort develops self-supervised representation learning to address persistent trust calibration-driven challenges in adversarial threat classification. Research activities include algorithm development, graph neural network reasoning integration, and iterative field evaluation to quantify gains in operator trust score. Expected outcomes include a measurable improvement in operator trust score and a documented transition path informed by operational stakeholder feedback. A principal risk to schedule is latency; the performer will mitigate this through early prototyping and government checkpoint reviews.",AI/ML,2026,236000,Farview College of Engineering,Code-35,CUI-Mock,seed-initial-2026,2026-03-21T07:23:45+00:00
ONRD-2026-QNTM-00372,Advancing photonic quantum sensing to Improve undersea navigation without GPS,"This effort develops photonic quantum sensing to address persistent cryogenic control electronics-driven challenges in undersea navigation without GPS. Research activities include algorithm development, quantum-secure communications integration, and iterative field evaluation to quantify gains in key generation rate. Expected outcomes include a measurable improvement in key generation rate and a documented transition path informed by operational stakeholder feedback.",Quantum,2026,865000,Harborlight Dynamics Corp.,ONR-Corporate,Public-Mock,seed-initial-2026,2025-12-24T12:26:10+00:00
ONRD-2026-QNTM-00373,Phase II: Photonic Quantum Sensing for Gravimetric Anomaly Detection,This effort develops photonic quantum sensing to address persistent decoherence-driven challenges in gravimetric anomaly detection. The team will conduct a phased study combining trapped-ion qubit control with legacy system integration to reduce risk prior to a transition decision. Expected outcomes include a measurable improvement in coherence time and a documented transition path informed by operational stakeholder feedback.,Quantum,2026,6186000,University of Highland,Code-35,CUI-Mock,seed-initial-2026,2025-12-25T14:50:24+00:00
ONRD-2026-MATL-00374,Scalable Self-healing Polymer Synthesis for Thermal-protection Systems for Hypersonic Platforms,This effort develops self-healing polymer synthesis to address persistent fracture toughness-driven challenges in thermal-protection systems for hypersonic platforms. The team will conduct a phased study combining corrosion-resistant coating development with legacy system integration to reduce risk prior to a transition decision. Expected outcomes include a measurable improvement in specific strength and a documented transition path informed by operational stakeholder feedback.,Materials,2026,802000,University of Cascade,Code-31,CUI-Mock,seed-initial-2026,2025-11-28T09:26:55+00:00
ONRD-2026-BIOT-00375,Field-Deployable Approaches to Biofilm-resistant Hull Coatings via Microbiome-based Biofouling Mitigation,"This effort develops microbiome-based biofouling mitigation to address persistent field ruggedization-driven challenges in biofilm-resistant hull coatings. Research activities include algorithm development, human performance physiological modeling integration, and iterative field evaluation to quantify gains in diagnostic turnaround time. Expected outcomes include a measurable improvement in diagnostic turnaround time and a documented transition path informed by operational stakeholder feedback.",Biotech,2026,200000,Halcyon Analytics Inc.,Code-30,Public-Mock,seed-initial-2026,2025-11-16T09:40:54+00:00
ONRD-2026-CYBR-00376,Zero-trust Network Architecture Design for Industrial-control-system (ICS) Protection for Propulsion Systems,"This effort develops zero-trust network architecture design to address persistent attack surface-driven challenges in industrial-control-system (ICS) protection for propulsion systems. The performer will design, implement, and evaluate a prototype capability, validating performance against cyber-physical resilience-related benchmarks under realistic operational conditions. Expected outcomes include a measurable improvement in mean time to detect and a documented transition path informed by operational stakeholder feedback.",Cyber,2026,101000,Stonebridge Polytechnic University,Code-32,CUI-Mock,seed-initial-2026,2026-08-27T08:42:37+00:00
ONRD-2026-CYBR-00377,Supply-chain Firmware Attestation for Industrial-control-system (ICS) Protection for Propulsion Systems,"This effort develops supply-chain firmware attestation to address persistent cyber-physical resilience-driven challenges in industrial-control-system (ICS) protection for propulsion systems. The performer will design, implement, and evaluate a prototype capability, validating performance against lateral movement-related benchmarks under realistic operational conditions. Expected outcomes include a measurable improvement in attack-surface reduction and a documented transition path informed by operational stakeholder feedback.",Cyber,2026,345000,University of Wraith,Code-35,CUI-Mock,seed-initial-2026,2026-02-06T15:21:06+00:00
ONRD-2026-BIOT-00378,Toward field-deployable biomarker-based fatigue detection: Implications for rapid diagnostic triage in austere environments,"This effort develops biomarker-based fatigue detection to address persistent biomarker specificity-driven challenges in rapid diagnostic triage in austere environments. The team will conduct a phased study combining human performance physiological modeling with legacy system integration to reduce risk prior to a transition decision. Expected outcomes include a measurable improvement in diagnostic turnaround time and a documented transition path informed by operational stakeholder feedback. Key technical risks include assay sensitivity and constrained physiological baseline, which will be tracked via quarterly milestone reviews.",Biotech,2026,7129000,University of Bluewater,Code-35,CUI-Mock,seed-initial-2026,2026-04-26T13:00:52+00:00
ONRD-2026-DEWX-00379,Energy-Efficient Approaches to Atmospheric Propagation Modeling via High-energy Laser Beam Control,This effort develops high-energy laser beam control to address persistent duty-cycle limits-driven challenges in atmospheric propagation modeling. The team will conduct a phased study combining thermal management for solid-state lasers with legacy system integration to reduce risk prior to a transition decision. Expected outcomes include a measurable improvement in beam quality factor and a documented transition path informed by operational stakeholder feedback.,Directed Energy,2026,177000,Amberfield Robotics Corp.,Code-34,CUI-Mock,seed-initial-2026,2026-08-27T09:04:40+00:00
ONRD-2026-AIML-00380,Energy-Efficient Explainable Neural Inference for Command-and-control Decision Support,"This effort develops explainable neural inference to address persistent latency-driven challenges in command-and-control decision support. Research activities include algorithm development, human-machine teaming policy optimization integration, and iterative field evaluation to quantify gains in operator trust score. Expected outcomes include a measurable improvement in operator trust score and a documented transition path informed by operational stakeholder feedback.",AI/ML,2026,302000,Farview Labs,Code-30,CUI-Mock,seed-initial-2026,2025-10-05T10:23:29+00:00
ONRD-2026-DEWX-00381,Adaptive Approaches to Counter-unmanned Aerial System (C-UAS) Engagement via High-power Microwave Source Design,"This effort develops high-power microwave source design to address persistent thermal blooming-driven challenges in counter-unmanned aerial system (C-UAS) engagement. The performer will design, implement, and evaluate a prototype capability, validating performance against duty-cycle limits-related benchmarks under realistic operational conditions. Expected outcomes include a measurable improvement in engagement range and a documented transition path informed by operational stakeholder feedback. A principal risk to schedule is duty-cycle limits; the performer will mitigate this through early prototyping and government checkpoint reviews.",Directed Energy,2026,893000,Summit Dynamics Corp.,Code-32,CUI-Mock,seed-initial-2026,2026-04-04T16:36:13+00:00
ONRD-2026-MATL-00382,Phase I: Corrosion-resistant Coating Development for Battery Electrode Materials,"This effort develops corrosion-resistant coating development to address persistent fracture toughness-driven challenges in battery electrode materials. Research activities include algorithm development, self-healing polymer synthesis integration, and iterative field evaluation to quantify gains in fatigue life. Expected outcomes include a measurable improvement in fatigue life and a documented transition path informed by operational stakeholder feedback. A principal risk to schedule is fracture toughness; the performer will mitigate this through early prototyping and government checkpoint reviews.",Materials,2026,701000,Beacon Polytechnic University,Code-34,CUI-Mock,seed-initial-2026,2026-04-16T15:00:23+00:00
ONRD-2026-AIML-00383,Toward next-generation transformer-based sequence modeling: Implications for predictive maintenance for shipboard systems,"This effort develops transformer-based sequence modeling to address persistent training-data scarcity-driven challenges in predictive maintenance for shipboard systems. The performer will design, implement, and evaluate a prototype capability, validating performance against model drift-related benchmarks under realistic operational conditions. Expected outcomes include a measurable improvement in operator trust score and a documented transition path informed by operational stakeholder feedback.",AI/ML,2026,1083000,University of Highland,Code-32,CUI-Mock,seed-initial-2026,2026-04-08T08:59:06+00:00
ONRD-2026-CYBR-00384,Advancing anomaly-based intrusion detection to Improve industrial-control-system (ICS) protection for propulsion systems,This effort develops anomaly-based intrusion detection to address persistent cyber-physical resilience-driven challenges in industrial-control-system (ICS) protection for propulsion systems. The team will conduct a phased study combining supply-chain firmware attestation with legacy system integration to reduce risk prior to a transition decision. Expected outcomes include a measurable improvement in mean time to detect and a documented transition path informed by operational stakeholder feedback.,Cyber,2026,66000,Copperline Institute of Technology,Code-30,CUI-Mock,seed-initial-2026,2026-03-02T07:54:31+00:00
ONRD-2026-AUTO-00385,Distributed Task Allocation for Contested-environment Navigation,"This effort develops distributed task allocation to address persistent autonomy assurance-driven challenges in contested-environment navigation. Research activities include algorithm development, swarm coordination algorithms integration, and iterative field evaluation to quantify gains in swarm coordination overhead. Expected outcomes include a measurable improvement in swarm coordination overhead and a documented transition path informed by operational stakeholder feedback.",Autonomy,2026,199000,Palisade Defense Technologies,Code-35,CUI-Mock,seed-initial-2026,2026-05-26T11:22:20+00:00
ONRD-2026-QNTM-00386,Toward energy-efficient photonic quantum sensing: Implications for precision timing for distributed platforms,This effort develops photonic quantum sensing to address persistent qubit fidelity-driven challenges in precision timing for distributed platforms. The team will conduct a phased study combining trapped-ion qubit control with legacy system integration to reduce risk prior to a transition decision. Expected outcomes include a measurable improvement in coherence time and a documented transition path informed by operational stakeholder feedback. A principal risk to schedule is qubit fidelity; the performer will mitigate this through early prototyping and government checkpoint reviews.,Quantum,2026,239000,Vantage Institute of Technology,Code-32,CUI-Mock,seed-initial-2026,2026-09-17T12:40:36+00:00
ONRD-2026-DEWX-00387,Toward energy-efficient high-energy laser beam control: Implications for shipboard self-defense layers,"This effort develops high-energy laser beam control to address persistent thermal blooming-driven challenges in shipboard self-defense layers. The performer will design, implement, and evaluate a prototype capability, validating performance against power density-related benchmarks under realistic operational conditions. Expected outcomes include a measurable improvement in duty cycle and a documented transition path informed by operational stakeholder feedback.",Directed Energy,2026,2370000,Duskwater Applied Research LLC,Code-31,CUI-Mock,seed-initial-2026,2025-10-16T07:38:47+00:00
ONRD-2026-USEA-00388,Advancing undersea acoustic communications to Improve anti-submarine warfare (ASW) sensor networks,"This effort develops undersea acoustic communications to address persistent acoustic signature reduction-driven challenges in anti-submarine warfare (ASW) sensor networks. The performer will design, implement, and evaluate a prototype capability, validating performance against bathymetric uncertainty-related benchmarks under realistic operational conditions. Expected outcomes include a measurable improvement in detection range and a documented transition path informed by operational stakeholder feedback. A principal risk to schedule is bathymetric uncertainty; the performer will mitigate this through early prototyping and government checkpoint reviews.",Undersea,2026,127000,Beacon Advanced Systems Group,Code-31,CUI-Mock,seed-initial-2026,2025-12-27T13:07:03+00:00
ONRD-2026-AIML-00389,Phase III: Explainable Neural Inference for Sensor Fusion for Contested Environments,This effort develops explainable neural inference to address persistent latency-driven challenges in sensor fusion for contested environments. The team will conduct a phased study combining multi-agent reinforcement learning with legacy system integration to reduce risk prior to a transition decision. Expected outcomes include a measurable improvement in inference latency and a documented transition path informed by operational stakeholder feedback.,AI/ML,2026,2946000,Highland Robotics Corp.,Code-34,CUI-Mock,seed-initial-2026,2025-12-09T10:02:17+00:00
ONRD-2026-CYBR-00390,Advancing zero-trust network architecture design to Improve shipboard combat-system network hardening,This effort develops zero-trust network architecture design to address persistent zero-day exposure-driven challenges in shipboard combat-system network hardening. The team will conduct a phased study combining secure software-defined networking with legacy system integration to reduce risk prior to a transition decision. Expected outcomes include a measurable improvement in attack-surface reduction and a documented transition path informed by operational stakeholder feedback. A principal risk to schedule is zero-day exposure; the performer will mitigate this through early prototyping and government checkpoint reviews.,Cyber,2026,221000,University of Foxglove,Code-35,CUI-Mock,seed-initial-2026,2026-07-19T09:25:24+00:00
ONRD-2026-QNTM-00391,Scalable Quantum Error-correction Code Development for Gravimetric Anomaly Detection,"This effort develops quantum error-correction code development to address persistent qubit fidelity-driven challenges in gravimetric anomaly detection. The performer will design, implement, and evaluate a prototype capability, validating performance against decoherence-related benchmarks under realistic operational conditions. Expected outcomes include a measurable improvement in coherence time and a documented transition path informed by operational stakeholder feedback. A principal risk to schedule is entanglement distribution; the performer will mitigate this through early prototyping and government checkpoint reviews.",Quantum,2026,1211000,Cascade Analytics Inc.,Code-30,CUI-Mock,seed-initial-2026,2026-06-04T14:18:30+00:00
ONRD-2026-MATL-00392,Adaptive Approaches to Thermal-protection Systems for Hypersonic Platforms via Additive Manufacturing Process Qualification,"This effort develops additive manufacturing process qualification to address persistent fatigue life-driven challenges in thermal-protection systems for hypersonic platforms. The performer will design, implement, and evaluate a prototype capability, validating performance against fracture toughness-related benchmarks under realistic operational conditions. Expected outcomes include a measurable improvement in fatigue life and a documented transition path informed by operational stakeholder feedback.",Materials,2026,3824000,Stonebridge Institute of Technology,Code-30,CUI-Mock,seed-initial-2026,2025-11-14T17:38:10+00:00
ONRD-2026-MATL-00393,Phase II: Self-healing Polymer Synthesis for Lightweight Airframe Structures,"This effort develops self-healing polymer synthesis to address persistent fracture toughness-driven challenges in lightweight airframe structures. The performer will design, implement, and evaluate a prototype capability, validating performance against fatigue life-related benchmarks under realistic operational conditions. Expected outcomes include a measurable improvement in fatigue life and a documented transition path informed by operational stakeholder feedback.",Materials,2026,1524000,Wraith Analytics Inc.,Code-34,CUI-Mock,seed-initial-2026,2026-06-11T13:07:05+00:00
ONRD-2026-QNTM-00394,Advancing quantum-enhanced magnetometry to Improve undersea navigation without GPS,This effort develops quantum-enhanced magnetometry to address persistent cryogenic control electronics-driven challenges in undersea navigation without GPS. The team will conduct a phased study combining quantum-secure communications with legacy system integration to reduce risk prior to a transition decision. Expected outcomes include a measurable improvement in qubit fidelity and a documented transition path informed by operational stakeholder feedback.,Quantum,2026,161000,Pelican Applied Research LLC,Code-32,CUI-Mock,seed-initial-2026,2025-11-06T08:09:13+00:00
ONRD-2026-AIML-00395,"Resilient Multi-agent Reinforcement Learning for Intelligence, Surveillance, and Reconnaissance (ISR) Triage","This effort develops multi-agent reinforcement learning to address persistent trust calibration-driven challenges in intelligence, surveillance, and reconnaissance (ISR) triage. Research activities include algorithm development, self-supervised representation learning integration, and iterative field evaluation to quantify gains in operator trust score. Expected outcomes include a measurable improvement in operator trust score and a documented transition path informed by operational stakeholder feedback. Key technical risks include edge deployment and constrained training-data scarcity, which will be tracked via quarterly milestone reviews.",AI/ML,2026,1973000,Harborlight Polytechnic University,Code-35,CUI-Mock,seed-initial-2026,2026-06-19T10:46:45+00:00
ONRD-2026-DEWX-00396,Toward energy-efficient high-energy laser beam control: Implications for counter-unmanned aerial system (C-UAS) engagement,"This effort develops high-energy laser beam control to address persistent power density-driven challenges in counter-unmanned aerial system (C-UAS) engagement. The performer will design, implement, and evaluate a prototype capability, validating performance against beam quality-related benchmarks under realistic operational conditions. Expected outcomes include a measurable improvement in beam quality factor and a documented transition path informed by operational stakeholder feedback.",Directed Energy,2026,471000,Summit Polytechnic University,Code-30,CUI-Mock,seed-initial-2026,2026-06-04T12:46:49+00:00
ONRD-2026-DEWX-00397,Toward robust high-energy laser beam control: Implications for directed-energy weapon test-bed evaluation,This effort develops high-energy laser beam control to address persistent beam quality-driven challenges in directed-energy weapon test-bed evaluation. The team will conduct a phased study combining high-power microwave source design with legacy system integration to reduce risk prior to a transition decision. Expected outcomes include a measurable improvement in engagement range and a documented transition path informed by operational stakeholder feedback. A principal risk to schedule is beam quality; the performer will mitigate this through early prototyping and government checkpoint reviews.,Directed Energy,2026,681000,Ironclad Dynamics Corp.,Code-35,CUI-Mock,seed-initial-2026,2026-03-11T10:05:26+00:00
ONRD-2026-AIML-00398,Toward scalable self-supervised representation learning: Implications for predictive maintenance for shipboard systems,"This effort develops self-supervised representation learning to address persistent trust calibration-driven challenges in predictive maintenance for shipboard systems. Research activities include algorithm development, federated learning integration, and iterative field evaluation to quantify gains in operator trust score. Expected outcomes include a measurable improvement in operator trust score and a documented transition path informed by operational stakeholder feedback. Key technical risks include model drift and constrained latency, which will be tracked via quarterly milestone reviews.",AI/ML,2026,142000,Longview State University,Code-34,Public-Mock,seed-initial-2026,2026-02-05T12:35:24+00:00
ONRD-2026-AIML-00399,Low-Latency Multi-agent Reinforcement Learning for Sensor Fusion for Contested Environments,"This effort develops multi-agent reinforcement learning to address persistent edge deployment-driven challenges in sensor fusion for contested environments. Research activities include algorithm development, federated learning integration, and iterative field evaluation to quantify gains in false-alarm rate. Expected outcomes include a measurable improvement in false-alarm rate and a documented transition path informed by operational stakeholder feedback.",AI/ML,2026,805000,Ironclad Defense Technologies,Code-35,CUI-Mock,seed-initial-2026,2026-03-26T13:23:49+00:00
ONRD-2026-BIOT-00400,Advancing synthetic biology pathway engineering to Improve biofilm-resistant hull coatings,"This effort develops synthetic biology pathway engineering to address persistent assay sensitivity-driven challenges in biofilm-resistant hull coatings. The performer will design, implement, and evaluate a prototype capability, validating performance against biomarker specificity-related benchmarks under realistic operational conditions. Expected outcomes include a measurable improvement in assay sensitivity and a documented transition path informed by operational stakeholder feedback.",Biotech,2026,306000,Meridian Analytics Inc.,Code-34,CUI-Mock,seed-initial-2026,2026-08-13T08:27:52+00:00
