transaction_id,grant_no,cost_center,program_area,category,fiscal_year,quarter,budget_allocated,actual_expenditure,execution_rate,variance,status,batch_id
FIN-100001,ONRD-2019-USEA-00001,ONR-Corporate,Undersea,Facilities,2019,Q1,592418.49,438090.64,73.9,154327.85,Closed,seed-initial-2026
FIN-100002,ONRD-2019-USEA-00001,ONR-Corporate,Undersea,Equipment,2019,Q4,89266.57,64294.64,72.0,24971.93,Closed,seed-initial-2026
FIN-100003,ONRD-2019-USEA-00001,ONR-Corporate,Undersea,Personnel,2019,Q3,8314.94,8470.71,101.9,-155.77,Closed,seed-initial-2026
FIN-100004,ONRD-2019-BIOT-00002,ONR-Corporate,Biotech,Personnel,2019,Q3,341652.54,270422.01,79.2,71230.53,Closed,seed-initial-2026
FIN-100005,ONRD-2019-BIOT-00002,ONR-Corporate,Biotech,Supplies,2019,Q4,309146.55,249623.99,80.7,59522.56,Closed,seed-initial-2026
FIN-100006,ONRD-2019-BIOT-00002,ONR-Corporate,Biotech,Personnel,2019,Q2,303200.91,276683.17,91.3,26517.74,Closed,seed-initial-2026
FIN-100007,ONRD-2019-AIML-00003,Code-34,AI/ML,Facilities,2019,Q3,115716.82,114515.7,99.0,1201.12,Closed,seed-initial-2026
FIN-100008,ONRD-2019-AIML-00003,Code-34,AI/ML,Travel,2019,Q4,287804.27,211777.07,73.6,76027.2,Closed,seed-initial-2026
FIN-100009,ONRD-2019-AIML-00003,Code-34,AI/ML,Facilities,2019,Q1,1478.91,1127.78,76.3,351.13,Closed,seed-initial-2026
FIN-100010,ONRD-2019-MATL-00004,Code-31,Materials,Other Direct Costs,2019,Q1,49587.36,53279.41,107.4,-3692.05,Closed,seed-initial-2026
FIN-100011,ONRD-2019-MATL-00004,Code-31,Materials,Equipment,2019,Q4,78334.44,76401.22,97.5,1933.22,Closed,seed-initial-2026
FIN-100012,ONRD-2019-MATL-00004,Code-31,Materials,Training,2019,Q2,12078.2,12130.8,100.4,-52.6,Closed,seed-initial-2026
FIN-100013,ONRD-2019-AIML-00005,Code-35,AI/ML,Facilities,2019,Q2,335978.51,253612.05,75.5,82366.46,Closed,seed-initial-2026
FIN-100014,ONRD-2019-AIML-00005,Code-35,AI/ML,Contractors,2019,Q1,210458.27,166436.74,79.1,44021.53,Closed,seed-initial-2026
FIN-100015,ONRD-2019-AIML-00005,Code-35,AI/ML,Contractors,2019,Q2,461563.22,386753.63,83.8,74809.59,Closed,seed-initial-2026
FIN-100016,ONRD-2019-AUTO-00006,Code-32,Autonomy,Contractors,2019,Q2,82652.6,71725.08,86.8,10927.52,Closed,seed-initial-2026
FIN-100017,ONRD-2019-AUTO-00006,Code-32,Autonomy,Supplies,2019,Q4,240867.48,237741.68,98.7,3125.8,Closed,seed-initial-2026
FIN-100018,ONRD-2019-AUTO-00006,Code-32,Autonomy,Other Direct Costs,2019,Q4,219479.93,210030.29,95.7,9449.64,Closed,seed-initial-2026
FIN-100019,ONRD-2019-AIML-00007,Code-31,AI/ML,Supplies,2019,Q2,110789.34,86435.39,78.0,24353.95,Closed,seed-initial-2026
FIN-100020,ONRD-2019-AIML-00007,Code-31,AI/ML,Training,2019,Q4,90687.01,89881.85,99.1,805.16,Closed,seed-initial-2026
FIN-100021,ONRD-2019-AIML-00007,Code-31,AI/ML,Facilities,2019,Q4,117523.65,89488.69,76.1,28034.96,Closed,seed-initial-2026
FIN-100022,ONRD-2019-AUTO-00008,Code-35,Autonomy,Supplies,2019,Q4,714586.08,768480.66,107.5,-53894.58,Closed,seed-initial-2026
FIN-100023,ONRD-2019-AUTO-00008,Code-35,Autonomy,Contractors,2019,Q4,810413.3,687840.23,84.9,122573.07,Closed,seed-initial-2026
FIN-100024,ONRD-2019-AUTO-00008,Code-35,Autonomy,Other Direct Costs,2019,Q2,357000.62,379178.67,106.2,-22178.05,Closed,seed-initial-2026
FIN-100025,ONRD-2019-DEWX-00009,Code-30,Directed Energy,Equipment,2019,Q4,14796.83,11812.85,79.8,2983.98,Closed,seed-initial-2026
FIN-100026,ONRD-2019-DEWX-00009,Code-30,Directed Energy,Equipment,2019,Q1,50567.4,39456.37,78.0,11111.03,Closed,seed-initial-2026
FIN-100027,ONRD-2019-DEWX-00009,Code-30,Directed Energy,Equipment,2019,Q1,38635.77,33811.48,87.5,4824.29,Closed,seed-initial-2026
FIN-100028,ONRD-2019-CYBR-00010,Code-34,Cyber,Travel,2019,Q4,836272.52,681975.93,81.5,154296.59,Closed,seed-initial-2026
FIN-100029,ONRD-2019-CYBR-00010,Code-34,Cyber,Supplies,2019,Q3,349903.66,329079.15,94.0,20824.51,Closed,seed-initial-2026
FIN-100030,ONRD-2019-CYBR-00010,Code-34,Cyber,Training,2019,Q2,2529823.82,1948638.17,77.0,581185.65,Closed,seed-initial-2026
FIN-100031,ONRD-2019-MATL-00011,Code-31,Materials,Other Direct Costs,2019,Q3,1345743.94,1316604.31,97.8,29139.63,Closed,seed-initial-2026
FIN-100032,ONRD-2019-MATL-00011,Code-31,Materials,Travel,2019,Q1,1604439.1,1380581.52,86.0,223857.58,Closed,seed-initial-2026
FIN-100033,ONRD-2019-MATL-00011,Code-31,Materials,Training,2019,Q1,45816.96,39218.89,85.6,6598.07,Closed,seed-initial-2026
FIN-100034,ONRD-2019-QNTM-00012,Code-32,Quantum,Training,2019,Q1,606270.06,503458.94,83.0,102811.12,Closed,seed-initial-2026
FIN-100035,ONRD-2019-QNTM-00012,Code-32,Quantum,Travel,2019,Q2,678421.37,696943.97,102.7,-18522.6,Closed,seed-initial-2026
FIN-100036,ONRD-2019-QNTM-00012,Code-32,Quantum,Other Direct Costs,2019,Q1,87308.58,78380.96,89.8,8927.62,Closed,seed-initial-2026
FIN-100037,ONRD-2019-BIOT-00013,Code-34,Biotech,Supplies,2019,Q2,35199.58,29816.96,84.7,5382.62,Closed,seed-initial-2026
FIN-100038,ONRD-2019-BIOT-00013,Code-34,Biotech,Equipment,2019,Q4,70414.86,72233.54,102.6,-1818.68,Closed,seed-initial-2026
FIN-100039,ONRD-2019-BIOT-00013,Code-34,Biotech,Training,2019,Q2,58385.55,57470.8,98.4,914.75,Closed,seed-initial-2026
FIN-100040,ONRD-2019-DEWX-00014,Code-32,Directed Energy,Facilities,2019,Q3,50530.94,44826.31,88.7,5704.63,Closed,seed-initial-2026
FIN-100041,ONRD-2019-DEWX-00014,Code-32,Directed Energy,Other Direct Costs,2019,Q2,40855.4,43470.68,106.4,-2615.28,Closed,seed-initial-2026
FIN-100042,ONRD-2019-DEWX-00014,Code-32,Directed Energy,Contractors,2019,Q2,55613.66,58588.0,105.3,-2974.34,Closed,seed-initial-2026
FIN-100043,ONRD-2019-AIML-00015,Code-35,AI/ML,Contractors,2019,Q3,19822.25,17841.08,90.0,1981.17,Closed,seed-initial-2026
FIN-100044,ONRD-2019-AIML-00015,Code-35,AI/ML,Equipment,2019,Q3,47633.67,41068.44,86.2,6565.23,Closed,seed-initial-2026
FIN-100045,ONRD-2019-AIML-00015,Code-35,AI/ML,Facilities,2019,Q2,29544.09,30580.3,103.5,-1036.21,Closed,seed-initial-2026
FIN-100046,ONRD-2019-AUTO-00016,Code-30,Autonomy,Personnel,2019,Q3,24218.65,20935.07,86.4,3283.58,Closed,seed-initial-2026
FIN-100047,ONRD-2019-AUTO-00016,Code-30,Autonomy,Travel,2019,Q1,90614.04,78033.61,86.1,12580.43,Closed,seed-initial-2026
FIN-100048,ONRD-2019-AUTO-00016,Code-30,Autonomy,Travel,2019,Q4,27167.31,22193.64,81.7,4973.67,Closed,seed-initial-2026
FIN-100049,ONRD-2019-CYBR-00017,Code-31,Cyber,Training,2019,Q2,54741.59,55096.71,100.6,-355.12,Closed,seed-initial-2026
FIN-100050,ONRD-2019-CYBR-00017,Code-31,Cyber,Training,2019,Q3,62447.93,55952.86,89.6,6495.07,Closed,seed-initial-2026
FIN-100051,ONRD-2019-CYBR-00017,Code-31,Cyber,Training,2019,Q1,58810.49,60849.48,103.5,-2038.99,Closed,seed-initial-2026
FIN-100052,ONRD-2019-MATL-00018,Code-32,Materials,Travel,2019,Q4,121643.24,130789.7,107.5,-9146.46,Closed,seed-initial-2026
FIN-100053,ONRD-2019-MATL-00018,Code-32,Materials,Training,2019,Q1,73881.32,66731.06,90.3,7150.26,Closed,seed-initial-2026
FIN-100054,ONRD-2019-MATL-00018,Code-32,Materials,Contractors,2019,Q4,30475.44,24931.68,81.8,5543.76,Closed,seed-initial-2026
FIN-100055,ONRD-2019-USEA-00019,Code-34,Undersea,Supplies,2019,Q2,161165.35,148224.31,92.0,12941.04,Closed,seed-initial-2026
FIN-100056,ONRD-2019-USEA-00019,Code-34,Undersea,Supplies,2019,Q2,69174.45,65501.67,94.7,3672.78,Closed,seed-initial-2026
FIN-100057,ONRD-2019-USEA-00019,Code-34,Undersea,Facilities,2019,Q1,202660.2,176658.98,87.2,26001.22,Closed,seed-initial-2026
FIN-100058,ONRD-2019-DEWX-00020,Code-32,Directed Energy,Personnel,2019,Q3,252511.18,272511.74,107.9,-20000.56,Closed,seed-initial-2026
FIN-100059,ONRD-2019-DEWX-00020,Code-32,Directed Energy,Travel,2019,Q3,202402.85,189552.02,93.7,12850.83,Closed,seed-initial-2026
FIN-100060,ONRD-2019-DEWX-00020,Code-32,Directed Energy,Facilities,2019,Q1,517085.98,509864.84,98.6,7221.14,Closed,seed-initial-2026
FIN-100061,ONRD-2019-USEA-00021,Code-34,Undersea,Equipment,2019,Q2,130668.12,118323.08,90.6,12345.04,Closed,seed-initial-2026
FIN-100062,ONRD-2019-USEA-00021,Code-34,Undersea,Training,2019,Q2,273234.42,217468.32,79.6,55766.1,Closed,seed-initial-2026
FIN-100063,ONRD-2019-USEA-00021,Code-34,Undersea,Training,2019,Q2,182097.46,172133.61,94.5,9963.85,Closed,seed-initial-2026
FIN-100064,ONRD-2019-MATL-00022,ONR-Corporate,Materials,Equipment,2019,Q4,342832.89,285276.87,83.2,57556.02,Closed,seed-initial-2026
FIN-100065,ONRD-2019-MATL-00022,ONR-Corporate,Materials,Personnel,2019,Q4,222167.65,162846.08,73.3,59321.57,Closed,seed-initial-2026
FIN-100066,ONRD-2019-MATL-00022,ONR-Corporate,Materials,Training,2019,Q2,165999.46,141168.91,85.0,24830.55,Closed,seed-initial-2026
FIN-100067,ONRD-2019-USEA-00023,Code-30,Undersea,Contractors,2019,Q2,179654.74,192191.65,107.0,-12536.91,Closed,seed-initial-2026
FIN-100068,ONRD-2019-USEA-00023,Code-30,Undersea,Travel,2019,Q4,373528.75,345714.62,92.6,27814.13,Closed,seed-initial-2026
FIN-100069,ONRD-2019-USEA-00023,Code-30,Undersea,Personnel,2019,Q1,249816.51,237559.27,95.1,12257.24,Closed,seed-initial-2026
FIN-100070,ONRD-2019-BIOT-00024,Code-31,Biotech,Personnel,2019,Q2,65529.95,66478.74,101.4,-948.79,Closed,seed-initial-2026
FIN-100071,ONRD-2019-BIOT-00024,Code-31,Biotech,Personnel,2019,Q4,370356.66,292690.26,79.0,77666.4,Closed,seed-initial-2026
FIN-100072,ONRD-2019-BIOT-00024,Code-31,Biotech,Personnel,2019,Q2,324113.39,267324.64,82.5,56788.75,Closed,seed-initial-2026
FIN-100073,ONRD-2019-MATL-00025,Code-30,Materials,Contractors,2019,Q4,154508.06,156520.86,101.3,-2012.8,Closed,seed-initial-2026
FIN-100074,ONRD-2019-MATL-00025,Code-30,Materials,Other Direct Costs,2019,Q4,69963.76,55470.01,79.3,14493.75,Closed,seed-initial-2026
FIN-100075,ONRD-2019-MATL-00025,Code-30,Materials,Equipment,2019,Q3,407528.18,417950.67,102.6,-10422.49,Closed,seed-initial-2026
FIN-100076,ONRD-2019-CYBR-00026,Code-30,Cyber,Travel,2019,Q3,342924.46,369472.05,107.7,-26547.59,Closed,seed-initial-2026
FIN-100077,ONRD-2019-CYBR-00026,Code-30,Cyber,Equipment,2019,Q2,653947.2,640477.15,97.9,13470.05,Closed,seed-initial-2026
FIN-100078,ONRD-2019-CYBR-00026,Code-30,Cyber,Personnel,2019,Q4,87128.34,88742.92,101.9,-1614.58,Closed,seed-initial-2026
FIN-100079,ONRD-2019-QNTM-00027,Code-35,Quantum,Facilities,2019,Q3,291239.73,306562.62,105.3,-15322.89,Closed,seed-initial-2026
FIN-100080,ONRD-2019-QNTM-00027,Code-35,Quantum,Supplies,2019,Q2,651017.45,630756.25,96.9,20261.2,Closed,seed-initial-2026
FIN-100081,ONRD-2019-QNTM-00027,Code-35,Quantum,Equipment,2019,Q1,51742.82,51217.1,99.0,525.72,Closed,seed-initial-2026
FIN-100082,ONRD-2019-AUTO-00028,Code-30,Autonomy,Contractors,2019,Q1,61583.53,57392.38,93.2,4191.15,Closed,seed-initial-2026
FIN-100083,ONRD-2019-AUTO-00028,Code-30,Autonomy,Supplies,2019,Q1,10345.08,8798.12,85.0,1546.96,Closed,seed-initial-2026
FIN-100084,ONRD-2019-AUTO-00028,Code-30,Autonomy,Other Direct Costs,2019,Q1,57071.39,54821.41,96.1,2249.98,Closed,seed-initial-2026
FIN-100085,ONRD-2019-BIOT-00029,Code-31,Biotech,Other Direct Costs,2019,Q4,13323.21,13201.9,99.1,121.31,Closed,seed-initial-2026
FIN-100086,ONRD-2019-BIOT-00029,Code-31,Biotech,Travel,2019,Q2,15524.21,14911.54,96.1,612.67,Closed,seed-initial-2026
FIN-100087,ONRD-2019-BIOT-00029,Code-31,Biotech,Training,2019,Q2,26152.59,22453.21,85.9,3699.38,Closed,seed-initial-2026
FIN-100088,ONRD-2019-DEWX-00030,Code-32,Directed Energy,Training,2019,Q1,1106630.55,1091396.42,98.6,15234.13,Closed,seed-initial-2026
FIN-100089,ONRD-2019-DEWX-00030,Code-32,Directed Energy,Contractors,2019,Q3,1006324.52,917625.94,91.2,88698.58,Closed,seed-initial-2026
FIN-100090,ONRD-2019-DEWX-00030,Code-32,Directed Energy,Contractors,2019,Q3,453044.92,332419.23,73.4,120625.69,Closed,seed-initial-2026
FIN-100091,ONRD-2019-CYBR-00031,Code-30,Cyber,Training,2019,Q4,21802.05,18461.96,84.7,3340.09,Closed,seed-initial-2026
FIN-100092,ONRD-2019-CYBR-00031,Code-30,Cyber,Travel,2019,Q2,72203.53,56550.44,78.3,15653.09,Closed,seed-initial-2026
FIN-100093,ONRD-2019-CYBR-00031,Code-30,Cyber,Supplies,2019,Q2,72994.42,63701.19,87.3,9293.23,Closed,seed-initial-2026
FIN-100094,ONRD-2019-DEWX-00032,Code-30,Directed Energy,Training,2019,Q1,11827.21,8924.46,75.5,2902.75,Closed,seed-initial-2026
FIN-100095,ONRD-2019-DEWX-00032,Code-30,Directed Energy,Equipment,2019,Q3,42115.46,43699.65,103.8,-1584.19,Closed,seed-initial-2026
FIN-100096,ONRD-2019-DEWX-00032,Code-30,Directed Energy,Personnel,2019,Q1,46057.33,33593.49,72.9,12463.84,Closed,seed-initial-2026
FIN-100097,ONRD-2020-AIML-00033,Code-32,AI/ML,Supplies,2020,Q2,23646.58,23884.57,101.0,-237.99,Closed,seed-initial-2026
FIN-100098,ONRD-2020-AIML-00033,Code-32,AI/ML,Travel,2020,Q3,90573.68,67357.24,74.4,23216.44,Closed,seed-initial-2026
FIN-100099,ONRD-2020-AIML-00033,Code-32,AI/ML,Training,2020,Q4,188779.74,199712.91,105.8,-10933.17,Closed,seed-initial-2026
FIN-100100,ONRD-2020-AUTO-00034,ONR-Corporate,Autonomy,Training,2020,Q3,2053887.89,1659298.22,80.8,394589.67,Closed,seed-initial-2026
FIN-100101,ONRD-2020-AUTO-00034,ONR-Corporate,Autonomy,Supplies,2020,Q1,369364.79,365615.22,99.0,3749.57,Closed,seed-initial-2026
FIN-100102,ONRD-2020-AUTO-00034,ONR-Corporate,Autonomy,Travel,2020,Q2,1155747.33,1075989.96,93.1,79757.37,Closed,seed-initial-2026
FIN-100103,ONRD-2020-AIML-00035,Code-32,AI/ML,Other Direct Costs,2020,Q4,83688.41,85545.54,102.2,-1857.13,Closed,seed-initial-2026
FIN-100104,ONRD-2020-AIML-00035,Code-32,AI/ML,Training,2020,Q1,69362.53,63562.9,91.6,5799.63,Closed,seed-initial-2026
FIN-100105,ONRD-2020-AIML-00035,Code-32,AI/ML,Personnel,2020,Q4,86949.06,69392.31,79.8,17556.75,Closed,seed-initial-2026
FIN-100106,ONRD-2020-BIOT-00036,Code-32,Biotech,Other Direct Costs,2020,Q3,84465.81,63231.9,74.9,21233.91,Closed,seed-initial-2026
FIN-100107,ONRD-2020-BIOT-00036,Code-32,Biotech,Supplies,2020,Q2,31319.89,24084.33,76.9,7235.56,Closed,seed-initial-2026
FIN-100108,ONRD-2020-BIOT-00036,Code-32,Biotech,Contractors,2020,Q1,206214.3,175270.76,85.0,30943.54,Closed,seed-initial-2026
FIN-100109,ONRD-2020-CYBR-00037,Code-35,Cyber,Travel,2020,Q4,204356.19,180085.37,88.1,24270.82,Closed,seed-initial-2026
FIN-100110,ONRD-2020-CYBR-00037,Code-35,Cyber,Personnel,2020,Q1,201818.58,197638.9,97.9,4179.68,Closed,seed-initial-2026
FIN-100111,ONRD-2020-CYBR-00037,Code-35,Cyber,Other Direct Costs,2020,Q4,219825.24,224661.03,102.2,-4835.79,Closed,seed-initial-2026
FIN-100112,ONRD-2020-USEA-00038,Code-31,Undersea,Travel,2020,Q2,22463.42,20566.06,91.6,1897.36,Closed,seed-initial-2026
FIN-100113,ONRD-2020-USEA-00038,Code-31,Undersea,Travel,2020,Q4,17390.94,14168.8,81.5,3222.14,Closed,seed-initial-2026
FIN-100114,ONRD-2020-USEA-00038,Code-31,Undersea,Other Direct Costs,2020,Q3,16145.65,12180.97,75.4,3964.68,Closed,seed-initial-2026
FIN-100115,ONRD-2020-AIML-00039,Code-30,AI/ML,Contractors,2020,Q2,118804.96,88461.04,74.5,30343.92,Closed,seed-initial-2026
FIN-100116,ONRD-2020-AIML-00039,Code-30,AI/ML,Travel,2020,Q1,32492.11,28150.72,86.6,4341.39,Closed,seed-initial-2026
FIN-100117,ONRD-2020-AIML-00039,Code-30,AI/ML,Training,2020,Q1,40702.93,33948.41,83.4,6754.52,Closed,seed-initial-2026
FIN-100118,ONRD-2020-MATL-00040,Code-30,Materials,Equipment,2020,Q3,238650.5,240904.16,100.9,-2253.66,Closed,seed-initial-2026
FIN-100119,ONRD-2020-MATL-00040,Code-30,Materials,Travel,2020,Q3,132802.5,117482.48,88.5,15320.02,Closed,seed-initial-2026
FIN-100120,ONRD-2020-MATL-00040,Code-30,Materials,Supplies,2020,Q1,528547.0,396675.15,75.1,131871.85,Closed,seed-initial-2026
FIN-100121,ONRD-2020-BIOT-00041,Code-30,Biotech,Equipment,2020,Q4,83207.02,71618.69,86.1,11588.33,Closed,seed-initial-2026
FIN-100122,ONRD-2020-BIOT-00041,Code-30,Biotech,Travel,2020,Q2,40617.1,30656.03,75.5,9961.07,Closed,seed-initial-2026
FIN-100123,ONRD-2020-BIOT-00041,Code-30,Biotech,Equipment,2020,Q1,90175.88,81667.12,90.6,8508.76,Closed,seed-initial-2026
FIN-100124,ONRD-2020-BIOT-00042,Code-34,Biotech,Supplies,2020,Q3,80532.93,61807.55,76.7,18725.38,Closed,seed-initial-2026
FIN-100125,ONRD-2020-BIOT-00042,Code-34,Biotech,Facilities,2020,Q3,96095.98,70343.36,73.2,25752.62,Closed,seed-initial-2026
FIN-100126,ONRD-2020-BIOT-00042,Code-34,Biotech,Equipment,2020,Q4,56371.08,56702.63,100.6,-331.55,Closed,seed-initial-2026
FIN-100127,ONRD-2020-USEA-00043,Code-30,Undersea,Training,2020,Q1,195294.92,209920.83,107.5,-14625.91,Closed,seed-initial-2026
FIN-100128,ONRD-2020-USEA-00043,Code-30,Undersea,Other Direct Costs,2020,Q4,187020.48,192743.81,103.1,-5723.33,Closed,seed-initial-2026
FIN-100129,ONRD-2020-USEA-00043,Code-30,Undersea,Travel,2020,Q4,66684.6,59251.53,88.9,7433.07,Closed,seed-initial-2026
FIN-100130,ONRD-2020-USEA-00044,Code-30,Undersea,Personnel,2020,Q1,928567.87,862396.37,92.9,66171.5,Closed,seed-initial-2026
FIN-100131,ONRD-2020-USEA-00044,Code-30,Undersea,Facilities,2020,Q3,206010.74,165666.0,80.4,40344.74,Closed,seed-initial-2026
FIN-100132,ONRD-2020-USEA-00044,Code-30,Undersea,Other Direct Costs,2020,Q3,637421.38,679536.3,106.6,-42114.92,Closed,seed-initial-2026
FIN-100133,ONRD-2020-QNTM-00045,Code-30,Quantum,Personnel,2020,Q4,224366.19,163525.94,72.9,60840.25,Closed,seed-initial-2026
FIN-100134,ONRD-2020-QNTM-00045,Code-30,Quantum,Supplies,2020,Q3,14709.38,15242.1,103.6,-532.72,Closed,seed-initial-2026
FIN-100135,ONRD-2020-QNTM-00045,Code-30,Quantum,Facilities,2020,Q4,392924.44,407077.65,103.6,-14153.21,Closed,seed-initial-2026
FIN-100136,ONRD-2020-MATL-00046,Code-31,Materials,Supplies,2020,Q3,68041.18,62819.02,92.3,5222.16,Closed,seed-initial-2026
FIN-100137,ONRD-2020-MATL-00046,Code-31,Materials,Facilities,2020,Q1,37288.59,27473.2,73.7,9815.39,Closed,seed-initial-2026
FIN-100138,ONRD-2020-MATL-00046,Code-31,Materials,Training,2020,Q1,25670.23,21497.75,83.7,4172.48,Closed,seed-initial-2026
FIN-100139,ONRD-2020-DEWX-00047,Code-30,Directed Energy,Personnel,2020,Q2,338513.06,300567.11,88.8,37945.95,Closed,seed-initial-2026
FIN-100140,ONRD-2020-DEWX-00047,Code-30,Directed Energy,Travel,2020,Q3,170819.07,177951.13,104.2,-7132.06,Closed,seed-initial-2026
FIN-100141,ONRD-2020-DEWX-00047,Code-30,Directed Energy,Contractors,2020,Q4,100667.88,92896.01,92.3,7771.87,Closed,seed-initial-2026
FIN-100142,ONRD-2020-QNTM-00048,Code-31,Quantum,Personnel,2020,Q2,84939.66,65397.37,77.0,19542.29,Closed,seed-initial-2026
FIN-100143,ONRD-2020-QNTM-00048,Code-31,Quantum,Facilities,2020,Q4,11579.56,9313.12,80.4,2266.44,Closed,seed-initial-2026
FIN-100144,ONRD-2020-QNTM-00048,Code-31,Quantum,Other Direct Costs,2020,Q1,18480.78,15162.5,82.0,3318.28,Closed,seed-initial-2026
FIN-100145,ONRD-2020-MATL-00049,Code-32,Materials,Contractors,2020,Q4,57993.29,50471.66,87.0,7521.63,Closed,seed-initial-2026
FIN-100146,ONRD-2020-MATL-00049,Code-32,Materials,Personnel,2020,Q2,62788.18,56505.79,90.0,6282.39,Closed,seed-initial-2026
FIN-100147,ONRD-2020-MATL-00049,Code-32,Materials,Training,2020,Q1,12218.53,9485.03,77.6,2733.5,Closed,seed-initial-2026
FIN-100148,ONRD-2020-AIML-00050,Code-30,AI/ML,Equipment,2020,Q3,172840.3,177656.72,102.8,-4816.42,Closed,seed-initial-2026
FIN-100149,ONRD-2020-AIML-00050,Code-30,AI/ML,Equipment,2020,Q1,37784.14,39579.57,104.8,-1795.43,Closed,seed-initial-2026
FIN-100150,ONRD-2020-AIML-00050,Code-30,AI/ML,Equipment,2020,Q4,250375.55,193916.3,77.5,56459.25,Closed,seed-initial-2026
FIN-100151,ONRD-2020-CYBR-00051,Code-35,Cyber,Personnel,2020,Q3,14358.89,14445.19,100.6,-86.3,Closed,seed-initial-2026
FIN-100152,ONRD-2020-CYBR-00051,Code-35,Cyber,Contractors,2020,Q4,133337.83,111701.98,83.8,21635.85,Closed,seed-initial-2026
FIN-100153,ONRD-2020-CYBR-00051,Code-35,Cyber,Contractors,2020,Q3,75303.29,71907.47,95.5,3395.82,Closed,seed-initial-2026
FIN-100154,ONRD-2020-AUTO-00052,Code-31,Autonomy,Equipment,2020,Q3,62724.88,53943.65,86.0,8781.23,Closed,seed-initial-2026
FIN-100155,ONRD-2020-AUTO-00052,Code-31,Autonomy,Training,2020,Q3,94515.09,77599.56,82.1,16915.53,Closed,seed-initial-2026
FIN-100156,ONRD-2020-AUTO-00052,Code-31,Autonomy,Supplies,2020,Q3,76760.03,80606.13,105.0,-3846.1,Closed,seed-initial-2026
FIN-100157,ONRD-2020-AUTO-00053,Code-31,Autonomy,Equipment,2020,Q1,60153.21,46396.44,77.1,13756.77,Closed,seed-initial-2026
FIN-100158,ONRD-2020-AUTO-00053,Code-31,Autonomy,Training,2020,Q3,111625.91,117068.95,104.9,-5443.04,Closed,seed-initial-2026
FIN-100159,ONRD-2020-AUTO-00053,Code-31,Autonomy,Training,2020,Q2,130220.88,98499.69,75.6,31721.19,Closed,seed-initial-2026
FIN-100160,ONRD-2020-QNTM-00054,Code-34,Quantum,Facilities,2020,Q2,330092.7,311436.73,94.3,18655.97,Closed,seed-initial-2026
FIN-100161,ONRD-2020-QNTM-00054,Code-34,Quantum,Equipment,2020,Q1,185939.54,186122.58,100.1,-183.04,Closed,seed-initial-2026
FIN-100162,ONRD-2020-QNTM-00054,Code-34,Quantum,Contractors,2020,Q1,35967.76,37381.17,103.9,-1413.41,Closed,seed-initial-2026
FIN-100163,ONRD-2020-USEA-00055,Code-30,Undersea,Equipment,2020,Q1,9547.19,8532.34,89.4,1014.85,Closed,seed-initial-2026
FIN-100164,ONRD-2020-USEA-00055,Code-30,Undersea,Contractors,2020,Q2,17505.38,14165.22,80.9,3340.16,Closed,seed-initial-2026
FIN-100165,ONRD-2020-USEA-00055,Code-30,Undersea,Contractors,2020,Q3,52947.43,53438.98,100.9,-491.55,Closed,seed-initial-2026
FIN-100166,ONRD-2020-QNTM-00056,Code-31,Quantum,Training,2020,Q3,66137.05,49075.67,74.2,17061.38,Closed,seed-initial-2026
FIN-100167,ONRD-2020-QNTM-00056,Code-31,Quantum,Facilities,2020,Q3,1256172.58,1296054.98,103.2,-39882.4,Closed,seed-initial-2026
FIN-100168,ONRD-2020-QNTM-00056,Code-31,Quantum,Supplies,2020,Q4,1333690.37,1308096.27,98.1,25594.1,Closed,seed-initial-2026
FIN-100169,ONRD-2020-CYBR-00057,Code-30,Cyber,Personnel,2020,Q4,233632.3,238864.99,102.2,-5232.69,Closed,seed-initial-2026
FIN-100170,ONRD-2020-CYBR-00057,Code-30,Cyber,Other Direct Costs,2020,Q2,30356.07,28573.73,94.1,1782.34,Closed,seed-initial-2026
FIN-100171,ONRD-2020-CYBR-00057,Code-30,Cyber,Equipment,2020,Q4,131011.64,120998.13,92.4,10013.51,Closed,seed-initial-2026
FIN-100172,ONRD-2020-CYBR-00058,Code-35,Cyber,Other Direct Costs,2020,Q2,4336.59,3250.86,75.0,1085.73,Closed,seed-initial-2026
FIN-100173,ONRD-2020-CYBR-00058,Code-35,Cyber,Equipment,2020,Q1,8543.83,7792.07,91.2,751.76,Closed,seed-initial-2026
FIN-100174,ONRD-2020-CYBR-00058,Code-35,Cyber,Equipment,2020,Q1,82119.58,76271.97,92.9,5847.61,Closed,seed-initial-2026
FIN-100175,ONRD-2020-CYBR-00059,Code-30,Cyber,Contractors,2020,Q4,208420.14,193191.73,92.7,15228.41,Closed,seed-initial-2026
FIN-100176,ONRD-2020-CYBR-00059,Code-30,Cyber,Personnel,2020,Q2,602368.47,601251.48,99.8,1116.99,Closed,seed-initial-2026
FIN-100177,ONRD-2020-CYBR-00059,Code-30,Cyber,Equipment,2020,Q2,119211.39,99547.75,83.5,19663.64,Closed,seed-initial-2026
FIN-100178,ONRD-2020-DEWX-00060,ONR-Corporate,Directed Energy,Equipment,2020,Q4,264747.17,273041.1,103.1,-8293.93,Closed,seed-initial-2026
FIN-100179,ONRD-2020-DEWX-00060,ONR-Corporate,Directed Energy,Contractors,2020,Q1,133490.62,109907.15,82.3,23583.47,Closed,seed-initial-2026
FIN-100180,ONRD-2020-DEWX-00060,ONR-Corporate,Directed Energy,Travel,2020,Q3,13762.22,14612.9,106.2,-850.68,Closed,seed-initial-2026
FIN-100181,ONRD-2020-DEWX-00061,Code-35,Directed Energy,Supplies,2020,Q2,158607.81,168658.06,106.3,-10050.25,Closed,seed-initial-2026
FIN-100182,ONRD-2020-DEWX-00061,Code-35,Directed Energy,Training,2020,Q2,265413.06,271433.83,102.3,-6020.77,Closed,seed-initial-2026
FIN-100183,ONRD-2020-DEWX-00061,Code-35,Directed Energy,Facilities,2020,Q1,279979.13,256517.97,91.6,23461.16,Closed,seed-initial-2026
FIN-100184,ONRD-2020-AIML-00062,Code-31,AI/ML,Supplies,2020,Q1,506657.64,496860.02,98.1,9797.62,Closed,seed-initial-2026
FIN-100185,ONRD-2020-AIML-00062,Code-31,AI/ML,Travel,2020,Q4,2134264.6,2111017.83,98.9,23246.77,Closed,seed-initial-2026
FIN-100186,ONRD-2020-AIML-00062,Code-31,AI/ML,Other Direct Costs,2020,Q3,101077.76,95968.97,94.9,5108.79,Closed,seed-initial-2026
FIN-100187,ONRD-2020-QNTM-00063,Code-30,Quantum,Travel,2020,Q3,293303.46,232426.18,79.2,60877.28,Closed,seed-initial-2026
FIN-100188,ONRD-2020-QNTM-00063,Code-30,Quantum,Travel,2020,Q3,265206.23,201141.71,75.8,64064.52,Closed,seed-initial-2026
FIN-100189,ONRD-2020-QNTM-00063,Code-30,Quantum,Facilities,2020,Q4,66490.31,65872.59,99.1,617.72,Closed,seed-initial-2026
FIN-100190,ONRD-2020-AIML-00064,Code-30,AI/ML,Travel,2020,Q3,428833.05,310372.31,72.4,118460.74,Closed,seed-initial-2026
FIN-100191,ONRD-2020-AIML-00064,Code-30,AI/ML,Travel,2020,Q2,104323.54,91065.33,87.3,13258.21,Closed,seed-initial-2026
FIN-100192,ONRD-2020-AIML-00064,Code-30,AI/ML,Equipment,2020,Q3,429843.41,372470.1,86.7,57373.31,Closed,seed-initial-2026
FIN-100193,ONRD-2020-DEWX-00065,Code-30,Directed Energy,Other Direct Costs,2020,Q4,147316.91,112587.73,76.4,34729.18,Closed,seed-initial-2026
FIN-100194,ONRD-2020-DEWX-00065,Code-30,Directed Energy,Other Direct Costs,2020,Q1,72222.22,58973.93,81.7,13248.29,Closed,seed-initial-2026
FIN-100195,ONRD-2020-DEWX-00065,Code-30,Directed Energy,Personnel,2020,Q1,51460.87,42314.53,82.2,9146.34,Closed,seed-initial-2026
FIN-100196,ONRD-2020-AIML-00066,Code-31,AI/ML,Training,2020,Q1,452801.12,431258.57,95.2,21542.55,Closed,seed-initial-2026
FIN-100197,ONRD-2020-AIML-00066,Code-31,AI/ML,Facilities,2020,Q4,354528.9,346668.26,97.8,7860.64,Closed,seed-initial-2026
FIN-100198,ONRD-2020-AIML-00066,Code-31,AI/ML,Equipment,2020,Q2,550669.98,435399.73,79.1,115270.25,Closed,seed-initial-2026
FIN-100199,ONRD-2020-MATL-00067,Code-34,Materials,Contractors,2020,Q4,177245.96,143141.62,80.8,34104.34,Closed,seed-initial-2026
FIN-100200,ONRD-2020-MATL-00067,Code-34,Materials,Contractors,2020,Q4,1159864.33,1055119.24,91.0,104745.09,Closed,seed-initial-2026
FIN-100201,ONRD-2020-MATL-00067,Code-34,Materials,Contractors,2020,Q2,1093889.71,929535.91,85.0,164353.8,Closed,seed-initial-2026
FIN-100202,ONRD-2020-AIML-00068,Code-30,AI/ML,Personnel,2020,Q1,302427.03,231913.62,76.7,70513.41,Closed,seed-initial-2026
FIN-100203,ONRD-2020-AIML-00068,Code-30,AI/ML,Contractors,2020,Q4,250439.07,252282.28,100.7,-1843.21,Closed,seed-initial-2026
FIN-100204,ONRD-2020-AIML-00068,Code-30,AI/ML,Training,2020,Q1,26133.9,22990.99,88.0,3142.91,Closed,seed-initial-2026
FIN-100205,ONRD-2021-BIOT-00069,Code-30,Biotech,Supplies,2021,Q1,159707.6,142388.71,89.2,17318.89,Closed,seed-initial-2026
FIN-100206,ONRD-2021-BIOT-00069,Code-30,Biotech,Personnel,2021,Q4,213961.17,196511.86,91.8,17449.31,Closed,seed-initial-2026
FIN-100207,ONRD-2021-BIOT-00069,Code-30,Biotech,Training,2021,Q4,20331.24,20414.14,100.4,-82.9,Closed,seed-initial-2026
FIN-100208,ONRD-2021-AUTO-00070,Code-30,Autonomy,Equipment,2021,Q1,801665.82,816063.63,101.8,-14397.81,Closed,seed-initial-2026
FIN-100209,ONRD-2021-AUTO-00070,Code-30,Autonomy,Travel,2021,Q1,3030754.1,2886762.84,95.2,143991.26,Closed,seed-initial-2026
FIN-100210,ONRD-2021-AUTO-00070,Code-30,Autonomy,Supplies,2021,Q1,1345580.07,975662.78,72.5,369917.29,Closed,seed-initial-2026
FIN-100211,ONRD-2021-CYBR-00071,Code-30,Cyber,Facilities,2021,Q3,21563.79,22041.59,102.2,-477.8,Closed,seed-initial-2026
FIN-100212,ONRD-2021-CYBR-00071,Code-30,Cyber,Contractors,2021,Q3,22781.08,23210.36,101.9,-429.28,Closed,seed-initial-2026
FIN-100213,ONRD-2021-CYBR-00071,Code-30,Cyber,Contractors,2021,Q4,18655.13,18499.42,99.2,155.71,Closed,seed-initial-2026
FIN-100214,ONRD-2021-MATL-00072,Code-30,Materials,Other Direct Costs,2021,Q4,180282.04,180936.99,100.4,-654.95,Closed,seed-initial-2026
FIN-100215,ONRD-2021-MATL-00072,Code-30,Materials,Supplies,2021,Q1,70143.53,71806.77,102.4,-1663.24,Closed,seed-initial-2026
FIN-100216,ONRD-2021-MATL-00072,Code-30,Materials,Personnel,2021,Q4,176574.42,131895.26,74.7,44679.16,Closed,seed-initial-2026
FIN-100217,ONRD-2021-CYBR-00073,Code-35,Cyber,Other Direct Costs,2021,Q1,1541206.62,1317139.39,85.5,224067.23,Closed,seed-initial-2026
FIN-100218,ONRD-2021-CYBR-00073,Code-35,Cyber,Training,2021,Q3,2660461.52,2637799.46,99.1,22662.06,Closed,seed-initial-2026
FIN-100219,ONRD-2021-CYBR-00073,Code-35,Cyber,Supplies,2021,Q3,2805331.86,2364716.28,84.3,440615.58,Closed,seed-initial-2026
FIN-100220,ONRD-2021-MATL-00074,Code-30,Materials,Other Direct Costs,2021,Q4,1268201.54,1058320.99,83.5,209880.55,Closed,seed-initial-2026
FIN-100221,ONRD-2021-MATL-00074,Code-30,Materials,Other Direct Costs,2021,Q3,5377019.89,4278699.1,79.6,1098320.79,Closed,seed-initial-2026
FIN-100222,ONRD-2021-MATL-00074,Code-30,Materials,Equipment,2021,Q1,692778.57,553104.7,79.8,139673.87,Closed,seed-initial-2026
FIN-100223,ONRD-2021-MATL-00075,Code-31,Materials,Supplies,2021,Q1,93958.17,76607.86,81.5,17350.31,Closed,seed-initial-2026
FIN-100224,ONRD-2021-MATL-00075,Code-31,Materials,Personnel,2021,Q3,527088.31,443144.46,84.1,83943.85,Closed,seed-initial-2026
FIN-100225,ONRD-2021-MATL-00075,Code-31,Materials,Facilities,2021,Q1,307953.52,313482.83,101.8,-5529.31,Closed,seed-initial-2026
FIN-100226,ONRD-2021-DEWX-00076,Code-30,Directed Energy,Personnel,2021,Q1,225059.56,168682.96,75.0,56376.6,Closed,seed-initial-2026
FIN-100227,ONRD-2021-DEWX-00076,Code-30,Directed Energy,Contractors,2021,Q4,188621.32,143485.89,76.1,45135.43,Closed,seed-initial-2026
FIN-100228,ONRD-2021-DEWX-00076,Code-30,Directed Energy,Contractors,2021,Q4,9319.12,7652.98,82.1,1666.14,Closed,seed-initial-2026
FIN-100229,ONRD-2021-AIML-00077,Code-30,AI/ML,Facilities,2021,Q2,375486.89,274895.07,73.2,100591.82,Closed,seed-initial-2026
FIN-100230,ONRD-2021-AIML-00077,Code-30,AI/ML,Travel,2021,Q4,44839.99,36845.22,82.2,7994.77,Closed,seed-initial-2026
FIN-100231,ONRD-2021-AIML-00077,Code-30,AI/ML,Contractors,2021,Q3,564673.11,503436.71,89.2,61236.4,Closed,seed-initial-2026
FIN-100232,ONRD-2021-DEWX-00078,Code-30,Directed Energy,Personnel,2021,Q3,180970.89,141857.96,78.4,39112.93,Closed,seed-initial-2026
FIN-100233,ONRD-2021-DEWX-00078,Code-30,Directed Energy,Training,2021,Q3,175359.9,165089.4,94.1,10270.5,Closed,seed-initial-2026
FIN-100234,ONRD-2021-DEWX-00078,Code-30,Directed Energy,Supplies,2021,Q4,68669.21,52187.99,76.0,16481.22,Closed,seed-initial-2026
FIN-100235,ONRD-2021-AUTO-00079,Code-35,Autonomy,Training,2021,Q2,137924.65,142255.43,103.1,-4330.78,Closed,seed-initial-2026
FIN-100236,ONRD-2021-AUTO-00079,Code-35,Autonomy,Travel,2021,Q2,188505.93,145861.82,77.4,42644.11,Closed,seed-initial-2026
FIN-100237,ONRD-2021-AUTO-00079,Code-35,Autonomy,Training,2021,Q4,148569.42,145290.25,97.8,3279.17,Closed,seed-initial-2026
FIN-100238,ONRD-2021-QNTM-00080,Code-32,Quantum,Supplies,2021,Q4,80186.59,58392.97,72.8,21793.62,Closed,seed-initial-2026
FIN-100239,ONRD-2021-QNTM-00080,Code-32,Quantum,Facilities,2021,Q2,18901.78,14700.12,77.8,4201.66,Closed,seed-initial-2026
FIN-100240,ONRD-2021-QNTM-00080,Code-32,Quantum,Supplies,2021,Q3,90911.63,66420.17,73.1,24491.46,Closed,seed-initial-2026
FIN-100241,ONRD-2021-AIML-00081,Code-31,AI/ML,Other Direct Costs,2021,Q2,206511.82,213613.4,103.4,-7101.58,Closed,seed-initial-2026
FIN-100242,ONRD-2021-AIML-00081,Code-31,AI/ML,Travel,2021,Q3,172081.16,142158.53,82.6,29922.63,Closed,seed-initial-2026
FIN-100243,ONRD-2021-AIML-00081,Code-31,AI/ML,Equipment,2021,Q1,217407.02,215207.43,99.0,2199.59,Closed,seed-initial-2026
FIN-100244,ONRD-2021-CYBR-00082,Code-34,Cyber,Supplies,2021,Q3,896186.8,916014.2,102.2,-19827.4,Closed,seed-initial-2026
FIN-100245,ONRD-2021-CYBR-00082,Code-34,Cyber,Supplies,2021,Q1,284202.58,253704.57,89.3,30498.01,Closed,seed-initial-2026
FIN-100246,ONRD-2021-CYBR-00082,Code-34,Cyber,Supplies,2021,Q3,785610.62,672209.94,85.6,113400.68,Closed,seed-initial-2026
FIN-100247,ONRD-2021-AIML-00083,Code-31,AI/ML,Facilities,2021,Q2,48626.5,46715.7,96.1,1910.8,Closed,seed-initial-2026
FIN-100248,ONRD-2021-AIML-00083,Code-31,AI/ML,Facilities,2021,Q3,283171.45,235281.4,83.1,47890.05,Closed,seed-initial-2026
FIN-100249,ONRD-2021-AIML-00083,Code-31,AI/ML,Personnel,2021,Q4,575202.05,505281.65,87.8,69920.4,Closed,seed-initial-2026
FIN-100250,ONRD-2021-AUTO-00084,ONR-Corporate,Autonomy,Facilities,2021,Q3,288820.52,276519.64,95.7,12300.88,Closed,seed-initial-2026
FIN-100251,ONRD-2021-AUTO-00084,ONR-Corporate,Autonomy,Training,2021,Q2,161845.23,127376.46,78.7,34468.77,Closed,seed-initial-2026
FIN-100252,ONRD-2021-AUTO-00084,ONR-Corporate,Autonomy,Personnel,2021,Q4,258334.25,233071.02,90.2,25263.23,Closed,seed-initial-2026
FIN-100253,ONRD-2021-USEA-00085,ONR-Corporate,Undersea,Other Direct Costs,2021,Q4,148793.2,138050.41,92.8,10742.79,Closed,seed-initial-2026
FIN-100254,ONRD-2021-USEA-00085,ONR-Corporate,Undersea,Other Direct Costs,2021,Q2,111286.21,98811.64,88.8,12474.57,Closed,seed-initial-2026
FIN-100255,ONRD-2021-USEA-00085,ONR-Corporate,Undersea,Contractors,2021,Q2,129920.6,135131.78,104.0,-5211.18,Closed,seed-initial-2026
FIN-100256,ONRD-2021-AIML-00086,Code-30,AI/ML,Supplies,2021,Q3,167461.03,171272.19,102.3,-3811.16,Closed,seed-initial-2026
FIN-100257,ONRD-2021-AIML-00086,Code-30,AI/ML,Equipment,2021,Q4,19270.49,16329.01,84.7,2941.48,Closed,seed-initial-2026
FIN-100258,ONRD-2021-AIML-00086,Code-30,AI/ML,Travel,2021,Q1,35268.47,37371.15,106.0,-2102.68,Closed,seed-initial-2026
FIN-100259,ONRD-2021-MATL-00087,Code-32,Materials,Facilities,2021,Q3,879530.13,685253.07,77.9,194277.06,Closed,seed-initial-2026
FIN-100260,ONRD-2021-MATL-00087,Code-32,Materials,Other Direct Costs,2021,Q1,525920.58,494397.61,94.0,31522.97,Closed,seed-initial-2026
FIN-100261,ONRD-2021-MATL-00087,Code-32,Materials,Training,2021,Q4,1548549.29,1650909.87,106.6,-102360.58,Closed,seed-initial-2026
FIN-100262,ONRD-2021-BIOT-00088,Code-30,Biotech,Supplies,2021,Q3,136000.73,142839.12,105.0,-6838.39,Closed,seed-initial-2026
FIN-100263,ONRD-2021-BIOT-00088,Code-30,Biotech,Supplies,2021,Q4,139983.74,129813.23,92.7,10170.51,Closed,seed-initial-2026
FIN-100264,ONRD-2021-BIOT-00088,Code-30,Biotech,Other Direct Costs,2021,Q3,92015.53,79829.63,86.8,12185.9,Closed,seed-initial-2026
FIN-100265,ONRD-2021-AUTO-00089,ONR-Corporate,Autonomy,Training,2021,Q3,87358.43,91326.63,104.5,-3968.2,Closed,seed-initial-2026
FIN-100266,ONRD-2021-AUTO-00089,ONR-Corporate,Autonomy,Travel,2021,Q3,126547.4,114895.18,90.8,11652.22,Closed,seed-initial-2026
FIN-100267,ONRD-2021-AUTO-00089,ONR-Corporate,Autonomy,Equipment,2021,Q1,260094.18,242837.84,93.4,17256.34,Closed,seed-initial-2026
FIN-100268,ONRD-2021-QNTM-00090,Code-35,Quantum,Training,2021,Q4,334582.5,244263.81,73.0,90318.69,Closed,seed-initial-2026
FIN-100269,ONRD-2021-QNTM-00090,Code-35,Quantum,Personnel,2021,Q1,429317.16,456076.29,106.2,-26759.13,Closed,seed-initial-2026
FIN-100270,ONRD-2021-QNTM-00090,Code-35,Quantum,Contractors,2021,Q4,50100.33,46150.28,92.1,3950.05,Closed,seed-initial-2026
FIN-100271,ONRD-2021-CYBR-00091,ONR-Corporate,Cyber,Personnel,2021,Q3,596316.78,437323.28,73.3,158993.5,Closed,seed-initial-2026
FIN-100272,ONRD-2021-CYBR-00091,ONR-Corporate,Cyber,Training,2021,Q3,700802.92,588575.32,84.0,112227.6,Closed,seed-initial-2026
FIN-100273,ONRD-2021-CYBR-00091,ONR-Corporate,Cyber,Supplies,2021,Q3,346880.29,356113.75,102.7,-9233.46,Closed,seed-initial-2026
FIN-100274,ONRD-2021-USEA-00092,Code-32,Undersea,Other Direct Costs,2021,Q3,383050.28,384518.23,100.4,-1467.95,Closed,seed-initial-2026
FIN-100275,ONRD-2021-USEA-00092,Code-32,Undersea,Travel,2021,Q4,198544.64,207156.66,104.3,-8612.02,Closed,seed-initial-2026
FIN-100276,ONRD-2021-USEA-00092,Code-32,Undersea,Personnel,2021,Q4,376405.08,309160.96,82.1,67244.12,Closed,seed-initial-2026
FIN-100277,ONRD-2021-BIOT-00093,Code-32,Biotech,Equipment,2021,Q1,1128616.72,936382.3,83.0,192234.42,Closed,seed-initial-2026
FIN-100278,ONRD-2021-BIOT-00093,Code-32,Biotech,Supplies,2021,Q3,671341.3,705203.48,105.0,-33862.18,Closed,seed-initial-2026
FIN-100279,ONRD-2021-BIOT-00093,Code-32,Biotech,Facilities,2021,Q2,681041.98,593588.32,87.2,87453.66,Closed,seed-initial-2026
FIN-100280,ONRD-2021-CYBR-00094,Code-30,Cyber,Equipment,2021,Q1,32072.39,32398.52,101.0,-326.13,Closed,seed-initial-2026
FIN-100281,ONRD-2021-CYBR-00094,Code-30,Cyber,Supplies,2021,Q1,259999.1,197044.71,75.8,62954.39,Closed,seed-initial-2026
FIN-100282,ONRD-2021-CYBR-00094,Code-30,Cyber,Other Direct Costs,2021,Q4,50928.51,45953.51,90.2,4975.0,Closed,seed-initial-2026
FIN-100283,ONRD-2021-BIOT-00095,Code-35,Biotech,Training,2021,Q1,78914.72,60775.84,77.0,18138.88,Closed,seed-initial-2026
FIN-100284,ONRD-2021-BIOT-00095,Code-35,Biotech,Training,2021,Q4,85009.65,70826.56,83.3,14183.09,Closed,seed-initial-2026
FIN-100285,ONRD-2021-BIOT-00095,Code-35,Biotech,Supplies,2021,Q2,24075.63,25502.34,105.9,-1426.71,Closed,seed-initial-2026
FIN-100286,ONRD-2021-CYBR-00096,Code-32,Cyber,Contractors,2021,Q4,53938.42,54536.16,101.1,-597.74,Closed,seed-initial-2026
FIN-100287,ONRD-2021-CYBR-00096,Code-32,Cyber,Other Direct Costs,2021,Q4,49409.18,36335.52,73.5,13073.66,Closed,seed-initial-2026
FIN-100288,ONRD-2021-CYBR-00096,Code-32,Cyber,Training,2021,Q2,90652.4,81929.31,90.4,8723.09,Closed,seed-initial-2026
FIN-100289,ONRD-2021-CYBR-00097,Code-30,Cyber,Contractors,2021,Q4,116794.32,98152.64,84.0,18641.68,Closed,seed-initial-2026
FIN-100290,ONRD-2021-CYBR-00097,Code-30,Cyber,Other Direct Costs,2021,Q4,212186.32,197855.51,93.2,14330.81,Closed,seed-initial-2026
FIN-100291,ONRD-2021-CYBR-00097,Code-30,Cyber,Travel,2021,Q4,92019.35,77526.82,84.3,14492.53,Closed,seed-initial-2026
FIN-100292,ONRD-2021-AUTO-00098,Code-34,Autonomy,Facilities,2021,Q2,210857.23,183994.5,87.3,26862.73,Closed,seed-initial-2026
FIN-100293,ONRD-2021-AUTO-00098,Code-34,Autonomy,Personnel,2021,Q2,288360.18,219142.82,76.0,69217.36,Closed,seed-initial-2026
FIN-100294,ONRD-2021-AUTO-00098,Code-34,Autonomy,Contractors,2021,Q3,71782.6,58828.65,82.0,12953.95,Closed,seed-initial-2026
FIN-100295,ONRD-2021-QNTM-00099,Code-30,Quantum,Contractors,2021,Q3,85584.69,86176.5,100.7,-591.81,Closed,seed-initial-2026
FIN-100296,ONRD-2021-QNTM-00099,Code-30,Quantum,Personnel,2021,Q4,2478.2,2125.42,85.8,352.78,Closed,seed-initial-2026
FIN-100297,ONRD-2021-QNTM-00099,Code-30,Quantum,Equipment,2021,Q4,27937.11,22976.23,82.2,4960.88,Closed,seed-initial-2026
FIN-100298,ONRD-2021-MATL-00100,Code-34,Materials,Supplies,2021,Q3,38156.07,40174.76,105.3,-2018.69,Closed,seed-initial-2026
FIN-100299,ONRD-2021-MATL-00100,Code-34,Materials,Contractors,2021,Q2,114059.05,91877.49,80.6,22181.56,Closed,seed-initial-2026
FIN-100300,ONRD-2021-MATL-00100,Code-34,Materials,Personnel,2021,Q3,70784.88,73753.0,104.2,-2968.12,Closed,seed-initial-2026
FIN-100301,ONRD-2021-MATL-00101,Code-31,Materials,Contractors,2021,Q4,76020.43,69894.2,91.9,6126.23,Closed,seed-initial-2026
FIN-100302,ONRD-2021-MATL-00101,Code-31,Materials,Equipment,2021,Q3,45086.41,47851.53,106.1,-2765.12,Closed,seed-initial-2026
FIN-100303,ONRD-2021-MATL-00101,Code-31,Materials,Personnel,2021,Q2,9893.16,7345.3,74.2,2547.86,Closed,seed-initial-2026
FIN-100304,ONRD-2021-QNTM-00102,Code-30,Quantum,Personnel,2021,Q1,134033.43,120729.73,90.1,13303.7,Closed,seed-initial-2026
FIN-100305,ONRD-2021-QNTM-00102,Code-30,Quantum,Equipment,2021,Q1,196289.36,159134.92,81.1,37154.44,Closed,seed-initial-2026
FIN-100306,ONRD-2021-QNTM-00102,Code-30,Quantum,Facilities,2021,Q4,140677.21,107078.21,76.1,33599.0,Closed,seed-initial-2026
FIN-100307,ONRD-2021-AIML-00103,Code-30,AI/ML,Facilities,2021,Q2,39719.61,28815.05,72.5,10904.56,Closed,seed-initial-2026
FIN-100308,ONRD-2021-AIML-00103,Code-30,AI/ML,Equipment,2021,Q4,4169.98,3892.77,93.4,277.21,Closed,seed-initial-2026
FIN-100309,ONRD-2021-AIML-00103,Code-30,AI/ML,Travel,2021,Q2,15110.41,14641.69,96.9,468.72,Closed,seed-initial-2026
FIN-100310,ONRD-2021-MATL-00104,ONR-Corporate,Materials,Other Direct Costs,2021,Q4,118137.21,120048.19,101.6,-1910.98,Closed,seed-initial-2026
FIN-100311,ONRD-2021-MATL-00104,ONR-Corporate,Materials,Training,2021,Q3,68515.93,73151.64,106.8,-4635.71,Closed,seed-initial-2026
FIN-100312,ONRD-2021-MATL-00104,ONR-Corporate,Materials,Personnel,2021,Q3,118346.86,88110.06,74.5,30236.8,Closed,seed-initial-2026
FIN-100313,ONRD-2021-USEA-00105,ONR-Corporate,Undersea,Personnel,2021,Q4,52437.66,55227.21,105.3,-2789.55,Closed,seed-initial-2026
FIN-100314,ONRD-2021-USEA-00105,ONR-Corporate,Undersea,Facilities,2021,Q4,22879.35,17792.95,77.8,5086.4,Closed,seed-initial-2026
FIN-100315,ONRD-2021-USEA-00105,ONR-Corporate,Undersea,Equipment,2021,Q2,47682.98,42193.53,88.5,5489.45,Closed,seed-initial-2026
FIN-100316,ONRD-2021-USEA-00106,Code-34,Undersea,Equipment,2021,Q2,325577.09,286585.28,88.0,38991.81,Closed,seed-initial-2026
FIN-100317,ONRD-2021-USEA-00106,Code-34,Undersea,Contractors,2021,Q2,14699.3,12559.11,85.4,2140.19,Closed,seed-initial-2026
FIN-100318,ONRD-2021-USEA-00106,Code-34,Undersea,Other Direct Costs,2021,Q1,148723.61,158577.46,106.6,-9853.85,Closed,seed-initial-2026
FIN-100319,ONRD-2021-AIML-00107,Code-30,AI/ML,Other Direct Costs,2021,Q2,40894.17,41283.2,101.0,-389.03,Closed,seed-initial-2026
FIN-100320,ONRD-2021-AIML-00107,Code-30,AI/ML,Travel,2021,Q2,187693.62,155373.15,82.8,32320.47,Closed,seed-initial-2026
FIN-100321,ONRD-2021-AIML-00107,Code-30,AI/ML,Equipment,2021,Q3,184412.21,194298.08,105.4,-9885.87,Closed,seed-initial-2026
FIN-100322,ONRD-2021-AIML-00108,Code-35,AI/ML,Contractors,2021,Q4,249080.85,239432.35,96.1,9648.5,Closed,seed-initial-2026
FIN-100323,ONRD-2021-AIML-00108,Code-35,AI/ML,Contractors,2021,Q4,83586.62,85994.11,102.9,-2407.49,Closed,seed-initial-2026
FIN-100324,ONRD-2021-AIML-00108,Code-35,AI/ML,Travel,2021,Q3,53332.53,46435.05,87.1,6897.48,Closed,seed-initial-2026
FIN-100325,ONRD-2022-MATL-00109,Code-34,Materials,Facilities,2022,Q4,195207.1,167670.52,85.9,27536.58,Closed,seed-initial-2026
FIN-100326,ONRD-2022-MATL-00109,Code-34,Materials,Personnel,2022,Q4,1001422.13,747830.37,74.7,253591.76,Closed,seed-initial-2026
FIN-100327,ONRD-2022-MATL-00109,Code-34,Materials,Training,2022,Q2,837370.77,757105.68,90.4,80265.09,Closed,seed-initial-2026
FIN-100328,ONRD-2022-BIOT-00110,Code-32,Biotech,Training,2022,Q4,188467.83,146613.22,77.8,41854.61,Closed,seed-initial-2026
FIN-100329,ONRD-2022-BIOT-00110,Code-32,Biotech,Training,2022,Q2,168892.25,174172.57,103.1,-5280.32,Closed,seed-initial-2026
FIN-100330,ONRD-2022-BIOT-00110,Code-32,Biotech,Personnel,2022,Q2,206639.92,185422.32,89.7,21217.6,Closed,seed-initial-2026
FIN-100331,ONRD-2022-AUTO-00111,ONR-Corporate,Autonomy,Other Direct Costs,2022,Q4,1721425.27,1346216.68,78.2,375208.59,Closed,seed-initial-2026
FIN-100332,ONRD-2022-AUTO-00111,ONR-Corporate,Autonomy,Personnel,2022,Q1,258597.02,233126.97,90.2,25470.05,Closed,seed-initial-2026
FIN-100333,ONRD-2022-AUTO-00111,ONR-Corporate,Autonomy,Facilities,2022,Q1,407977.71,376482.92,92.3,31494.79,Closed,seed-initial-2026
FIN-100334,ONRD-2022-MATL-00112,Code-30,Materials,Facilities,2022,Q2,2528793.53,2554813.14,101.0,-26019.61,Closed,seed-initial-2026
FIN-100335,ONRD-2022-MATL-00112,Code-30,Materials,Equipment,2022,Q2,2242751.15,2290965.71,102.1,-48214.56,Closed,seed-initial-2026
FIN-100336,ONRD-2022-MATL-00112,Code-30,Materials,Personnel,2022,Q2,1538455.32,1198220.08,77.9,340235.24,Closed,seed-initial-2026
FIN-100337,ONRD-2022-DEWX-00113,Code-30,Directed Energy,Other Direct Costs,2022,Q4,793790.73,622601.07,78.4,171189.66,Closed,seed-initial-2026
FIN-100338,ONRD-2022-DEWX-00113,Code-30,Directed Energy,Supplies,2022,Q3,985658.52,970937.8,98.5,14720.72,Closed,seed-initial-2026
FIN-100339,ONRD-2022-DEWX-00113,Code-30,Directed Energy,Training,2022,Q1,857550.75,914764.52,106.7,-57213.77,Closed,seed-initial-2026
FIN-100340,ONRD-2022-USEA-00114,Code-32,Undersea,Other Direct Costs,2022,Q2,244511.31,254233.8,104.0,-9722.49,Closed,seed-initial-2026
FIN-100341,ONRD-2022-USEA-00114,Code-32,Undersea,Supplies,2022,Q4,525583.09,499477.21,95.0,26105.88,Closed,seed-initial-2026
FIN-100342,ONRD-2022-USEA-00114,Code-32,Undersea,Other Direct Costs,2022,Q4,162905.6,134053.87,82.3,28851.73,Closed,seed-initial-2026
FIN-100343,ONRD-2022-QNTM-00115,Code-34,Quantum,Other Direct Costs,2022,Q3,37915.12,36838.2,97.2,1076.92,Closed,seed-initial-2026
FIN-100344,ONRD-2022-QNTM-00115,Code-34,Quantum,Contractors,2022,Q1,17862.5,19036.94,106.6,-1174.44,Closed,seed-initial-2026
FIN-100345,ONRD-2022-QNTM-00115,Code-34,Quantum,Personnel,2022,Q4,20222.38,15152.89,74.9,5069.49,Closed,seed-initial-2026
FIN-100346,ONRD-2022-AIML-00116,Code-31,AI/ML,Contractors,2022,Q3,135751.86,103169.39,76.0,32582.47,Closed,seed-initial-2026
FIN-100347,ONRD-2022-AIML-00116,Code-31,AI/ML,Personnel,2022,Q1,240812.27,235491.3,97.8,5320.97,Closed,seed-initial-2026
FIN-100348,ONRD-2022-AIML-00116,Code-31,AI/ML,Other Direct Costs,2022,Q3,10435.87,10741.73,102.9,-305.86,Closed,seed-initial-2026
FIN-100349,ONRD-2022-AIML-00117,Code-34,AI/ML,Supplies,2022,Q4,145128.22,140020.6,96.5,5107.62,Closed,seed-initial-2026
FIN-100350,ONRD-2022-AIML-00117,Code-34,AI/ML,Travel,2022,Q2,249524.4,248734.83,99.7,789.57,Closed,seed-initial-2026
FIN-100351,ONRD-2022-AIML-00117,Code-34,AI/ML,Training,2022,Q2,501347.38,459567.09,91.7,41780.29,Closed,seed-initial-2026
FIN-100352,ONRD-2022-DEWX-00118,Code-35,Directed Energy,Personnel,2022,Q4,16325.65,13050.61,79.9,3275.04,Closed,seed-initial-2026
FIN-100353,ONRD-2022-DEWX-00118,Code-35,Directed Energy,Personnel,2022,Q3,49449.36,39111.61,79.1,10337.75,Closed,seed-initial-2026
FIN-100354,ONRD-2022-DEWX-00118,Code-35,Directed Energy,Personnel,2022,Q2,68224.99,63823.15,93.5,4401.84,Closed,seed-initial-2026
FIN-100355,ONRD-2022-USEA-00119,Code-32,Undersea,Personnel,2022,Q4,63806.17,62374.92,97.8,1431.25,Closed,seed-initial-2026
FIN-100356,ONRD-2022-USEA-00119,Code-32,Undersea,Travel,2022,Q3,26154.69,20199.54,77.2,5955.15,Closed,seed-initial-2026
FIN-100357,ONRD-2022-USEA-00119,Code-32,Undersea,Travel,2022,Q1,61039.14,50233.47,82.3,10805.67,Closed,seed-initial-2026
FIN-100358,ONRD-2022-MATL-00120,Code-31,Materials,Training,2022,Q2,149645.42,141016.08,94.2,8629.34,Closed,seed-initial-2026
FIN-100359,ONRD-2022-MATL-00120,Code-31,Materials,Training,2022,Q2,126372.44,135031.46,106.9,-8659.02,Closed,seed-initial-2026
FIN-100360,ONRD-2022-MATL-00120,Code-31,Materials,Other Direct Costs,2022,Q3,365982.14,321285.99,87.8,44696.15,Closed,seed-initial-2026
FIN-100361,ONRD-2022-AIML-00121,Code-31,AI/ML,Travel,2022,Q4,27220.15,21195.17,77.9,6024.98,Closed,seed-initial-2026
FIN-100362,ONRD-2022-AIML-00121,Code-31,AI/ML,Equipment,2022,Q2,30787.93,30345.73,98.6,442.2,Closed,seed-initial-2026
FIN-100363,ONRD-2022-AIML-00121,Code-31,AI/ML,Other Direct Costs,2022,Q3,32991.92,34445.73,104.4,-1453.81,Closed,seed-initial-2026
FIN-100364,ONRD-2022-AUTO-00122,Code-32,Autonomy,Facilities,2022,Q3,1739841.26,1867533.08,107.3,-127691.82,Closed,seed-initial-2026
FIN-100365,ONRD-2022-AUTO-00122,Code-32,Autonomy,Contractors,2022,Q4,1413070.95,1224900.17,86.7,188170.78,Closed,seed-initial-2026
FIN-100366,ONRD-2022-AUTO-00122,Code-32,Autonomy,Personnel,2022,Q1,2574087.79,1903511.9,73.9,670575.89,Closed,seed-initial-2026
FIN-100367,ONRD-2022-DEWX-00123,Code-31,Directed Energy,Training,2022,Q3,86840.38,79530.86,91.6,7309.52,Closed,seed-initial-2026
FIN-100368,ONRD-2022-DEWX-00123,Code-31,Directed Energy,Training,2022,Q1,270164.08,221314.81,81.9,48849.27,Closed,seed-initial-2026
FIN-100369,ONRD-2022-DEWX-00123,Code-31,Directed Energy,Other Direct Costs,2022,Q1,151995.55,138290.09,91.0,13705.46,Closed,seed-initial-2026
FIN-100370,ONRD-2022-MATL-00124,Code-32,Materials,Facilities,2022,Q1,65012.07,68204.95,104.9,-3192.88,Closed,seed-initial-2026
FIN-100371,ONRD-2022-MATL-00124,Code-32,Materials,Equipment,2022,Q3,88077.87,78070.66,88.6,10007.21,Closed,seed-initial-2026
FIN-100372,ONRD-2022-MATL-00124,Code-32,Materials,Contractors,2022,Q4,32910.05,24367.6,74.0,8542.45,Closed,seed-initial-2026
FIN-100373,ONRD-2022-MATL-00125,Code-35,Materials,Travel,2022,Q1,92727.19,97517.66,105.2,-4790.47,Closed,seed-initial-2026
FIN-100374,ONRD-2022-MATL-00125,Code-35,Materials,Training,2022,Q1,9882.62,7329.1,74.2,2553.52,Closed,seed-initial-2026
FIN-100375,ONRD-2022-MATL-00125,Code-35,Materials,Other Direct Costs,2022,Q3,86390.19,90328.57,104.6,-3938.38,Closed,seed-initial-2026
FIN-100376,ONRD-2022-BIOT-00126,Code-35,Biotech,Travel,2022,Q3,362520.34,270490.86,74.6,92029.48,Closed,seed-initial-2026
FIN-100377,ONRD-2022-BIOT-00126,Code-35,Biotech,Contractors,2022,Q3,208568.66,176410.04,84.6,32158.62,Closed,seed-initial-2026
FIN-100378,ONRD-2022-BIOT-00126,Code-35,Biotech,Other Direct Costs,2022,Q3,41911.0,37664.73,89.9,4246.27,Closed,seed-initial-2026
FIN-100379,ONRD-2022-AUTO-00127,Code-32,Autonomy,Travel,2022,Q1,188779.47,182213.01,96.5,6566.46,Closed,seed-initial-2026
FIN-100380,ONRD-2022-AUTO-00127,Code-32,Autonomy,Travel,2022,Q1,153490.33,146948.72,95.7,6541.61,Closed,seed-initial-2026
FIN-100381,ONRD-2022-AUTO-00127,Code-32,Autonomy,Contractors,2022,Q3,287730.2,270858.83,94.1,16871.37,Closed,seed-initial-2026
FIN-100382,ONRD-2022-AIML-00128,Code-35,AI/ML,Other Direct Costs,2022,Q3,73872.27,78290.22,106.0,-4417.95,Closed,seed-initial-2026
FIN-100383,ONRD-2022-AIML-00128,Code-35,AI/ML,Supplies,2022,Q3,273440.28,261870.03,95.8,11570.25,Closed,seed-initial-2026
FIN-100384,ONRD-2022-AIML-00128,Code-35,AI/ML,Contractors,2022,Q3,350687.45,372320.86,106.2,-21633.41,Closed,seed-initial-2026
FIN-100385,ONRD-2022-QNTM-00129,Code-35,Quantum,Training,2022,Q1,122210.16,102349.4,83.7,19860.76,Closed,seed-initial-2026
FIN-100386,ONRD-2022-QNTM-00129,Code-35,Quantum,Personnel,2022,Q4,73824.51,63091.31,85.5,10733.2,Closed,seed-initial-2026
FIN-100387,ONRD-2022-QNTM-00129,Code-35,Quantum,Facilities,2022,Q1,6965.33,5744.93,82.5,1220.4,Closed,seed-initial-2026
FIN-100388,ONRD-2022-BIOT-00130,Code-32,Biotech,Other Direct Costs,2022,Q2,708030.19,552015.8,78.0,156014.39,Closed,seed-initial-2026
FIN-100389,ONRD-2022-BIOT-00130,Code-32,Biotech,Facilities,2022,Q1,223389.27,171559.07,76.8,51830.2,Closed,seed-initial-2026
FIN-100390,ONRD-2022-BIOT-00130,Code-32,Biotech,Personnel,2022,Q2,205580.54,217442.35,105.8,-11861.81,Closed,seed-initial-2026
FIN-100391,ONRD-2022-BIOT-00131,ONR-Corporate,Biotech,Travel,2022,Q1,185788.81,141144.5,76.0,44644.31,Closed,seed-initial-2026
FIN-100392,ONRD-2022-BIOT-00131,ONR-Corporate,Biotech,Other Direct Costs,2022,Q1,27847.34,28748.76,103.2,-901.42,Closed,seed-initial-2026
FIN-100393,ONRD-2022-BIOT-00131,ONR-Corporate,Biotech,Facilities,2022,Q1,69363.85,63373.67,91.4,5990.18,Closed,seed-initial-2026
FIN-100394,ONRD-2022-MATL-00132,Code-30,Materials,Facilities,2022,Q1,226436.35,196049.57,86.6,30386.78,Closed,seed-initial-2026
FIN-100395,ONRD-2022-MATL-00132,Code-30,Materials,Equipment,2022,Q3,237911.69,214896.88,90.3,23014.81,Closed,seed-initial-2026
FIN-100396,ONRD-2022-MATL-00132,Code-30,Materials,Travel,2022,Q2,314651.96,296617.3,94.3,18034.66,Closed,seed-initial-2026
FIN-100397,ONRD-2022-DEWX-00133,Code-34,Directed Energy,Equipment,2022,Q1,2025658.94,1715766.11,84.7,309892.83,Closed,seed-initial-2026
FIN-100398,ONRD-2022-DEWX-00133,Code-34,Directed Energy,Other Direct Costs,2022,Q2,3852354.57,3416257.9,88.7,436096.67,Closed,seed-initial-2026
FIN-100399,ONRD-2022-DEWX-00133,Code-34,Directed Energy,Supplies,2022,Q3,167986.49,180022.87,107.2,-12036.38,Closed,seed-initial-2026
FIN-100400,ONRD-2022-DEWX-00134,Code-32,Directed Energy,Other Direct Costs,2022,Q3,21271.5,20615.46,96.9,656.04,Closed,seed-initial-2026
FIN-100401,ONRD-2022-DEWX-00134,Code-32,Directed Energy,Personnel,2022,Q2,51370.73,51707.43,100.7,-336.7,Closed,seed-initial-2026
FIN-100402,ONRD-2022-DEWX-00134,Code-32,Directed Energy,Supplies,2022,Q2,52357.77,44588.89,85.2,7768.88,Closed,seed-initial-2026
FIN-100403,ONRD-2022-USEA-00135,Code-30,Undersea,Contractors,2022,Q3,29906.37,21542.5,72.0,8363.87,Closed,seed-initial-2026
FIN-100404,ONRD-2022-USEA-00135,Code-30,Undersea,Other Direct Costs,2022,Q4,41198.81,33330.86,80.9,7867.95,Closed,seed-initial-2026
FIN-100405,ONRD-2022-USEA-00135,Code-30,Undersea,Facilities,2022,Q3,83894.81,83169.12,99.1,725.69,Closed,seed-initial-2026
FIN-100406,ONRD-2022-MATL-00136,Code-30,Materials,Other Direct Costs,2022,Q3,572218.15,613906.8,107.3,-41688.65,Closed,seed-initial-2026
FIN-100407,ONRD-2022-MATL-00136,Code-30,Materials,Personnel,2022,Q4,86581.76,90015.48,104.0,-3433.72,Closed,seed-initial-2026
FIN-100408,ONRD-2022-MATL-00136,Code-30,Materials,Contractors,2022,Q2,292200.09,291646.68,99.8,553.41,Closed,seed-initial-2026
FIN-100409,ONRD-2022-QNTM-00137,Code-35,Quantum,Personnel,2022,Q4,1274312.63,1055398.74,82.8,218913.89,Closed,seed-initial-2026
FIN-100410,ONRD-2022-QNTM-00137,Code-35,Quantum,Other Direct Costs,2022,Q2,1286089.89,937041.1,72.9,349048.79,Closed,seed-initial-2026
FIN-100411,ONRD-2022-QNTM-00137,Code-35,Quantum,Supplies,2022,Q2,266597.48,287486.5,107.8,-20889.02,Closed,seed-initial-2026
FIN-100412,ONRD-2022-USEA-00138,Code-34,Undersea,Supplies,2022,Q1,208380.1,219322.82,105.3,-10942.72,Closed,seed-initial-2026
FIN-100413,ONRD-2022-USEA-00138,Code-34,Undersea,Personnel,2022,Q1,362254.18,274360.67,75.7,87893.51,Closed,seed-initial-2026
FIN-100414,ONRD-2022-USEA-00138,Code-34,Undersea,Facilities,2022,Q2,113365.72,94762.9,83.6,18602.82,Closed,seed-initial-2026
FIN-100415,ONRD-2022-BIOT-00139,Code-30,Biotech,Training,2022,Q1,17106.94,14162.6,82.8,2944.34,Closed,seed-initial-2026
FIN-100416,ONRD-2022-BIOT-00139,Code-30,Biotech,Facilities,2022,Q2,20792.43,18859.04,90.7,1933.39,Closed,seed-initial-2026
FIN-100417,ONRD-2022-BIOT-00139,Code-30,Biotech,Training,2022,Q3,14100.64,14982.33,106.3,-881.69,Closed,seed-initial-2026
FIN-100418,ONRD-2022-MATL-00140,Code-30,Materials,Personnel,2022,Q3,683899.35,686044.9,100.3,-2145.55,Closed,seed-initial-2026
FIN-100419,ONRD-2022-MATL-00140,Code-30,Materials,Facilities,2022,Q4,143356.91,139183.37,97.1,4173.54,Closed,seed-initial-2026
FIN-100420,ONRD-2022-MATL-00140,Code-30,Materials,Personnel,2022,Q4,697743.73,649192.99,93.0,48550.74,Closed,seed-initial-2026
FIN-100421,ONRD-2022-AUTO-00141,Code-32,Autonomy,Training,2022,Q1,1274489.98,1127397.75,88.5,147092.23,Closed,seed-initial-2026
FIN-100422,ONRD-2022-AUTO-00141,Code-32,Autonomy,Facilities,2022,Q1,1122675.62,1154605.79,102.8,-31930.17,Closed,seed-initial-2026
FIN-100423,ONRD-2022-AUTO-00141,Code-32,Autonomy,Other Direct Costs,2022,Q2,51834.4,53999.66,104.2,-2165.26,Closed,seed-initial-2026
FIN-100424,ONRD-2022-QNTM-00142,Code-34,Quantum,Equipment,2022,Q3,1797335.11,1363470.35,75.9,433864.76,Closed,seed-initial-2026
FIN-100425,ONRD-2022-QNTM-00142,Code-34,Quantum,Equipment,2022,Q4,1097007.61,1064741.32,97.1,32266.29,Closed,seed-initial-2026
FIN-100426,ONRD-2022-QNTM-00142,Code-34,Quantum,Facilities,2022,Q4,1838657.28,1377654.89,74.9,461002.39,Closed,seed-initial-2026
FIN-100427,ONRD-2022-CYBR-00143,Code-31,Cyber,Supplies,2022,Q4,62499.91,46459.57,74.3,16040.34,Closed,seed-initial-2026
FIN-100428,ONRD-2022-CYBR-00143,Code-31,Cyber,Supplies,2022,Q4,3068.12,2962.33,96.6,105.79,Closed,seed-initial-2026
FIN-100429,ONRD-2022-CYBR-00143,Code-31,Cyber,Other Direct Costs,2022,Q2,21431.97,20652.63,96.4,779.34,Closed,seed-initial-2026
FIN-100430,ONRD-2022-DEWX-00144,Code-30,Directed Energy,Training,2022,Q3,61927.88,45809.3,74.0,16118.58,Closed,seed-initial-2026
FIN-100431,ONRD-2022-DEWX-00144,Code-30,Directed Energy,Supplies,2022,Q2,57055.39,52961.22,92.8,4094.17,Closed,seed-initial-2026
FIN-100432,ONRD-2022-DEWX-00144,Code-30,Directed Energy,Personnel,2022,Q3,16016.73,16393.92,102.4,-377.19,Closed,seed-initial-2026
FIN-100433,ONRD-2022-MATL-00145,Code-32,Materials,Facilities,2022,Q3,45182.43,46778.53,103.5,-1596.1,Closed,seed-initial-2026
FIN-100434,ONRD-2022-MATL-00145,Code-32,Materials,Travel,2022,Q1,78305.18,62860.72,80.3,15444.46,Closed,seed-initial-2026
FIN-100435,ONRD-2022-MATL-00145,Code-32,Materials,Contractors,2022,Q1,57512.39,44892.9,78.1,12619.49,Closed,seed-initial-2026
FIN-100436,ONRD-2022-MATL-00146,Code-32,Materials,Contractors,2022,Q1,110129.86,114931.65,104.4,-4801.79,Closed,seed-initial-2026
FIN-100437,ONRD-2022-MATL-00146,Code-32,Materials,Training,2022,Q4,849621.07,829917.25,97.7,19703.82,Closed,seed-initial-2026
FIN-100438,ONRD-2022-MATL-00146,Code-32,Materials,Contractors,2022,Q4,2031249.08,1469476.52,72.3,561772.56,Closed,seed-initial-2026
FIN-100439,ONRD-2022-DEWX-00147,Code-34,Directed Energy,Other Direct Costs,2022,Q1,108706.95,108049.05,99.4,657.9,Closed,seed-initial-2026
FIN-100440,ONRD-2022-DEWX-00147,Code-34,Directed Energy,Training,2022,Q4,48271.46,42913.99,88.9,5357.47,Closed,seed-initial-2026
FIN-100441,ONRD-2022-DEWX-00147,Code-34,Directed Energy,Training,2022,Q4,85021.59,77576.43,91.2,7445.16,Closed,seed-initial-2026
FIN-100442,ONRD-2022-CYBR-00148,ONR-Corporate,Cyber,Facilities,2022,Q1,88379.38,91394.79,103.4,-3015.41,Closed,seed-initial-2026
FIN-100443,ONRD-2022-CYBR-00148,ONR-Corporate,Cyber,Equipment,2022,Q3,62021.41,48823.99,78.7,13197.42,Closed,seed-initial-2026
FIN-100444,ONRD-2022-CYBR-00148,ONR-Corporate,Cyber,Other Direct Costs,2022,Q3,35599.21,34539.79,97.0,1059.42,Closed,seed-initial-2026
FIN-100445,ONRD-2022-AUTO-00149,Code-32,Autonomy,Equipment,2022,Q3,562731.83,540369.4,96.0,22362.43,Closed,seed-initial-2026
FIN-100446,ONRD-2022-AUTO-00149,Code-32,Autonomy,Personnel,2022,Q4,24365.15,23505.47,96.5,859.68,Closed,seed-initial-2026
FIN-100447,ONRD-2022-AUTO-00149,Code-32,Autonomy,Facilities,2022,Q1,82903.02,84031.21,101.4,-1128.19,Closed,seed-initial-2026
FIN-100448,ONRD-2022-USEA-00150,Code-31,Undersea,Travel,2022,Q1,139264.16,130571.91,93.8,8692.25,Closed,seed-initial-2026
FIN-100449,ONRD-2022-USEA-00150,Code-31,Undersea,Other Direct Costs,2022,Q4,119398.16,91458.22,76.6,27939.94,Closed,seed-initial-2026
FIN-100450,ONRD-2022-USEA-00150,Code-31,Undersea,Supplies,2022,Q4,368337.69,272673.89,74.0,95663.8,Closed,seed-initial-2026
FIN-100451,ONRD-2022-BIOT-00151,Code-30,Biotech,Supplies,2022,Q4,60150.17,55207.85,91.8,4942.32,Closed,seed-initial-2026
FIN-100452,ONRD-2022-BIOT-00151,Code-30,Biotech,Supplies,2022,Q1,26156.21,26982.97,103.2,-826.76,Closed,seed-initial-2026
FIN-100453,ONRD-2022-BIOT-00151,Code-30,Biotech,Facilities,2022,Q4,57693.62,44836.93,77.7,12856.69,Closed,seed-initial-2026
FIN-100454,ONRD-2022-DEWX-00152,Code-30,Directed Energy,Contractors,2022,Q3,182847.85,186531.52,102.0,-3683.67,Closed,seed-initial-2026
FIN-100455,ONRD-2022-DEWX-00152,Code-30,Directed Energy,Facilities,2022,Q1,434879.66,365160.98,84.0,69718.68,Closed,seed-initial-2026
FIN-100456,ONRD-2022-DEWX-00152,Code-30,Directed Energy,Contractors,2022,Q3,28272.49,23861.65,84.4,4410.84,Closed,seed-initial-2026
FIN-100457,ONRD-2023-DEWX-00153,ONR-Corporate,Directed Energy,Facilities,2023,Q4,68472.23,71353.6,104.2,-2881.37,Closed,seed-initial-2026
FIN-100458,ONRD-2023-DEWX-00153,ONR-Corporate,Directed Energy,Travel,2023,Q1,61657.7,55560.51,90.1,6097.19,Closed,seed-initial-2026
FIN-100459,ONRD-2023-DEWX-00153,ONR-Corporate,Directed Energy,Contractors,2023,Q3,71870.06,59987.04,83.5,11883.02,Closed,seed-initial-2026
FIN-100460,ONRD-2023-USEA-00154,Code-31,Undersea,Facilities,2023,Q1,87220.25,64565.77,74.0,22654.48,Closed,seed-initial-2026
FIN-100461,ONRD-2023-USEA-00154,Code-31,Undersea,Contractors,2023,Q3,70991.66,76441.84,107.7,-5450.18,Closed,seed-initial-2026
FIN-100462,ONRD-2023-USEA-00154,Code-31,Undersea,Training,2023,Q3,48788.09,42528.92,87.2,6259.17,Closed,seed-initial-2026
FIN-100463,ONRD-2023-USEA-00155,Code-32,Undersea,Equipment,2023,Q2,226666.63,226255.82,99.8,410.81,Closed,seed-initial-2026
FIN-100464,ONRD-2023-USEA-00155,Code-32,Undersea,Other Direct Costs,2023,Q4,126959.89,107954.1,85.0,19005.79,Closed,seed-initial-2026
FIN-100465,ONRD-2023-USEA-00155,Code-32,Undersea,Other Direct Costs,2023,Q2,7373.48,7590.39,102.9,-216.91,Closed,seed-initial-2026
FIN-100466,ONRD-2023-AUTO-00156,Code-32,Autonomy,Facilities,2023,Q2,80875.16,85192.8,105.3,-4317.64,Closed,seed-initial-2026
FIN-100467,ONRD-2023-AUTO-00156,Code-32,Autonomy,Personnel,2023,Q2,625968.64,578858.15,92.5,47110.49,Closed,seed-initial-2026
FIN-100468,ONRD-2023-AUTO-00156,Code-32,Autonomy,Personnel,2023,Q1,318156.2,245425.51,77.1,72730.69,Closed,seed-initial-2026
FIN-100469,ONRD-2023-USEA-00157,Code-30,Undersea,Travel,2023,Q3,18806.04,14619.06,77.7,4186.98,Closed,seed-initial-2026
FIN-100470,ONRD-2023-USEA-00157,Code-30,Undersea,Facilities,2023,Q3,28202.84,27024.46,95.8,1178.38,Closed,seed-initial-2026
FIN-100471,ONRD-2023-USEA-00157,Code-30,Undersea,Training,2023,Q1,10991.12,9444.36,85.9,1546.76,Closed,seed-initial-2026
FIN-100472,ONRD-2023-AUTO-00158,Code-32,Autonomy,Facilities,2023,Q4,87204.18,82031.98,94.1,5172.2,Closed,seed-initial-2026
FIN-100473,ONRD-2023-AUTO-00158,Code-32,Autonomy,Travel,2023,Q1,60700.61,60927.42,100.4,-226.81,Closed,seed-initial-2026
FIN-100474,ONRD-2023-AUTO-00158,Code-32,Autonomy,Training,2023,Q1,54095.21,39673.06,73.3,14422.15,Closed,seed-initial-2026
FIN-100475,ONRD-2023-USEA-00159,Code-35,Undersea,Equipment,2023,Q3,92282.27,93518.17,101.3,-1235.9,Closed,seed-initial-2026
FIN-100476,ONRD-2023-USEA-00159,Code-35,Undersea,Equipment,2023,Q1,82808.55,78253.29,94.5,4555.26,Closed,seed-initial-2026
FIN-100477,ONRD-2023-USEA-00159,Code-35,Undersea,Facilities,2023,Q4,25909.18,24238.07,93.6,1671.11,Closed,seed-initial-2026
FIN-100478,ONRD-2023-QNTM-00160,Code-35,Quantum,Other Direct Costs,2023,Q4,387796.92,363519.73,93.7,24277.19,Closed,seed-initial-2026
FIN-100479,ONRD-2023-QNTM-00160,Code-35,Quantum,Equipment,2023,Q2,118465.02,106741.91,90.1,11723.11,Closed,seed-initial-2026
FIN-100480,ONRD-2023-QNTM-00160,Code-35,Quantum,Training,2023,Q2,230738.06,227950.71,98.8,2787.35,Closed,seed-initial-2026
FIN-100481,ONRD-2023-CYBR-00161,ONR-Corporate,Cyber,Contractors,2023,Q1,1826759.68,1577294.77,86.3,249464.91,Closed,seed-initial-2026
FIN-100482,ONRD-2023-CYBR-00161,ONR-Corporate,Cyber,Training,2023,Q3,2064319.44,1780903.88,86.3,283415.56,Closed,seed-initial-2026
FIN-100483,ONRD-2023-CYBR-00161,ONR-Corporate,Cyber,Other Direct Costs,2023,Q4,1945920.87,1556531.36,80.0,389389.51,Closed,seed-initial-2026
FIN-100484,ONRD-2023-CYBR-00162,ONR-Corporate,Cyber,Other Direct Costs,2023,Q2,559841.12,594903.53,106.3,-35062.41,Closed,seed-initial-2026
FIN-100485,ONRD-2023-CYBR-00162,ONR-Corporate,Cyber,Other Direct Costs,2023,Q4,1080643.31,1099168.17,101.7,-18524.86,Closed,seed-initial-2026
FIN-100486,ONRD-2023-CYBR-00162,ONR-Corporate,Cyber,Travel,2023,Q1,1287515.58,1224210.48,95.1,63305.1,Closed,seed-initial-2026
FIN-100487,ONRD-2023-AIML-00163,Code-30,AI/ML,Other Direct Costs,2023,Q2,188131.28,143878.09,76.5,44253.19,Closed,seed-initial-2026
FIN-100488,ONRD-2023-AIML-00163,Code-30,AI/ML,Travel,2023,Q2,35164.33,28879.08,82.1,6285.25,Closed,seed-initial-2026
FIN-100489,ONRD-2023-AIML-00163,Code-30,AI/ML,Supplies,2023,Q1,412704.39,431184.36,104.5,-18479.97,Closed,seed-initial-2026
FIN-100490,ONRD-2023-DEWX-00164,Code-30,Directed Energy,Equipment,2023,Q3,588653.96,633264.59,107.6,-44610.63,Closed,seed-initial-2026
FIN-100491,ONRD-2023-DEWX-00164,Code-30,Directed Energy,Travel,2023,Q2,3464961.11,2606228.44,75.2,858732.67,Closed,seed-initial-2026
FIN-100492,ONRD-2023-DEWX-00164,Code-30,Directed Energy,Equipment,2023,Q3,3799384.93,3992823.83,105.1,-193438.9,Closed,seed-initial-2026
FIN-100493,ONRD-2023-CYBR-00165,Code-30,Cyber,Personnel,2023,Q3,129538.77,93942.14,72.5,35596.63,Closed,seed-initial-2026
FIN-100494,ONRD-2023-CYBR-00165,Code-30,Cyber,Equipment,2023,Q3,164179.02,125832.4,76.6,38346.62,Closed,seed-initial-2026
FIN-100495,ONRD-2023-CYBR-00165,Code-30,Cyber,Travel,2023,Q2,120282.21,116481.74,96.8,3800.47,Closed,seed-initial-2026
FIN-100496,ONRD-2023-USEA-00166,Code-30,Undersea,Other Direct Costs,2023,Q3,2198832.87,1811863.4,82.4,386969.47,Closed,seed-initial-2026
FIN-100497,ONRD-2023-USEA-00166,Code-30,Undersea,Personnel,2023,Q1,1478432.64,1190554.05,80.5,287878.59,Closed,seed-initial-2026
FIN-100498,ONRD-2023-USEA-00166,Code-30,Undersea,Facilities,2023,Q2,497734.49,372856.53,74.9,124877.96,Closed,seed-initial-2026
FIN-100499,ONRD-2023-AUTO-00167,ONR-Corporate,Autonomy,Equipment,2023,Q2,13787.74,13869.63,100.6,-81.89,Closed,seed-initial-2026
FIN-100500,ONRD-2023-AUTO-00167,ONR-Corporate,Autonomy,Facilities,2023,Q1,84196.35,79089.91,93.9,5106.44,Closed,seed-initial-2026
FIN-100501,ONRD-2023-AUTO-00167,ONR-Corporate,Autonomy,Supplies,2023,Q4,104015.92,84129.47,80.9,19886.45,Closed,seed-initial-2026
FIN-100502,ONRD-2023-AIML-00168,Code-32,AI/ML,Other Direct Costs,2023,Q2,489185.08,478131.35,97.7,11053.73,Closed,seed-initial-2026
FIN-100503,ONRD-2023-AIML-00168,Code-32,AI/ML,Travel,2023,Q4,757182.34,789000.93,104.2,-31818.59,Closed,seed-initial-2026
FIN-100504,ONRD-2023-AIML-00168,Code-32,AI/ML,Training,2023,Q4,1061632.58,1034525.12,97.4,27107.46,Closed,seed-initial-2026
FIN-100505,ONRD-2023-AUTO-00169,ONR-Corporate,Autonomy,Travel,2023,Q3,95161.0,98486.81,103.5,-3325.81,Closed,seed-initial-2026
FIN-100506,ONRD-2023-AUTO-00169,ONR-Corporate,Autonomy,Equipment,2023,Q3,472255.63,373477.73,79.1,98777.9,Closed,seed-initial-2026
FIN-100507,ONRD-2023-AUTO-00169,ONR-Corporate,Autonomy,Training,2023,Q2,285583.38,232620.89,81.5,52962.49,Closed,seed-initial-2026
FIN-100508,ONRD-2023-DEWX-00170,Code-34,Directed Energy,Contractors,2023,Q2,500176.31,437311.87,87.4,62864.44,Closed,seed-initial-2026
FIN-100509,ONRD-2023-DEWX-00170,Code-34,Directed Energy,Supplies,2023,Q4,437955.22,457685.9,104.5,-19730.68,Closed,seed-initial-2026
FIN-100510,ONRD-2023-DEWX-00170,Code-34,Directed Energy,Travel,2023,Q1,382868.47,303925.64,79.4,78942.83,Closed,seed-initial-2026
FIN-100511,ONRD-2023-USEA-00171,Code-30,Undersea,Other Direct Costs,2023,Q1,34331.81,35988.49,104.8,-1656.68,Closed,seed-initial-2026
FIN-100512,ONRD-2023-USEA-00171,Code-30,Undersea,Contractors,2023,Q1,20239.24,21594.25,106.7,-1355.01,Closed,seed-initial-2026
FIN-100513,ONRD-2023-USEA-00171,Code-30,Undersea,Training,2023,Q3,30428.96,25367.18,83.4,5061.78,Closed,seed-initial-2026
FIN-100514,ONRD-2023-AUTO-00172,Code-35,Autonomy,Facilities,2023,Q3,117051.24,112755.33,96.3,4295.91,Closed,seed-initial-2026
FIN-100515,ONRD-2023-AUTO-00172,Code-35,Autonomy,Training,2023,Q2,123912.46,110738.94,89.4,13173.52,Closed,seed-initial-2026
FIN-100516,ONRD-2023-AUTO-00172,Code-35,Autonomy,Travel,2023,Q4,121036.3,122834.24,101.5,-1797.94,Closed,seed-initial-2026
FIN-100517,ONRD-2023-MATL-00173,Code-34,Materials,Personnel,2023,Q2,26836.58,23806.57,88.7,3030.01,Closed,seed-initial-2026
FIN-100518,ONRD-2023-MATL-00173,Code-34,Materials,Contractors,2023,Q2,102305.91,107501.29,105.1,-5195.38,Closed,seed-initial-2026
FIN-100519,ONRD-2023-MATL-00173,Code-34,Materials,Supplies,2023,Q4,64857.51,62871.08,96.9,1986.43,Closed,seed-initial-2026
FIN-100520,ONRD-2023-AUTO-00174,Code-31,Autonomy,Supplies,2023,Q2,25367.87,18739.38,73.9,6628.49,Closed,seed-initial-2026
FIN-100521,ONRD-2023-AUTO-00174,Code-31,Autonomy,Training,2023,Q4,176127.47,164999.3,93.7,11128.17,Closed,seed-initial-2026
FIN-100522,ONRD-2023-AUTO-00174,Code-31,Autonomy,Training,2023,Q3,259504.66,237145.48,91.4,22359.18,Closed,seed-initial-2026
FIN-100523,ONRD-2023-DEWX-00175,ONR-Corporate,Directed Energy,Equipment,2023,Q4,172112.42,164971.77,95.9,7140.65,Closed,seed-initial-2026
FIN-100524,ONRD-2023-DEWX-00175,ONR-Corporate,Directed Energy,Personnel,2023,Q2,86070.61,85431.58,99.3,639.03,Closed,seed-initial-2026
FIN-100525,ONRD-2023-DEWX-00175,ONR-Corporate,Directed Energy,Training,2023,Q2,218816.97,201344.99,92.0,17471.98,Closed,seed-initial-2026
FIN-100526,ONRD-2023-BIOT-00176,Code-32,Biotech,Supplies,2023,Q4,123220.56,125182.57,101.6,-1962.01,Closed,seed-initial-2026
FIN-100527,ONRD-2023-BIOT-00176,Code-32,Biotech,Equipment,2023,Q2,148744.94,143092.47,96.2,5652.47,Closed,seed-initial-2026
FIN-100528,ONRD-2023-BIOT-00176,Code-32,Biotech,Contractors,2023,Q2,376034.5,365167.81,97.1,10866.69,Closed,seed-initial-2026
FIN-100529,ONRD-2023-CYBR-00177,Code-30,Cyber,Supplies,2023,Q1,224321.14,240060.47,107.0,-15739.33,Closed,seed-initial-2026
FIN-100530,ONRD-2023-CYBR-00177,Code-30,Cyber,Equipment,2023,Q3,494729.42,442977.86,89.5,51751.56,Closed,seed-initial-2026
FIN-100531,ONRD-2023-CYBR-00177,Code-30,Cyber,Facilities,2023,Q4,219949.44,158909.38,72.2,61040.06,Closed,seed-initial-2026
FIN-100532,ONRD-2023-USEA-00178,Code-31,Undersea,Equipment,2023,Q2,95908.1,82134.83,85.6,13773.27,Closed,seed-initial-2026
FIN-100533,ONRD-2023-USEA-00178,Code-31,Undersea,Other Direct Costs,2023,Q3,50840.25,37990.15,74.7,12850.1,Closed,seed-initial-2026
FIN-100534,ONRD-2023-USEA-00178,Code-31,Undersea,Supplies,2023,Q4,38251.65,29031.72,75.9,9219.93,Closed,seed-initial-2026
FIN-100535,ONRD-2023-MATL-00179,Code-31,Materials,Supplies,2023,Q1,109497.48,85691.21,78.3,23806.27,Closed,seed-initial-2026
FIN-100536,ONRD-2023-MATL-00179,Code-31,Materials,Contractors,2023,Q2,474779.01,488901.3,103.0,-14122.29,Closed,seed-initial-2026
FIN-100537,ONRD-2023-MATL-00179,Code-31,Materials,Travel,2023,Q1,389723.5,333046.6,85.5,56676.9,Closed,seed-initial-2026
FIN-100538,ONRD-2023-AUTO-00180,Code-32,Autonomy,Training,2023,Q1,57240.17,59886.89,104.6,-2646.72,Closed,seed-initial-2026
FIN-100539,ONRD-2023-AUTO-00180,Code-32,Autonomy,Equipment,2023,Q1,27824.39,21659.74,77.8,6164.65,Closed,seed-initial-2026
FIN-100540,ONRD-2023-AUTO-00180,Code-32,Autonomy,Supplies,2023,Q4,55935.44,55957.85,100.0,-22.41,Closed,seed-initial-2026
FIN-100541,ONRD-2023-MATL-00181,Code-32,Materials,Facilities,2023,Q3,98664.56,92980.09,94.2,5684.47,Closed,seed-initial-2026
FIN-100542,ONRD-2023-MATL-00181,Code-32,Materials,Travel,2023,Q1,570620.95,511498.88,89.6,59122.07,Closed,seed-initial-2026
FIN-100543,ONRD-2023-MATL-00181,Code-32,Materials,Travel,2023,Q3,16714.49,12725.4,76.1,3989.09,Closed,seed-initial-2026
FIN-100544,ONRD-2023-DEWX-00182,Code-34,Directed Energy,Supplies,2023,Q1,44865.97,43759.15,97.5,1106.82,Closed,seed-initial-2026
FIN-100545,ONRD-2023-DEWX-00182,Code-34,Directed Energy,Travel,2023,Q2,77341.74,62930.87,81.4,14410.87,Closed,seed-initial-2026
FIN-100546,ONRD-2023-DEWX-00182,Code-34,Directed Energy,Personnel,2023,Q4,33792.28,24906.74,73.7,8885.54,Closed,seed-initial-2026
FIN-100547,ONRD-2023-CYBR-00183,Code-32,Cyber,Training,2023,Q1,13463.75,13347.86,99.1,115.89,Closed,seed-initial-2026
FIN-100548,ONRD-2023-CYBR-00183,Code-32,Cyber,Supplies,2023,Q1,17043.94,15928.04,93.5,1115.9,Closed,seed-initial-2026
FIN-100549,ONRD-2023-CYBR-00183,Code-32,Cyber,Equipment,2023,Q3,55492.31,54115.19,97.5,1377.12,Closed,seed-initial-2026
FIN-100550,ONRD-2023-AIML-00184,Code-30,AI/ML,Supplies,2023,Q3,43762.98,39275.22,89.7,4487.76,Closed,seed-initial-2026
FIN-100551,ONRD-2023-AIML-00184,Code-30,AI/ML,Other Direct Costs,2023,Q3,134195.27,100204.38,74.7,33990.89,Closed,seed-initial-2026
FIN-100552,ONRD-2023-AIML-00184,Code-30,AI/ML,Equipment,2023,Q2,62041.74,53980.41,87.0,8061.33,Closed,seed-initial-2026
FIN-100553,ONRD-2023-DEWX-00185,Code-31,Directed Energy,Supplies,2023,Q1,221744.21,168511.61,76.0,53232.6,Closed,seed-initial-2026
FIN-100554,ONRD-2023-DEWX-00185,Code-31,Directed Energy,Training,2023,Q2,656358.36,685950.87,104.5,-29592.51,Closed,seed-initial-2026
FIN-100555,ONRD-2023-DEWX-00185,Code-31,Directed Energy,Supplies,2023,Q3,220897.43,177962.93,80.6,42934.5,Closed,seed-initial-2026
FIN-100556,ONRD-2023-QNTM-00186,Code-31,Quantum,Training,2023,Q4,1085971.06,871067.11,80.2,214903.95,Closed,seed-initial-2026
FIN-100557,ONRD-2023-QNTM-00186,Code-31,Quantum,Equipment,2023,Q3,506196.48,404176.58,79.8,102019.9,Closed,seed-initial-2026
FIN-100558,ONRD-2023-QNTM-00186,Code-31,Quantum,Facilities,2023,Q1,472832.47,358149.03,75.7,114683.44,Closed,seed-initial-2026
FIN-100559,ONRD-2023-AUTO-00187,Code-31,Autonomy,Contractors,2023,Q4,118126.7,121249.73,102.6,-3123.03,Closed,seed-initial-2026
FIN-100560,ONRD-2023-AUTO-00187,Code-31,Autonomy,Training,2023,Q2,399199.33,413152.75,103.5,-13953.42,Closed,seed-initial-2026
FIN-100561,ONRD-2023-AUTO-00187,Code-31,Autonomy,Personnel,2023,Q1,1673.97,1747.27,104.4,-73.3,Closed,seed-initial-2026
FIN-100562,ONRD-2023-CYBR-00188,Code-31,Cyber,Travel,2023,Q2,33923.37,30625.83,90.3,3297.54,Closed,seed-initial-2026
FIN-100563,ONRD-2023-CYBR-00188,Code-31,Cyber,Facilities,2023,Q4,34489.64,34980.45,101.4,-490.81,Closed,seed-initial-2026
FIN-100564,ONRD-2023-CYBR-00188,Code-31,Cyber,Training,2023,Q2,77586.99,77862.46,100.4,-275.47,Closed,seed-initial-2026
FIN-100565,ONRD-2023-BIOT-00189,Code-34,Biotech,Training,2023,Q4,6834.74,5459.04,79.9,1375.7,Closed,seed-initial-2026
FIN-100566,ONRD-2023-BIOT-00189,Code-34,Biotech,Facilities,2023,Q1,67873.35,56903.39,83.8,10969.96,Closed,seed-initial-2026
FIN-100567,ONRD-2023-BIOT-00189,Code-34,Biotech,Personnel,2023,Q4,60291.91,54631.8,90.6,5660.11,Closed,seed-initial-2026
FIN-100568,ONRD-2023-AUTO-00190,Code-30,Autonomy,Supplies,2023,Q2,49304.63,52097.31,105.7,-2792.68,Closed,seed-initial-2026
FIN-100569,ONRD-2023-AUTO-00190,Code-30,Autonomy,Facilities,2023,Q4,29506.81,22858.38,77.5,6648.43,Closed,seed-initial-2026
FIN-100570,ONRD-2023-AUTO-00190,Code-30,Autonomy,Supplies,2023,Q2,67188.56,72210.07,107.5,-5021.51,Closed,seed-initial-2026
FIN-100571,ONRD-2023-AUTO-00191,Code-30,Autonomy,Travel,2023,Q2,669997.78,660866.05,98.6,9131.73,Closed,seed-initial-2026
FIN-100572,ONRD-2023-AUTO-00191,Code-30,Autonomy,Personnel,2023,Q4,158760.39,157927.48,99.5,832.91,Closed,seed-initial-2026
FIN-100573,ONRD-2023-AUTO-00191,Code-30,Autonomy,Contractors,2023,Q1,528241.84,480299.49,90.9,47942.35,Closed,seed-initial-2026
FIN-100574,ONRD-2023-AUTO-00192,Code-34,Autonomy,Personnel,2023,Q1,141798.21,152382.22,107.5,-10584.01,Closed,seed-initial-2026
FIN-100575,ONRD-2023-AUTO-00192,Code-34,Autonomy,Facilities,2023,Q4,405357.35,411716.1,101.6,-6358.75,Closed,seed-initial-2026
FIN-100576,ONRD-2023-AUTO-00192,Code-34,Autonomy,Contractors,2023,Q4,386844.44,385972.56,99.8,871.88,Closed,seed-initial-2026
FIN-100577,ONRD-2023-CYBR-00193,Code-32,Cyber,Contractors,2023,Q3,197626.75,143878.57,72.8,53748.18,Closed,seed-initial-2026
FIN-100578,ONRD-2023-CYBR-00193,Code-32,Cyber,Supplies,2023,Q1,111072.46,86342.17,77.7,24730.29,Closed,seed-initial-2026
FIN-100579,ONRD-2023-CYBR-00193,Code-32,Cyber,Training,2023,Q3,216300.79,167276.58,77.3,49024.21,Closed,seed-initial-2026
FIN-100580,ONRD-2023-AUTO-00194,Code-30,Autonomy,Supplies,2023,Q3,298496.33,315157.94,105.6,-16661.61,Closed,seed-initial-2026
FIN-100581,ONRD-2023-AUTO-00194,Code-30,Autonomy,Facilities,2023,Q3,2329.03,2230.89,95.8,98.14,Closed,seed-initial-2026
FIN-100582,ONRD-2023-AUTO-00194,Code-30,Autonomy,Personnel,2023,Q1,409174.63,394067.77,96.3,15106.86,Closed,seed-initial-2026
FIN-100583,ONRD-2023-MATL-00195,Code-34,Materials,Contractors,2023,Q2,8671.07,7016.37,80.9,1654.7,Closed,seed-initial-2026
FIN-100584,ONRD-2023-MATL-00195,Code-34,Materials,Supplies,2023,Q4,41353.26,41911.95,101.4,-558.69,Closed,seed-initial-2026
FIN-100585,ONRD-2023-MATL-00195,Code-34,Materials,Contractors,2023,Q3,16975.67,16687.66,98.3,288.01,Closed,seed-initial-2026
FIN-100586,ONRD-2023-AUTO-00196,Code-31,Autonomy,Other Direct Costs,2023,Q1,1180384.16,1198306.16,101.5,-17922.0,Closed,seed-initial-2026
FIN-100587,ONRD-2023-AUTO-00196,Code-31,Autonomy,Facilities,2023,Q1,1434938.03,1049624.11,73.1,385313.92,Closed,seed-initial-2026
FIN-100588,ONRD-2023-AUTO-00196,Code-31,Autonomy,Personnel,2023,Q3,303677.8,290964.55,95.8,12713.25,Closed,seed-initial-2026
FIN-100589,ONRD-2023-QNTM-00197,Code-35,Quantum,Personnel,2023,Q2,1056603.94,1067279.67,101.0,-10675.73,Closed,seed-initial-2026
FIN-100590,ONRD-2023-QNTM-00197,Code-35,Quantum,Contractors,2023,Q2,1064358.85,960584.06,90.3,103774.79,Closed,seed-initial-2026
FIN-100591,ONRD-2023-QNTM-00197,Code-35,Quantum,Facilities,2023,Q1,788037.21,733290.2,93.1,54747.01,Closed,seed-initial-2026
FIN-100592,ONRD-2023-AIML-00198,Code-34,AI/ML,Supplies,2023,Q3,35438.68,30202.2,85.2,5236.48,Closed,seed-initial-2026
FIN-100593,ONRD-2023-AIML-00198,Code-34,AI/ML,Equipment,2023,Q3,41657.61,30893.18,74.2,10764.43,Closed,seed-initial-2026
FIN-100594,ONRD-2023-AIML-00198,Code-34,AI/ML,Other Direct Costs,2023,Q2,54903.71,48148.22,87.7,6755.49,Closed,seed-initial-2026
FIN-100595,ONRD-2023-AIML-00199,Code-34,AI/ML,Equipment,2023,Q2,95987.24,91788.94,95.6,4198.3,Closed,seed-initial-2026
FIN-100596,ONRD-2023-AIML-00199,Code-34,AI/ML,Training,2023,Q3,606431.39,564543.86,93.1,41887.53,Closed,seed-initial-2026
FIN-100597,ONRD-2023-AIML-00199,Code-34,AI/ML,Other Direct Costs,2023,Q2,686581.37,675015.91,98.3,11565.46,Closed,seed-initial-2026
FIN-100598,ONRD-2023-MATL-00200,Code-35,Materials,Travel,2023,Q1,96512.76,75197.21,77.9,21315.55,Closed,seed-initial-2026
FIN-100599,ONRD-2023-MATL-00200,Code-35,Materials,Contractors,2023,Q2,14238.74,11509.98,80.8,2728.76,Closed,seed-initial-2026
FIN-100600,ONRD-2023-MATL-00200,Code-35,Materials,Equipment,2023,Q4,122248.49,122271.19,100.0,-22.7,Closed,seed-initial-2026
FIN-100601,ONRD-2023-DEWX-00201,Code-31,Directed Energy,Travel,2023,Q1,366212.59,369294.09,100.8,-3081.5,Closed,seed-initial-2026
FIN-100602,ONRD-2023-DEWX-00201,Code-31,Directed Energy,Travel,2023,Q3,2452011.89,1893805.92,77.2,558205.97,Closed,seed-initial-2026
FIN-100603,ONRD-2023-DEWX-00201,Code-31,Directed Energy,Equipment,2023,Q4,2783775.53,2205415.61,79.2,578359.92,Closed,seed-initial-2026
FIN-100604,ONRD-2023-BIOT-00202,Code-35,Biotech,Other Direct Costs,2023,Q4,24109.51,25784.38,106.9,-1674.87,Closed,seed-initial-2026
FIN-100605,ONRD-2023-BIOT-00202,Code-35,Biotech,Supplies,2023,Q3,36273.75,38801.54,107.0,-2527.79,Closed,seed-initial-2026
FIN-100606,ONRD-2023-BIOT-00202,Code-35,Biotech,Supplies,2023,Q4,18616.74,19114.04,102.7,-497.3,Closed,seed-initial-2026
FIN-100607,ONRD-2023-CYBR-00203,Code-35,Cyber,Equipment,2023,Q2,1317899.57,1022572.72,77.6,295326.85,Closed,seed-initial-2026
FIN-100608,ONRD-2023-CYBR-00203,Code-35,Cyber,Supplies,2023,Q1,1327049.64,1318881.44,99.4,8168.2,Closed,seed-initial-2026
FIN-100609,ONRD-2023-CYBR-00203,Code-35,Cyber,Travel,2023,Q3,480050.79,388212.83,80.9,91837.96,Closed,seed-initial-2026
FIN-100610,ONRD-2023-DEWX-00204,ONR-Corporate,Directed Energy,Training,2023,Q1,22696.82,20594.24,90.7,2102.58,Closed,seed-initial-2026
FIN-100611,ONRD-2023-DEWX-00204,ONR-Corporate,Directed Energy,Equipment,2023,Q3,7009.8,5292.04,75.5,1717.76,Closed,seed-initial-2026
FIN-100612,ONRD-2023-DEWX-00204,ONR-Corporate,Directed Energy,Other Direct Costs,2023,Q1,22293.39,20805.33,93.3,1488.06,Closed,seed-initial-2026
FIN-100613,ONRD-2024-AIML-00205,ONR-Corporate,AI/ML,Facilities,2024,Q3,450420.24,372986.83,82.8,77433.41,Closed,seed-initial-2026
FIN-100614,ONRD-2024-AIML-00205,ONR-Corporate,AI/ML,Other Direct Costs,2024,Q3,33354.72,35198.64,105.5,-1843.92,Closed,seed-initial-2026
FIN-100615,ONRD-2024-AIML-00205,ONR-Corporate,AI/ML,Facilities,2024,Q2,412225.04,373703.2,90.7,38521.84,Closed,seed-initial-2026
FIN-100616,ONRD-2024-USEA-00206,Code-32,Undersea,Travel,2024,Q2,646732.26,522165.43,80.7,124566.83,Closed,seed-initial-2026
FIN-100617,ONRD-2024-USEA-00206,Code-32,Undersea,Training,2024,Q4,1924391.57,1951390.23,101.4,-26998.66,Closed,seed-initial-2026
FIN-100618,ONRD-2024-USEA-00206,Code-32,Undersea,Personnel,2024,Q1,4467876.17,3753016.16,84.0,714860.01,Closed,seed-initial-2026
FIN-100619,ONRD-2024-MATL-00207,Code-32,Materials,Facilities,2024,Q4,1000264.24,764879.05,76.5,235385.19,Closed,seed-initial-2026
FIN-100620,ONRD-2024-MATL-00207,Code-32,Materials,Other Direct Costs,2024,Q4,1004254.88,902070.25,89.8,102184.63,Closed,seed-initial-2026
FIN-100621,ONRD-2024-MATL-00207,Code-32,Materials,Personnel,2024,Q1,675480.89,563205.93,83.4,112274.96,Closed,seed-initial-2026
FIN-100622,ONRD-2024-AIML-00208,Code-30,AI/ML,Equipment,2024,Q3,397961.12,347028.55,87.2,50932.57,Closed,seed-initial-2026
FIN-100623,ONRD-2024-AIML-00208,Code-30,AI/ML,Supplies,2024,Q4,266010.51,237508.02,89.3,28502.49,Closed,seed-initial-2026
FIN-100624,ONRD-2024-AIML-00208,Code-30,AI/ML,Personnel,2024,Q3,208028.36,155601.16,74.8,52427.2,Closed,seed-initial-2026
FIN-100625,ONRD-2024-DEWX-00209,Code-30,Directed Energy,Training,2024,Q1,19357.74,17548.45,90.7,1809.29,Closed,seed-initial-2026
FIN-100626,ONRD-2024-DEWX-00209,Code-30,Directed Energy,Training,2024,Q1,178558.45,188559.44,105.6,-10000.99,Closed,seed-initial-2026
FIN-100627,ONRD-2024-DEWX-00209,Code-30,Directed Energy,Facilities,2024,Q1,33083.81,34444.11,104.1,-1360.3,Closed,seed-initial-2026
FIN-100628,ONRD-2024-MATL-00210,Code-32,Materials,Equipment,2024,Q2,140197.18,116752.75,83.3,23444.43,Closed,seed-initial-2026
FIN-100629,ONRD-2024-MATL-00210,Code-32,Materials,Contractors,2024,Q2,251846.78,198024.83,78.6,53821.95,Closed,seed-initial-2026
FIN-100630,ONRD-2024-MATL-00210,Code-32,Materials,Equipment,2024,Q4,274956.04,231254.59,84.1,43701.45,Closed,seed-initial-2026
FIN-100631,ONRD-2024-MATL-00211,Code-32,Materials,Contractors,2024,Q3,328387.85,350298.43,106.7,-21910.58,Closed,seed-initial-2026
FIN-100632,ONRD-2024-MATL-00211,Code-32,Materials,Contractors,2024,Q2,414290.26,323713.23,78.1,90577.03,Closed,seed-initial-2026
FIN-100633,ONRD-2024-MATL-00211,Code-32,Materials,Contractors,2024,Q2,86321.88,72436.81,83.9,13885.07,Closed,seed-initial-2026
FIN-100634,ONRD-2024-AUTO-00212,ONR-Corporate,Autonomy,Supplies,2024,Q1,52087.38,41009.42,78.7,11077.96,Closed,seed-initial-2026
FIN-100635,ONRD-2024-AUTO-00212,ONR-Corporate,Autonomy,Contractors,2024,Q3,54574.57,43887.49,80.4,10687.08,Closed,seed-initial-2026
FIN-100636,ONRD-2024-AUTO-00212,ONR-Corporate,Autonomy,Other Direct Costs,2024,Q3,86338.06,92658.95,107.3,-6320.89,Closed,seed-initial-2026
FIN-100637,ONRD-2024-CYBR-00213,Code-32,Cyber,Other Direct Costs,2024,Q4,138812.86,129162.2,93.0,9650.66,Closed,seed-initial-2026
FIN-100638,ONRD-2024-CYBR-00213,Code-32,Cyber,Personnel,2024,Q1,372735.26,401953.13,107.8,-29217.87,Closed,seed-initial-2026
FIN-100639,ONRD-2024-CYBR-00213,Code-32,Cyber,Other Direct Costs,2024,Q4,205451.87,186897.15,91.0,18554.72,Closed,seed-initial-2026
FIN-100640,ONRD-2024-USEA-00214,Code-32,Undersea,Personnel,2024,Q3,6569.9,6155.3,93.7,414.6,Closed,seed-initial-2026
FIN-100641,ONRD-2024-USEA-00214,Code-32,Undersea,Travel,2024,Q1,85799.2,79859.2,93.1,5940.0,Closed,seed-initial-2026
FIN-100642,ONRD-2024-USEA-00214,Code-32,Undersea,Other Direct Costs,2024,Q4,40630.89,38228.35,94.1,2402.54,Closed,seed-initial-2026
FIN-100643,ONRD-2024-CYBR-00215,Code-32,Cyber,Personnel,2024,Q2,48309.62,35114.14,72.7,13195.48,Closed,seed-initial-2026
FIN-100644,ONRD-2024-CYBR-00215,Code-32,Cyber,Travel,2024,Q4,28078.38,28628.07,102.0,-549.69,Closed,seed-initial-2026
FIN-100645,ONRD-2024-CYBR-00215,Code-32,Cyber,Personnel,2024,Q4,45612.0,45016.16,98.7,595.84,Closed,seed-initial-2026
FIN-100646,ONRD-2024-AIML-00216,Code-31,AI/ML,Facilities,2024,Q3,892952.56,668678.57,74.9,224273.99,Closed,seed-initial-2026
FIN-100647,ONRD-2024-AIML-00216,Code-31,AI/ML,Personnel,2024,Q1,1559758.5,1469804.11,94.2,89954.39,Closed,seed-initial-2026
FIN-100648,ONRD-2024-AIML-00216,Code-31,AI/ML,Equipment,2024,Q3,383288.94,369535.55,96.4,13753.39,Closed,seed-initial-2026
FIN-100649,ONRD-2024-BIOT-00217,Code-30,Biotech,Facilities,2024,Q2,956340.97,780354.12,81.6,175986.85,Closed,seed-initial-2026
FIN-100650,ONRD-2024-BIOT-00217,Code-30,Biotech,Supplies,2024,Q3,1175476.56,1172097.68,99.7,3378.88,Closed,seed-initial-2026
FIN-100651,ONRD-2024-BIOT-00217,Code-30,Biotech,Personnel,2024,Q3,1631182.47,1463360.81,89.7,167821.66,Closed,seed-initial-2026
FIN-100652,ONRD-2024-MATL-00218,Code-35,Materials,Facilities,2024,Q1,503681.31,398485.53,79.1,105195.78,Closed,seed-initial-2026
FIN-100653,ONRD-2024-MATL-00218,Code-35,Materials,Personnel,2024,Q3,3263989.76,3512154.5,107.6,-248164.74,Closed,seed-initial-2026
FIN-100654,ONRD-2024-MATL-00218,Code-35,Materials,Equipment,2024,Q2,2215328.93,1736098.72,78.4,479230.21,Closed,seed-initial-2026
FIN-100655,ONRD-2024-MATL-00219,Code-34,Materials,Facilities,2024,Q3,33939.73,35793.72,105.5,-1853.99,Closed,seed-initial-2026
FIN-100656,ONRD-2024-MATL-00219,Code-34,Materials,Travel,2024,Q2,7913.69,6632.38,83.8,1281.31,Closed,seed-initial-2026
FIN-100657,ONRD-2024-MATL-00219,Code-34,Materials,Travel,2024,Q3,37146.59,37244.35,100.3,-97.76,Closed,seed-initial-2026
FIN-100658,ONRD-2024-CYBR-00220,Code-32,Cyber,Other Direct Costs,2024,Q2,415087.54,362819.79,87.4,52267.75,Closed,seed-initial-2026
FIN-100659,ONRD-2024-CYBR-00220,Code-32,Cyber,Other Direct Costs,2024,Q3,465522.54,358296.8,77.0,107225.74,Closed,seed-initial-2026
FIN-100660,ONRD-2024-CYBR-00220,Code-32,Cyber,Training,2024,Q1,94389.93,76127.9,80.7,18262.03,Closed,seed-initial-2026
FIN-100661,ONRD-2024-MATL-00221,ONR-Corporate,Materials,Facilities,2024,Q2,957783.52,995874.12,104.0,-38090.6,Closed,seed-initial-2026
FIN-100662,ONRD-2024-MATL-00221,ONR-Corporate,Materials,Personnel,2024,Q3,685859.26,605543.06,88.3,80316.2,Closed,seed-initial-2026
FIN-100663,ONRD-2024-MATL-00221,ONR-Corporate,Materials,Personnel,2024,Q2,1279357.22,1102611.5,86.2,176745.72,Closed,seed-initial-2026
FIN-100664,ONRD-2024-AIML-00222,Code-32,AI/ML,Facilities,2024,Q3,81738.79,84305.07,103.1,-2566.28,Closed,seed-initial-2026
FIN-100665,ONRD-2024-AIML-00222,Code-32,AI/ML,Equipment,2024,Q2,341730.35,284462.8,83.2,57267.55,Closed,seed-initial-2026
FIN-100666,ONRD-2024-AIML-00222,Code-32,AI/ML,Supplies,2024,Q4,435530.86,469210.38,107.7,-33679.52,Closed,seed-initial-2026
FIN-100667,ONRD-2024-MATL-00223,Code-34,Materials,Supplies,2024,Q1,51124.84,54124.2,105.9,-2999.36,Closed,seed-initial-2026
FIN-100668,ONRD-2024-MATL-00223,Code-34,Materials,Supplies,2024,Q1,140892.25,129840.4,92.2,11051.85,Closed,seed-initial-2026
FIN-100669,ONRD-2024-MATL-00223,Code-34,Materials,Facilities,2024,Q3,1982.9,1830.94,92.3,151.96,Closed,seed-initial-2026
FIN-100670,ONRD-2024-DEWX-00224,Code-35,Directed Energy,Travel,2024,Q1,548361.43,590718.39,107.7,-42356.96,Closed,seed-initial-2026
FIN-100671,ONRD-2024-DEWX-00224,Code-35,Directed Energy,Other Direct Costs,2024,Q2,553126.08,518037.3,93.7,35088.78,Closed,seed-initial-2026
FIN-100672,ONRD-2024-DEWX-00224,Code-35,Directed Energy,Facilities,2024,Q3,925512.49,704901.05,76.2,220611.44,Closed,seed-initial-2026
FIN-100673,ONRD-2024-USEA-00225,Code-30,Undersea,Facilities,2024,Q4,72605.92,71538.95,98.5,1066.97,Closed,seed-initial-2026
FIN-100674,ONRD-2024-USEA-00225,Code-30,Undersea,Facilities,2024,Q1,114812.52,123688.62,107.7,-8876.1,Closed,seed-initial-2026
FIN-100675,ONRD-2024-USEA-00225,Code-30,Undersea,Facilities,2024,Q4,23581.56,22471.07,95.3,1110.49,Closed,seed-initial-2026
FIN-100676,ONRD-2024-USEA-00226,Code-35,Undersea,Travel,2024,Q4,390784.01,376964.72,96.5,13819.29,Closed,seed-initial-2026
FIN-100677,ONRD-2024-USEA-00226,Code-35,Undersea,Training,2024,Q4,254154.41,265180.14,104.3,-11025.73,Closed,seed-initial-2026
FIN-100678,ONRD-2024-USEA-00226,Code-35,Undersea,Supplies,2024,Q2,341061.58,262140.56,76.9,78921.02,Closed,seed-initial-2026
FIN-100679,ONRD-2024-QNTM-00227,Code-31,Quantum,Contractors,2024,Q1,159751.33,129343.67,81.0,30407.66,Closed,seed-initial-2026
FIN-100680,ONRD-2024-QNTM-00227,Code-31,Quantum,Other Direct Costs,2024,Q4,371922.4,276932.54,74.5,94989.86,Closed,seed-initial-2026
FIN-100681,ONRD-2024-QNTM-00227,Code-31,Quantum,Travel,2024,Q1,470326.27,343332.36,73.0,126993.91,Closed,seed-initial-2026
FIN-100682,ONRD-2024-AUTO-00228,ONR-Corporate,Autonomy,Other Direct Costs,2024,Q1,44873.68,45564.21,101.5,-690.53,Closed,seed-initial-2026
FIN-100683,ONRD-2024-AUTO-00228,ONR-Corporate,Autonomy,Contractors,2024,Q2,37031.85,34947.34,94.4,2084.51,Closed,seed-initial-2026
FIN-100684,ONRD-2024-AUTO-00228,ONR-Corporate,Autonomy,Facilities,2024,Q1,42094.47,44316.9,105.3,-2222.43,Closed,seed-initial-2026
FIN-100685,ONRD-2024-AIML-00229,Code-30,AI/ML,Supplies,2024,Q2,486931.74,508689.6,104.5,-21757.86,Closed,seed-initial-2026
FIN-100686,ONRD-2024-AIML-00229,Code-30,AI/ML,Travel,2024,Q1,461226.02,370213.55,80.3,91012.47,Closed,seed-initial-2026
FIN-100687,ONRD-2024-AIML-00229,Code-30,AI/ML,Training,2024,Q4,28842.24,27190.19,94.3,1652.05,Closed,seed-initial-2026
FIN-100688,ONRD-2024-AIML-00230,Code-34,AI/ML,Facilities,2024,Q3,167902.35,174416.31,103.9,-6513.96,Closed,seed-initial-2026
FIN-100689,ONRD-2024-AIML-00230,Code-34,AI/ML,Supplies,2024,Q2,161740.79,157523.51,97.4,4217.28,Closed,seed-initial-2026
FIN-100690,ONRD-2024-AIML-00230,Code-34,AI/ML,Supplies,2024,Q2,156356.86,158493.03,101.4,-2136.17,Closed,seed-initial-2026
FIN-100691,ONRD-2024-QNTM-00231,Code-30,Quantum,Contractors,2024,Q3,25911.37,24733.73,95.5,1177.64,Closed,seed-initial-2026
FIN-100692,ONRD-2024-QNTM-00231,Code-30,Quantum,Equipment,2024,Q4,33311.1,32544.87,97.7,766.23,Closed,seed-initial-2026
FIN-100693,ONRD-2024-QNTM-00231,Code-30,Quantum,Training,2024,Q2,48777.53,45534.04,93.4,3243.49,Closed,seed-initial-2026
FIN-100694,ONRD-2024-USEA-00232,Code-32,Undersea,Facilities,2024,Q1,106990.36,79139.76,74.0,27850.6,Closed,seed-initial-2026
FIN-100695,ONRD-2024-USEA-00232,Code-32,Undersea,Contractors,2024,Q4,68738.17,67522.12,98.2,1216.05,Closed,seed-initial-2026
FIN-100696,ONRD-2024-USEA-00232,Code-32,Undersea,Equipment,2024,Q2,66271.47,60903.09,91.9,5368.38,Closed,seed-initial-2026
FIN-100697,ONRD-2024-AUTO-00233,Code-34,Autonomy,Travel,2024,Q2,148020.55,135852.59,91.8,12167.96,Closed,seed-initial-2026
FIN-100698,ONRD-2024-AUTO-00233,Code-34,Autonomy,Travel,2024,Q4,36570.55,35134.32,96.1,1436.23,Closed,seed-initial-2026
FIN-100699,ONRD-2024-AUTO-00233,Code-34,Autonomy,Facilities,2024,Q3,188408.9,182345.32,96.8,6063.58,Closed,seed-initial-2026
FIN-100700,ONRD-2024-QNTM-00234,Code-30,Quantum,Training,2024,Q1,375652.67,318615.46,84.8,57037.21,Closed,seed-initial-2026
FIN-100701,ONRD-2024-QNTM-00234,Code-30,Quantum,Facilities,2024,Q4,276615.54,214133.78,77.4,62481.76,Closed,seed-initial-2026
FIN-100702,ONRD-2024-QNTM-00234,Code-30,Quantum,Supplies,2024,Q3,284731.79,241394.21,84.8,43337.58,Closed,seed-initial-2026
FIN-100703,ONRD-2024-BIOT-00235,Code-32,Biotech,Supplies,2024,Q1,132916.75,132035.55,99.3,881.2,Closed,seed-initial-2026
FIN-100704,ONRD-2024-BIOT-00235,Code-32,Biotech,Travel,2024,Q3,73864.69,78347.29,106.1,-4482.6,Closed,seed-initial-2026
FIN-100705,ONRD-2024-BIOT-00235,Code-32,Biotech,Other Direct Costs,2024,Q4,38218.56,30011.33,78.5,8207.23,Closed,seed-initial-2026
FIN-100706,ONRD-2024-AUTO-00236,ONR-Corporate,Autonomy,Travel,2024,Q4,136532.59,105373.71,77.2,31158.88,Closed,seed-initial-2026
FIN-100707,ONRD-2024-AUTO-00236,ONR-Corporate,Autonomy,Training,2024,Q1,279461.52,236749.1,84.7,42712.42,Closed,seed-initial-2026
FIN-100708,ONRD-2024-AUTO-00236,ONR-Corporate,Autonomy,Contractors,2024,Q2,395005.89,306590.87,77.6,88415.02,Closed,seed-initial-2026
FIN-100709,ONRD-2024-CYBR-00237,Code-34,Cyber,Personnel,2024,Q1,1036786.21,955543.51,92.2,81242.7,Closed,seed-initial-2026
FIN-100710,ONRD-2024-CYBR-00237,Code-34,Cyber,Supplies,2024,Q2,907246.42,805883.09,88.8,101363.33,Closed,seed-initial-2026
FIN-100711,ONRD-2024-CYBR-00237,Code-34,Cyber,Supplies,2024,Q4,864967.37,904299.59,104.5,-39332.22,Closed,seed-initial-2026
FIN-100712,ONRD-2024-AUTO-00238,Code-32,Autonomy,Training,2024,Q2,351755.84,303517.63,86.3,48238.21,Closed,seed-initial-2026
FIN-100713,ONRD-2024-AUTO-00238,Code-32,Autonomy,Equipment,2024,Q4,189030.52,162710.26,86.1,26320.26,Closed,seed-initial-2026
FIN-100714,ONRD-2024-AUTO-00238,Code-32,Autonomy,Travel,2024,Q1,91213.63,85057.02,93.3,6156.61,Closed,seed-initial-2026
FIN-100715,ONRD-2024-DEWX-00239,Code-31,Directed Energy,Personnel,2024,Q1,20103.06,17161.34,85.4,2941.72,Closed,seed-initial-2026
FIN-100716,ONRD-2024-DEWX-00239,Code-31,Directed Energy,Training,2024,Q3,59479.24,43943.39,73.9,15535.85,Closed,seed-initial-2026
FIN-100717,ONRD-2024-DEWX-00239,Code-31,Directed Energy,Supplies,2024,Q3,94417.7,90900.82,96.3,3516.88,Closed,seed-initial-2026
FIN-100718,ONRD-2024-DEWX-00240,ONR-Corporate,Directed Energy,Supplies,2024,Q1,1708176.47,1318461.09,77.2,389715.38,Closed,seed-initial-2026
FIN-100719,ONRD-2024-DEWX-00240,ONR-Corporate,Directed Energy,Training,2024,Q2,1965579.07,1907311.74,97.0,58267.33,Closed,seed-initial-2026
FIN-100720,ONRD-2024-DEWX-00240,ONR-Corporate,Directed Energy,Training,2024,Q4,1326244.46,973743.67,73.4,352500.79,Closed,seed-initial-2026
FIN-100721,ONRD-2024-USEA-00241,Code-30,Undersea,Equipment,2024,Q3,17917.2,18212.56,101.6,-295.36,Closed,seed-initial-2026
FIN-100722,ONRD-2024-USEA-00241,Code-30,Undersea,Equipment,2024,Q2,601667.56,439416.96,73.0,162250.6,Closed,seed-initial-2026
FIN-100723,ONRD-2024-USEA-00241,Code-30,Undersea,Supplies,2024,Q3,1233415.24,940368.34,76.2,293046.9,Closed,seed-initial-2026
FIN-100724,ONRD-2024-CYBR-00242,Code-31,Cyber,Travel,2024,Q2,194064.46,140583.01,72.4,53481.45,Closed,seed-initial-2026
FIN-100725,ONRD-2024-CYBR-00242,Code-31,Cyber,Travel,2024,Q1,195252.84,208899.58,107.0,-13646.74,Closed,seed-initial-2026
FIN-100726,ONRD-2024-CYBR-00242,Code-31,Cyber,Supplies,2024,Q3,17682.71,15138.14,85.6,2544.57,Closed,seed-initial-2026
FIN-100727,ONRD-2024-USEA-00243,Code-30,Undersea,Other Direct Costs,2024,Q1,1102740.27,840200.11,76.2,262540.16,Closed,seed-initial-2026
FIN-100728,ONRD-2024-USEA-00243,Code-30,Undersea,Personnel,2024,Q1,2315435.12,2222752.99,96.0,92682.13,Closed,seed-initial-2026
FIN-100729,ONRD-2024-USEA-00243,Code-30,Undersea,Contractors,2024,Q3,1727824.61,1629347.11,94.3,98477.5,Closed,seed-initial-2026
FIN-100730,ONRD-2024-MATL-00244,Code-31,Materials,Travel,2024,Q2,54015.74,44000.07,81.5,10015.67,Closed,seed-initial-2026
FIN-100731,ONRD-2024-MATL-00244,Code-31,Materials,Personnel,2024,Q1,17580.42,16672.77,94.8,907.65,Closed,seed-initial-2026
FIN-100732,ONRD-2024-MATL-00244,Code-31,Materials,Supplies,2024,Q3,60403.83,53902.22,89.2,6501.61,Closed,seed-initial-2026
FIN-100733,ONRD-2024-MATL-00245,Code-32,Materials,Contractors,2024,Q2,1997046.4,1535131.17,76.9,461915.23,Closed,seed-initial-2026
FIN-100734,ONRD-2024-MATL-00245,Code-32,Materials,Travel,2024,Q3,2299638.63,2266520.42,98.6,33118.21,Closed,seed-initial-2026
FIN-100735,ONRD-2024-MATL-00245,Code-32,Materials,Facilities,2024,Q4,305314.97,284917.15,93.3,20397.82,Closed,seed-initial-2026
FIN-100736,ONRD-2024-USEA-00246,Code-31,Undersea,Supplies,2024,Q3,181036.79,188751.14,104.3,-7714.35,Closed,seed-initial-2026
FIN-100737,ONRD-2024-USEA-00246,Code-31,Undersea,Travel,2024,Q2,182049.43,158154.66,86.9,23894.77,Closed,seed-initial-2026
FIN-100738,ONRD-2024-USEA-00246,Code-31,Undersea,Personnel,2024,Q2,139913.78,141637.5,101.2,-1723.72,Closed,seed-initial-2026
FIN-100739,ONRD-2024-CYBR-00247,Code-34,Cyber,Training,2024,Q4,1750154.07,1855382.68,106.0,-105228.61,Closed,seed-initial-2026
FIN-100740,ONRD-2024-CYBR-00247,Code-34,Cyber,Other Direct Costs,2024,Q1,210659.7,208234.76,98.8,2424.94,Closed,seed-initial-2026
FIN-100741,ONRD-2024-CYBR-00247,Code-34,Cyber,Other Direct Costs,2024,Q2,495186.24,362838.6,73.3,132347.64,Closed,seed-initial-2026
FIN-100742,ONRD-2024-USEA-00248,ONR-Corporate,Undersea,Equipment,2024,Q3,1176471.58,1261898.26,107.3,-85426.68,Closed,seed-initial-2026
FIN-100743,ONRD-2024-USEA-00248,ONR-Corporate,Undersea,Personnel,2024,Q3,700063.76,563911.37,80.6,136152.39,Closed,seed-initial-2026
FIN-100744,ONRD-2024-USEA-00248,ONR-Corporate,Undersea,Contractors,2024,Q2,1426464.66,1471028.36,103.1,-44563.7,Closed,seed-initial-2026
FIN-100745,ONRD-2024-AIML-00249,Code-31,AI/ML,Personnel,2024,Q1,70639.62,68585.69,97.1,2053.93,Closed,seed-initial-2026
FIN-100746,ONRD-2024-AIML-00249,Code-31,AI/ML,Travel,2024,Q3,185841.43,146025.49,78.6,39815.94,Closed,seed-initial-2026
FIN-100747,ONRD-2024-AIML-00249,Code-31,AI/ML,Other Direct Costs,2024,Q3,188518.96,180572.59,95.8,7946.37,Closed,seed-initial-2026
FIN-100748,ONRD-2024-BIOT-00250,Code-31,Biotech,Equipment,2024,Q3,57906.99,42158.17,72.8,15748.82,Closed,seed-initial-2026
FIN-100749,ONRD-2024-BIOT-00250,Code-31,Biotech,Training,2024,Q4,5627.32,4469.87,79.4,1157.45,Closed,seed-initial-2026
FIN-100750,ONRD-2024-BIOT-00250,Code-31,Biotech,Supplies,2024,Q4,27465.69,27273.76,99.3,191.93,Closed,seed-initial-2026
FIN-100751,ONRD-2024-MATL-00251,ONR-Corporate,Materials,Contractors,2024,Q3,25479.69,19157.29,75.2,6322.4,Closed,seed-initial-2026
FIN-100752,ONRD-2024-MATL-00251,ONR-Corporate,Materials,Equipment,2024,Q2,22241.49,22562.41,101.4,-320.92,Closed,seed-initial-2026
FIN-100753,ONRD-2024-MATL-00251,ONR-Corporate,Materials,Supplies,2024,Q3,21278.82,20632.19,97.0,646.63,Closed,seed-initial-2026
FIN-100754,ONRD-2024-DEWX-00252,Code-31,Directed Energy,Travel,2024,Q2,742979.03,682455.27,91.9,60523.76,Closed,seed-initial-2026
FIN-100755,ONRD-2024-DEWX-00252,Code-31,Directed Energy,Personnel,2024,Q1,810686.8,609952.55,75.2,200734.25,Closed,seed-initial-2026
FIN-100756,ONRD-2024-DEWX-00252,Code-31,Directed Energy,Supplies,2024,Q3,797334.17,752146.16,94.3,45188.01,Closed,seed-initial-2026
FIN-100757,ONRD-2024-AUTO-00253,Code-30,Autonomy,Other Direct Costs,2024,Q3,89970.02,66952.16,74.4,23017.86,Closed,seed-initial-2026
FIN-100758,ONRD-2024-AUTO-00253,Code-30,Autonomy,Training,2024,Q2,74016.44,74626.12,100.8,-609.68,Closed,seed-initial-2026
FIN-100759,ONRD-2024-AUTO-00253,Code-30,Autonomy,Other Direct Costs,2024,Q3,14013.54,14165.15,101.1,-151.61,Closed,seed-initial-2026
FIN-100760,ONRD-2024-AIML-00254,Code-31,AI/ML,Other Direct Costs,2024,Q2,731708.27,715476.22,97.8,16232.05,Closed,seed-initial-2026
FIN-100761,ONRD-2024-AIML-00254,Code-31,AI/ML,Travel,2024,Q4,591987.62,471849.82,79.7,120137.8,Closed,seed-initial-2026
FIN-100762,ONRD-2024-AIML-00254,Code-31,AI/ML,Other Direct Costs,2024,Q2,184304.11,135578.86,73.6,48725.25,Closed,seed-initial-2026
FIN-100763,ONRD-2024-BIOT-00255,Code-31,Biotech,Training,2024,Q2,30747.76,27600.58,89.8,3147.18,Closed,seed-initial-2026
FIN-100764,ONRD-2024-BIOT-00255,Code-31,Biotech,Equipment,2024,Q1,33123.07,29282.09,88.4,3840.98,Closed,seed-initial-2026
FIN-100765,ONRD-2024-BIOT-00255,Code-31,Biotech,Other Direct Costs,2024,Q3,79129.17,74197.16,93.8,4932.01,Closed,seed-initial-2026
FIN-100766,ONRD-2024-AIML-00256,Code-32,AI/ML,Contractors,2024,Q2,408985.34,372707.6,91.1,36277.74,Closed,seed-initial-2026
FIN-100767,ONRD-2024-AIML-00256,Code-32,AI/ML,Personnel,2024,Q1,269450.18,252171.25,93.6,17278.93,Closed,seed-initial-2026
FIN-100768,ONRD-2024-AIML-00256,Code-32,AI/ML,Equipment,2024,Q4,20564.49,17372.36,84.5,3192.13,Closed,seed-initial-2026
FIN-100769,ONRD-2024-MATL-00257,Code-32,Materials,Equipment,2024,Q1,712812.71,565729.62,79.4,147083.09,Closed,seed-initial-2026
FIN-100770,ONRD-2024-MATL-00257,Code-32,Materials,Personnel,2024,Q4,2813152.8,2631916.72,93.6,181236.08,Closed,seed-initial-2026
FIN-100771,ONRD-2024-MATL-00257,Code-32,Materials,Travel,2024,Q2,2599034.49,2186108.17,84.1,412926.32,Closed,seed-initial-2026
FIN-100772,ONRD-2024-CYBR-00258,Code-30,Cyber,Travel,2024,Q3,60662.65,64616.79,106.5,-3954.14,Closed,seed-initial-2026
FIN-100773,ONRD-2024-CYBR-00258,Code-30,Cyber,Facilities,2024,Q3,24421.72,19545.91,80.0,4875.81,Closed,seed-initial-2026
FIN-100774,ONRD-2024-CYBR-00258,Code-30,Cyber,Supplies,2024,Q1,11915.63,12337.7,103.5,-422.07,Closed,seed-initial-2026
FIN-100775,ONRD-2024-MATL-00259,Code-30,Materials,Equipment,2024,Q1,108510.24,104032.58,95.9,4477.66,Closed,seed-initial-2026
FIN-100776,ONRD-2024-MATL-00259,Code-30,Materials,Facilities,2024,Q1,469344.73,457051.11,97.4,12293.62,Closed,seed-initial-2026
FIN-100777,ONRD-2024-MATL-00259,Code-30,Materials,Supplies,2024,Q4,1348145.03,1414853.66,104.9,-66708.63,Closed,seed-initial-2026
FIN-100778,ONRD-2024-AUTO-00260,Code-32,Autonomy,Supplies,2024,Q2,74067.28,60909.66,82.2,13157.62,Closed,seed-initial-2026
FIN-100779,ONRD-2024-AUTO-00260,Code-32,Autonomy,Supplies,2024,Q3,400471.38,305474.33,76.3,94997.05,Closed,seed-initial-2026
FIN-100780,ONRD-2024-AUTO-00260,Code-32,Autonomy,Training,2024,Q1,83461.35,74941.4,89.8,8519.95,Closed,seed-initial-2026
FIN-100781,ONRD-2024-AIML-00261,Code-31,AI/ML,Personnel,2024,Q4,1062.38,897.57,84.5,164.81,Closed,seed-initial-2026
FIN-100782,ONRD-2024-AIML-00261,Code-31,AI/ML,Personnel,2024,Q1,141754.29,104884.35,74.0,36869.94,Closed,seed-initial-2026
FIN-100783,ONRD-2024-AIML-00261,Code-31,AI/ML,Other Direct Costs,2024,Q3,239183.34,230096.31,96.2,9087.03,Closed,seed-initial-2026
FIN-100784,ONRD-2024-BIOT-00262,Code-31,Biotech,Other Direct Costs,2024,Q1,635816.08,680042.3,107.0,-44226.22,Closed,seed-initial-2026
FIN-100785,ONRD-2024-BIOT-00262,Code-31,Biotech,Travel,2024,Q1,64195.42,68998.38,107.5,-4802.96,Closed,seed-initial-2026
FIN-100786,ONRD-2024-BIOT-00262,Code-31,Biotech,Facilities,2024,Q1,65988.5,65357.94,99.0,630.56,Closed,seed-initial-2026
FIN-100787,ONRD-2024-BIOT-00263,Code-35,Biotech,Training,2024,Q3,37226.04,36444.72,97.9,781.32,Closed,seed-initial-2026
FIN-100788,ONRD-2024-BIOT-00263,Code-35,Biotech,Personnel,2024,Q4,31902.26,29395.64,92.1,2506.62,Closed,seed-initial-2026
FIN-100789,ONRD-2024-BIOT-00263,Code-35,Biotech,Other Direct Costs,2024,Q2,55871.71,58501.33,104.7,-2629.62,Closed,seed-initial-2026
FIN-100790,ONRD-2024-CYBR-00264,Code-32,Cyber,Travel,2024,Q3,59778.12,64272.42,107.5,-4494.3,Closed,seed-initial-2026
FIN-100791,ONRD-2024-CYBR-00264,Code-32,Cyber,Training,2024,Q4,105352.1,75941.45,72.1,29410.65,Closed,seed-initial-2026
FIN-100792,ONRD-2024-CYBR-00264,Code-32,Cyber,Training,2024,Q1,32869.78,33181.17,100.9,-311.39,Closed,seed-initial-2026
FIN-100793,ONRD-2025-QNTM-00265,Code-30,Quantum,Personnel,2025,Q3,577116.37,622623.43,107.9,-45507.06,Closed,seed-initial-2026
FIN-100794,ONRD-2025-QNTM-00265,Code-30,Quantum,Other Direct Costs,2025,Q4,713482.79,748445.06,104.9,-34962.27,Closed,seed-initial-2026
FIN-100795,ONRD-2025-QNTM-00265,Code-30,Quantum,Contractors,2025,Q2,765400.83,653080.29,85.3,112320.54,Closed,seed-initial-2026
FIN-100796,ONRD-2025-QNTM-00266,Code-31,Quantum,Equipment,2025,Q1,32872.57,30958.71,94.2,1913.86,Closed,seed-initial-2026
FIN-100797,ONRD-2025-QNTM-00266,Code-31,Quantum,Equipment,2025,Q2,135978.0,109543.74,80.6,26434.26,Closed,seed-initial-2026
FIN-100798,ONRD-2025-QNTM-00266,Code-31,Quantum,Contractors,2025,Q2,20149.42,17161.81,85.2,2987.61,Closed,seed-initial-2026
FIN-100799,ONRD-2025-CYBR-00267,Code-32,Cyber,Supplies,2025,Q4,21137.87,19526.96,92.4,1610.91,Closed,seed-initial-2026
FIN-100800,ONRD-2025-CYBR-00267,Code-32,Cyber,Equipment,2025,Q3,1317474.63,1402954.73,106.5,-85480.1,Closed,seed-initial-2026
FIN-100801,ONRD-2025-CYBR-00267,Code-32,Cyber,Equipment,2025,Q3,464387.5,375229.2,80.8,89158.3,Closed,seed-initial-2026
FIN-100802,ONRD-2025-BIOT-00268,Code-35,Biotech,Other Direct Costs,2025,Q3,99002.49,97651.05,98.6,1351.44,Closed,seed-initial-2026
FIN-100803,ONRD-2025-BIOT-00268,Code-35,Biotech,Travel,2025,Q1,93975.69,80602.11,85.8,13373.58,Closed,seed-initial-2026
FIN-100804,ONRD-2025-BIOT-00268,Code-35,Biotech,Equipment,2025,Q3,8021.82,5890.76,73.4,2131.06,Closed,seed-initial-2026
FIN-100805,ONRD-2025-MATL-00269,Code-34,Materials,Training,2025,Q2,69873.75,74622.64,106.8,-4748.89,Closed,seed-initial-2026
FIN-100806,ONRD-2025-MATL-00269,Code-34,Materials,Supplies,2025,Q1,45422.01,37646.92,82.9,7775.09,Closed,seed-initial-2026
FIN-100807,ONRD-2025-MATL-00269,Code-34,Materials,Training,2025,Q3,145704.24,116496.31,80.0,29207.93,Closed,seed-initial-2026
FIN-100808,ONRD-2025-MATL-00270,Code-31,Materials,Other Direct Costs,2025,Q4,51515.06,41594.57,80.7,9920.49,Closed,seed-initial-2026
FIN-100809,ONRD-2025-MATL-00270,Code-31,Materials,Contractors,2025,Q2,50783.31,54213.66,106.8,-3430.35,Closed,seed-initial-2026
FIN-100810,ONRD-2025-MATL-00270,Code-31,Materials,Facilities,2025,Q3,44701.63,42986.02,96.2,1715.61,Closed,seed-initial-2026
FIN-100811,ONRD-2025-DEWX-00271,Code-35,Directed Energy,Personnel,2025,Q4,52557.65,55810.06,106.2,-3252.41,Closed,seed-initial-2026
FIN-100812,ONRD-2025-DEWX-00271,Code-35,Directed Energy,Travel,2025,Q1,20554.39,15458.6,75.2,5095.79,Closed,seed-initial-2026
FIN-100813,ONRD-2025-DEWX-00271,Code-35,Directed Energy,Supplies,2025,Q1,57887.96,43290.04,74.8,14597.92,Closed,seed-initial-2026
FIN-100814,ONRD-2025-AIML-00272,Code-31,AI/ML,Contractors,2025,Q4,111628.79,116993.0,104.8,-5364.21,Closed,seed-initial-2026
FIN-100815,ONRD-2025-AIML-00272,Code-31,AI/ML,Facilities,2025,Q3,77481.25,75923.15,98.0,1558.1,Closed,seed-initial-2026
FIN-100816,ONRD-2025-AIML-00272,Code-31,AI/ML,Travel,2025,Q3,29889.96,31783.24,106.3,-1893.28,Closed,seed-initial-2026
FIN-100817,ONRD-2025-AIML-00273,Code-30,AI/ML,Supplies,2025,Q3,787522.21,719506.97,91.4,68015.24,Closed,seed-initial-2026
FIN-100818,ONRD-2025-AIML-00273,Code-30,AI/ML,Equipment,2025,Q2,939937.98,791737.53,84.2,148200.45,Closed,seed-initial-2026
FIN-100819,ONRD-2025-AIML-00273,Code-30,AI/ML,Travel,2025,Q3,341539.81,338453.23,99.1,3086.58,Closed,seed-initial-2026
FIN-100820,ONRD-2025-DEWX-00274,Code-31,Directed Energy,Contractors,2025,Q3,34024.62,28804.93,84.7,5219.69,Closed,seed-initial-2026
FIN-100821,ONRD-2025-DEWX-00274,Code-31,Directed Energy,Supplies,2025,Q4,32714.46,28773.28,88.0,3941.18,Closed,seed-initial-2026
FIN-100822,ONRD-2025-DEWX-00274,Code-31,Directed Energy,Supplies,2025,Q3,747260.92,555782.87,74.4,191478.05,Closed,seed-initial-2026
FIN-100823,ONRD-2025-USEA-00275,Code-31,Undersea,Supplies,2025,Q1,1523924.52,1626959.68,106.8,-103035.16,Closed,seed-initial-2026
FIN-100824,ONRD-2025-USEA-00275,Code-31,Undersea,Equipment,2025,Q3,303474.94,270473.08,89.1,33001.86,Closed,seed-initial-2026
FIN-100825,ONRD-2025-USEA-00275,Code-31,Undersea,Facilities,2025,Q1,314600.55,331218.12,105.3,-16617.57,Closed,seed-initial-2026
FIN-100826,ONRD-2025-QNTM-00276,Code-30,Quantum,Supplies,2025,Q3,419297.65,362853.85,86.5,56443.8,Closed,seed-initial-2026
FIN-100827,ONRD-2025-QNTM-00276,Code-30,Quantum,Training,2025,Q3,432142.79,360607.34,83.4,71535.45,Closed,seed-initial-2026
FIN-100828,ONRD-2025-QNTM-00276,Code-30,Quantum,Training,2025,Q2,842559.56,888967.72,105.5,-46408.16,Closed,seed-initial-2026
FIN-100829,ONRD-2025-AIML-00277,Code-30,AI/ML,Personnel,2025,Q3,54759.63,51343.08,93.8,3416.55,Closed,seed-initial-2026
FIN-100830,ONRD-2025-AIML-00277,Code-30,AI/ML,Other Direct Costs,2025,Q3,27062.09,28125.5,103.9,-1063.41,Closed,seed-initial-2026
FIN-100831,ONRD-2025-AIML-00277,Code-30,AI/ML,Supplies,2025,Q3,64178.28,69037.44,107.6,-4859.16,Closed,seed-initial-2026
FIN-100832,ONRD-2025-MATL-00278,Code-34,Materials,Equipment,2025,Q3,371973.48,316740.24,85.2,55233.24,Closed,seed-initial-2026
FIN-100833,ONRD-2025-MATL-00278,Code-34,Materials,Other Direct Costs,2025,Q4,296347.39,272749.0,92.0,23598.39,Closed,seed-initial-2026
FIN-100834,ONRD-2025-MATL-00278,Code-34,Materials,Facilities,2025,Q2,233679.13,195041.49,83.5,38637.64,Closed,seed-initial-2026
FIN-100835,ONRD-2025-CYBR-00279,Code-30,Cyber,Supplies,2025,Q4,3929776.4,3923831.27,99.8,5945.13,Closed,seed-initial-2026
FIN-100836,ONRD-2025-CYBR-00279,Code-30,Cyber,Personnel,2025,Q4,368885.54,269170.22,73.0,99715.32,Closed,seed-initial-2026
FIN-100837,ONRD-2025-CYBR-00279,Code-30,Cyber,Contractors,2025,Q4,1658338.06,1669339.89,100.7,-11001.83,Closed,seed-initial-2026
FIN-100838,ONRD-2025-CYBR-00280,Code-35,Cyber,Contractors,2025,Q2,22763.0,18543.57,81.5,4219.43,Closed,seed-initial-2026
FIN-100839,ONRD-2025-CYBR-00280,Code-35,Cyber,Travel,2025,Q2,70620.5,75518.86,106.9,-4898.36,Closed,seed-initial-2026
FIN-100840,ONRD-2025-CYBR-00280,Code-35,Cyber,Personnel,2025,Q3,79616.49,72697.83,91.3,6918.66,Closed,seed-initial-2026
FIN-100841,ONRD-2025-AIML-00281,ONR-Corporate,AI/ML,Personnel,2025,Q1,1460406.82,1576391.69,107.9,-115984.87,Closed,seed-initial-2026
FIN-100842,ONRD-2025-AIML-00281,ONR-Corporate,AI/ML,Contractors,2025,Q4,952894.07,979826.95,102.8,-26932.88,Closed,seed-initial-2026
FIN-100843,ONRD-2025-AIML-00281,ONR-Corporate,AI/ML,Personnel,2025,Q1,56699.11,59728.82,105.3,-3029.71,Closed,seed-initial-2026
FIN-100844,ONRD-2025-USEA-00282,Code-31,Undersea,Travel,2025,Q3,103820.95,84159.7,81.1,19661.25,Closed,seed-initial-2026
FIN-100845,ONRD-2025-USEA-00282,Code-31,Undersea,Other Direct Costs,2025,Q3,79943.77,85299.94,106.7,-5356.17,Closed,seed-initial-2026
FIN-100846,ONRD-2025-USEA-00282,Code-31,Undersea,Travel,2025,Q2,50235.28,43033.82,85.7,7201.46,Closed,seed-initial-2026
FIN-100847,ONRD-2025-MATL-00283,Code-34,Materials,Contractors,2025,Q2,9385.41,9409.86,100.3,-24.45,Closed,seed-initial-2026
FIN-100848,ONRD-2025-MATL-00283,Code-34,Materials,Other Direct Costs,2025,Q3,156179.39,148135.01,94.8,8044.38,Closed,seed-initial-2026
FIN-100849,ONRD-2025-MATL-00283,Code-34,Materials,Supplies,2025,Q2,58435.19,59889.71,102.5,-1454.52,Closed,seed-initial-2026
FIN-100850,ONRD-2025-BIOT-00284,Code-34,Biotech,Facilities,2025,Q2,48013.7,48157.54,100.3,-143.84,Closed,seed-initial-2026
FIN-100851,ONRD-2025-BIOT-00284,Code-34,Biotech,Contractors,2025,Q2,363690.4,329266.81,90.5,34423.59,Closed,seed-initial-2026
FIN-100852,ONRD-2025-BIOT-00284,Code-34,Biotech,Travel,2025,Q4,348295.9,351792.68,101.0,-3496.78,Closed,seed-initial-2026
FIN-100853,ONRD-2025-BIOT-00285,Code-34,Biotech,Personnel,2025,Q3,2397006.68,1807702.5,75.4,589304.18,Closed,seed-initial-2026
FIN-100854,ONRD-2025-BIOT-00285,Code-34,Biotech,Personnel,2025,Q4,1784736.36,1377731.52,77.2,407004.84,Closed,seed-initial-2026
FIN-100855,ONRD-2025-BIOT-00285,Code-34,Biotech,Facilities,2025,Q3,1377256.96,1323067.66,96.1,54189.3,Closed,seed-initial-2026
FIN-100856,ONRD-2025-CYBR-00286,Code-35,Cyber,Travel,2025,Q2,13194.94,10442.51,79.1,2752.43,Closed,seed-initial-2026
FIN-100857,ONRD-2025-CYBR-00286,Code-35,Cyber,Travel,2025,Q3,86612.31,89444.34,103.3,-2832.03,Closed,seed-initial-2026
FIN-100858,ONRD-2025-CYBR-00286,Code-35,Cyber,Contractors,2025,Q4,11192.75,8593.74,76.8,2599.01,Closed,seed-initial-2026
FIN-100859,ONRD-2025-QNTM-00287,Code-31,Quantum,Contractors,2025,Q3,385972.25,282261.83,73.1,103710.42,Closed,seed-initial-2026
FIN-100860,ONRD-2025-QNTM-00287,Code-31,Quantum,Contractors,2025,Q4,313047.45,266720.36,85.2,46327.09,Closed,seed-initial-2026
FIN-100861,ONRD-2025-QNTM-00287,Code-31,Quantum,Travel,2025,Q2,104980.31,94053.88,89.6,10926.43,Closed,seed-initial-2026
FIN-100862,ONRD-2025-AIML-00288,Code-30,AI/ML,Other Direct Costs,2025,Q2,173625.05,138702.69,79.9,34922.36,Closed,seed-initial-2026
FIN-100863,ONRD-2025-AIML-00288,Code-30,AI/ML,Other Direct Costs,2025,Q4,67183.38,64666.23,96.3,2517.15,Closed,seed-initial-2026
FIN-100864,ONRD-2025-AIML-00288,Code-30,AI/ML,Facilities,2025,Q3,99191.57,100481.16,101.3,-1289.59,Closed,seed-initial-2026
FIN-100865,ONRD-2025-USEA-00289,Code-34,Undersea,Equipment,2025,Q4,1121210.75,865556.43,77.2,255654.32,Closed,seed-initial-2026
FIN-100866,ONRD-2025-USEA-00289,Code-34,Undersea,Contractors,2025,Q2,12328.52,13098.26,106.2,-769.74,Closed,seed-initial-2026
FIN-100867,ONRD-2025-USEA-00289,Code-34,Undersea,Travel,2025,Q4,1114460.73,847401.91,76.0,267058.82,Closed,seed-initial-2026
FIN-100868,ONRD-2025-QNTM-00290,ONR-Corporate,Quantum,Other Direct Costs,2025,Q4,30172.11,24275.9,80.5,5896.21,Closed,seed-initial-2026
FIN-100869,ONRD-2025-QNTM-00290,ONR-Corporate,Quantum,Travel,2025,Q3,15130.1,11727.84,77.5,3402.26,Closed,seed-initial-2026
FIN-100870,ONRD-2025-QNTM-00290,ONR-Corporate,Quantum,Other Direct Costs,2025,Q4,39697.78,36310.3,91.5,3387.48,Closed,seed-initial-2026
FIN-100871,ONRD-2025-DEWX-00291,Code-35,Directed Energy,Personnel,2025,Q3,65233.07,52111.86,79.9,13121.21,Closed,seed-initial-2026
FIN-100872,ONRD-2025-DEWX-00291,Code-35,Directed Energy,Travel,2025,Q1,46170.93,34523.04,74.8,11647.89,Closed,seed-initial-2026
FIN-100873,ONRD-2025-DEWX-00291,Code-35,Directed Energy,Personnel,2025,Q2,17595.99,18873.65,107.3,-1277.66,Closed,seed-initial-2026
FIN-100874,ONRD-2025-DEWX-00292,Code-32,Directed Energy,Training,2025,Q3,209777.86,163827.09,78.1,45950.77,Closed,seed-initial-2026
FIN-100875,ONRD-2025-DEWX-00292,Code-32,Directed Energy,Personnel,2025,Q3,146758.47,113489.1,77.3,33269.37,Closed,seed-initial-2026
FIN-100876,ONRD-2025-DEWX-00292,Code-32,Directed Energy,Contractors,2025,Q1,264463.67,282614.11,106.9,-18150.44,Closed,seed-initial-2026
FIN-100877,ONRD-2025-AUTO-00293,Code-35,Autonomy,Supplies,2025,Q3,237664.42,234354.33,98.6,3310.09,Closed,seed-initial-2026
FIN-100878,ONRD-2025-AUTO-00293,Code-35,Autonomy,Equipment,2025,Q3,240760.61,258268.47,107.3,-17507.86,Closed,seed-initial-2026
FIN-100879,ONRD-2025-AUTO-00293,Code-35,Autonomy,Other Direct Costs,2025,Q2,298574.97,231618.07,77.6,66956.9,Closed,seed-initial-2026
FIN-100880,ONRD-2025-AIML-00294,Code-30,AI/ML,Facilities,2025,Q1,41397.55,36608.85,88.4,4788.7,Closed,seed-initial-2026
FIN-100881,ONRD-2025-AIML-00294,Code-30,AI/ML,Personnel,2025,Q2,57338.55,59592.87,103.9,-2254.32,Closed,seed-initial-2026
FIN-100882,ONRD-2025-AIML-00294,Code-30,AI/ML,Travel,2025,Q4,44263.91,46710.26,105.5,-2446.35,Closed,seed-initial-2026
FIN-100883,ONRD-2025-USEA-00295,Code-32,Undersea,Personnel,2025,Q4,1196532.17,1278382.05,106.8,-81849.88,Closed,seed-initial-2026
FIN-100884,ONRD-2025-USEA-00295,Code-32,Undersea,Facilities,2025,Q3,397045.66,380523.72,95.8,16521.94,Closed,seed-initial-2026
FIN-100885,ONRD-2025-USEA-00295,Code-32,Undersea,Travel,2025,Q3,599422.17,643489.89,107.4,-44067.72,Closed,seed-initial-2026
FIN-100886,ONRD-2025-MATL-00296,Code-35,Materials,Contractors,2025,Q2,55333.23,40851.45,73.8,14481.78,Closed,seed-initial-2026
FIN-100887,ONRD-2025-MATL-00296,Code-35,Materials,Supplies,2025,Q3,86498.43,81231.09,93.9,5267.34,Closed,seed-initial-2026
FIN-100888,ONRD-2025-MATL-00296,Code-35,Materials,Equipment,2025,Q4,90168.34,87949.51,97.5,2218.83,Closed,seed-initial-2026
FIN-100889,ONRD-2025-MATL-00297,Code-35,Materials,Travel,2025,Q1,395301.05,399469.68,101.1,-4168.63,Closed,seed-initial-2026
FIN-100890,ONRD-2025-MATL-00297,Code-35,Materials,Personnel,2025,Q4,102893.11,106015.09,103.0,-3121.98,Closed,seed-initial-2026
FIN-100891,ONRD-2025-MATL-00297,Code-35,Materials,Facilities,2025,Q2,230805.84,212844.84,92.2,17961.0,Closed,seed-initial-2026
FIN-100892,ONRD-2025-BIOT-00298,Code-32,Biotech,Other Direct Costs,2025,Q3,55193.26,48952.17,88.7,6241.09,Closed,seed-initial-2026
FIN-100893,ONRD-2025-BIOT-00298,Code-32,Biotech,Supplies,2025,Q2,19221.51,16203.87,84.3,3017.64,Closed,seed-initial-2026
FIN-100894,ONRD-2025-BIOT-00298,Code-32,Biotech,Facilities,2025,Q1,160585.23,141339.81,88.0,19245.42,Closed,seed-initial-2026
FIN-100895,ONRD-2025-AIML-00299,Code-30,AI/ML,Facilities,2025,Q4,525676.73,410694.85,78.1,114981.88,Closed,seed-initial-2026
FIN-100896,ONRD-2025-AIML-00299,Code-30,AI/ML,Training,2025,Q4,305721.56,326612.0,106.8,-20890.44,Closed,seed-initial-2026
FIN-100897,ONRD-2025-AIML-00299,Code-30,AI/ML,Other Direct Costs,2025,Q3,952601.7,870947.79,91.4,81653.91,Closed,seed-initial-2026
FIN-100898,ONRD-2025-DEWX-00300,Code-32,Directed Energy,Facilities,2025,Q4,185528.61,150320.3,81.0,35208.31,Closed,seed-initial-2026
FIN-100899,ONRD-2025-DEWX-00300,Code-32,Directed Energy,Contractors,2025,Q4,811921.83,640395.98,78.9,171525.85,Closed,seed-initial-2026
FIN-100900,ONRD-2025-DEWX-00300,Code-32,Directed Energy,Training,2025,Q1,456549.56,391057.31,85.7,65492.25,Closed,seed-initial-2026
FIN-100901,ONRD-2025-BIOT-00301,Code-30,Biotech,Travel,2025,Q4,1522735.8,1292219.15,84.9,230516.65,Closed,seed-initial-2026
FIN-100902,ONRD-2025-BIOT-00301,Code-30,Biotech,Travel,2025,Q2,1285615.47,1022353.62,79.5,263261.85,Closed,seed-initial-2026
FIN-100903,ONRD-2025-BIOT-00301,Code-30,Biotech,Supplies,2025,Q2,72648.73,53088.0,73.1,19560.73,Closed,seed-initial-2026
FIN-100904,ONRD-2025-BIOT-00302,Code-34,Biotech,Contractors,2025,Q3,259600.66,215852.47,83.1,43748.19,Closed,seed-initial-2026
FIN-100905,ONRD-2025-BIOT-00302,Code-34,Biotech,Other Direct Costs,2025,Q3,134369.91,127090.24,94.6,7279.67,Closed,seed-initial-2026
FIN-100906,ONRD-2025-BIOT-00302,Code-34,Biotech,Facilities,2025,Q1,226029.43,207313.91,91.7,18715.52,Closed,seed-initial-2026
FIN-100907,ONRD-2025-CYBR-00303,Code-32,Cyber,Other Direct Costs,2025,Q1,68652.99,60489.27,88.1,8163.72,Closed,seed-initial-2026
FIN-100908,ONRD-2025-CYBR-00303,Code-32,Cyber,Personnel,2025,Q1,40767.73,35274.27,86.5,5493.46,Closed,seed-initial-2026
FIN-100909,ONRD-2025-CYBR-00303,Code-32,Cyber,Personnel,2025,Q1,17579.28,15775.19,89.7,1804.09,Closed,seed-initial-2026
FIN-100910,ONRD-2025-CYBR-00304,Code-30,Cyber,Other Direct Costs,2025,Q4,950915.33,839886.04,88.3,111029.29,Closed,seed-initial-2026
FIN-100911,ONRD-2025-CYBR-00304,Code-30,Cyber,Other Direct Costs,2025,Q1,484308.59,386028.09,79.7,98280.5,Closed,seed-initial-2026
FIN-100912,ONRD-2025-CYBR-00304,Code-30,Cyber,Other Direct Costs,2025,Q1,814776.08,767587.76,94.2,47188.32,Closed,seed-initial-2026
FIN-100913,ONRD-2025-AIML-00305,Code-34,AI/ML,Equipment,2025,Q3,81085.88,64657.9,79.7,16427.98,Closed,seed-initial-2026
FIN-100914,ONRD-2025-AIML-00305,Code-34,AI/ML,Supplies,2025,Q3,294774.94,281716.71,95.6,13058.23,Closed,seed-initial-2026
FIN-100915,ONRD-2025-AIML-00305,Code-34,AI/ML,Personnel,2025,Q4,213139.17,204725.12,96.1,8414.05,Closed,seed-initial-2026
FIN-100916,ONRD-2025-MATL-00306,Code-32,Materials,Personnel,2025,Q3,199684.88,172115.92,86.2,27568.96,Closed,seed-initial-2026
FIN-100917,ONRD-2025-MATL-00306,Code-32,Materials,Travel,2025,Q4,396256.91,343757.48,86.8,52499.43,Closed,seed-initial-2026
FIN-100918,ONRD-2025-MATL-00306,Code-32,Materials,Training,2025,Q1,311058.21,320348.98,103.0,-9290.77,Closed,seed-initial-2026
FIN-100919,ONRD-2025-BIOT-00307,Code-34,Biotech,Travel,2025,Q3,294519.69,233676.15,79.3,60843.54,Closed,seed-initial-2026
FIN-100920,ONRD-2025-BIOT-00307,Code-34,Biotech,Supplies,2025,Q2,296434.25,312128.96,105.3,-15694.71,Closed,seed-initial-2026
FIN-100921,ONRD-2025-BIOT-00307,Code-34,Biotech,Travel,2025,Q4,122046.06,106051.92,86.9,15994.14,Closed,seed-initial-2026
FIN-100922,ONRD-2025-CYBR-00308,Code-30,Cyber,Contractors,2025,Q3,195457.7,173990.13,89.0,21467.57,Closed,seed-initial-2026
FIN-100923,ONRD-2025-CYBR-00308,Code-30,Cyber,Personnel,2025,Q4,89067.48,87079.72,97.8,1987.76,Closed,seed-initial-2026
FIN-100924,ONRD-2025-CYBR-00308,Code-30,Cyber,Contractors,2025,Q1,345474.82,296694.82,85.9,48780.0,Closed,seed-initial-2026
FIN-100925,ONRD-2025-BIOT-00309,Code-32,Biotech,Personnel,2025,Q4,133804.85,139666.79,104.4,-5861.94,Closed,seed-initial-2026
FIN-100926,ONRD-2025-BIOT-00309,Code-32,Biotech,Travel,2025,Q3,281848.32,251234.68,89.1,30613.64,Closed,seed-initial-2026
FIN-100927,ONRD-2025-BIOT-00309,Code-32,Biotech,Other Direct Costs,2025,Q4,299346.83,275155.41,91.9,24191.42,Closed,seed-initial-2026
FIN-100928,ONRD-2025-AIML-00310,Code-32,AI/ML,Facilities,2025,Q3,80872.56,71072.47,87.9,9800.09,Closed,seed-initial-2026
FIN-100929,ONRD-2025-AIML-00310,Code-32,AI/ML,Contractors,2025,Q1,13336.49,12153.56,91.1,1182.93,Closed,seed-initial-2026
FIN-100930,ONRD-2025-AIML-00310,Code-32,AI/ML,Facilities,2025,Q3,66790.96,49508.05,74.1,17282.91,Closed,seed-initial-2026
FIN-100931,ONRD-2025-MATL-00311,Code-31,Materials,Supplies,2025,Q2,319294.4,340626.56,106.7,-21332.16,Closed,seed-initial-2026
FIN-100932,ONRD-2025-MATL-00311,Code-31,Materials,Travel,2025,Q1,196994.54,150910.35,76.6,46084.19,Closed,seed-initial-2026
FIN-100933,ONRD-2025-MATL-00311,Code-31,Materials,Equipment,2025,Q3,162711.06,134396.68,82.6,28314.38,Closed,seed-initial-2026
FIN-100934,ONRD-2025-BIOT-00312,Code-30,Biotech,Other Direct Costs,2025,Q4,268113.13,204903.31,76.4,63209.82,Closed,seed-initial-2026
FIN-100935,ONRD-2025-BIOT-00312,Code-30,Biotech,Facilities,2025,Q3,74432.32,70450.36,94.7,3981.96,Closed,seed-initial-2026
FIN-100936,ONRD-2025-BIOT-00312,Code-30,Biotech,Contractors,2025,Q1,284454.55,287894.04,101.2,-3439.49,Closed,seed-initial-2026
FIN-100937,ONRD-2025-AUTO-00313,Code-30,Autonomy,Facilities,2025,Q3,604120.75,571361.4,94.6,32759.35,Closed,seed-initial-2026
FIN-100938,ONRD-2025-AUTO-00313,Code-30,Autonomy,Training,2025,Q4,4158999.49,3881630.27,93.3,277369.22,Closed,seed-initial-2026
FIN-100939,ONRD-2025-AUTO-00313,Code-30,Autonomy,Facilities,2025,Q4,348879.76,260541.21,74.7,88338.55,Closed,seed-initial-2026
FIN-100940,ONRD-2025-QNTM-00314,ONR-Corporate,Quantum,Other Direct Costs,2025,Q4,29089.53,30171.8,103.7,-1082.27,Closed,seed-initial-2026
FIN-100941,ONRD-2025-QNTM-00314,ONR-Corporate,Quantum,Supplies,2025,Q3,41195.24,33076.48,80.3,8118.76,Closed,seed-initial-2026
FIN-100942,ONRD-2025-QNTM-00314,ONR-Corporate,Quantum,Other Direct Costs,2025,Q2,16715.23,16985.75,101.6,-270.52,Closed,seed-initial-2026
FIN-100943,ONRD-2025-CYBR-00315,Code-30,Cyber,Facilities,2025,Q4,174738.72,161801.33,92.6,12937.39,Closed,seed-initial-2026
FIN-100944,ONRD-2025-CYBR-00315,Code-30,Cyber,Travel,2025,Q1,37433.02,33240.86,88.8,4192.16,Closed,seed-initial-2026
FIN-100945,ONRD-2025-CYBR-00315,Code-30,Cyber,Training,2025,Q2,140828.26,145972.01,103.7,-5143.75,Closed,seed-initial-2026
FIN-100946,ONRD-2025-USEA-00316,Code-30,Undersea,Personnel,2025,Q3,498664.56,440804.5,88.4,57860.06,Closed,seed-initial-2026
FIN-100947,ONRD-2025-USEA-00316,Code-30,Undersea,Personnel,2025,Q3,294521.46,250238.74,85.0,44282.72,Closed,seed-initial-2026
FIN-100948,ONRD-2025-USEA-00316,Code-30,Undersea,Other Direct Costs,2025,Q2,139813.98,149308.66,106.8,-9494.68,Closed,seed-initial-2026
FIN-100949,ONRD-2025-DEWX-00317,Code-31,Directed Energy,Facilities,2025,Q3,40358.46,40477.83,100.3,-119.37,Closed,seed-initial-2026
FIN-100950,ONRD-2025-DEWX-00317,Code-31,Directed Energy,Contractors,2025,Q4,48135.71,36703.38,76.2,11432.33,Closed,seed-initial-2026
FIN-100951,ONRD-2025-DEWX-00317,Code-31,Directed Energy,Travel,2025,Q3,51505.82,39582.33,76.9,11923.49,Closed,seed-initial-2026
FIN-100952,ONRD-2025-MATL-00318,Code-30,Materials,Contractors,2025,Q4,98655.8,91661.73,92.9,6994.07,Closed,seed-initial-2026
FIN-100953,ONRD-2025-MATL-00318,Code-30,Materials,Personnel,2025,Q2,83565.67,77268.4,92.5,6297.27,Closed,seed-initial-2026
FIN-100954,ONRD-2025-MATL-00318,Code-30,Materials,Other Direct Costs,2025,Q3,100778.53,95911.03,95.2,4867.5,Closed,seed-initial-2026
FIN-100955,ONRD-2025-MATL-00319,Code-32,Materials,Other Direct Costs,2025,Q3,35222.87,28806.55,81.8,6416.32,Closed,seed-initial-2026
FIN-100956,ONRD-2025-MATL-00319,Code-32,Materials,Supplies,2025,Q1,45951.87,43876.22,95.5,2075.65,Closed,seed-initial-2026
FIN-100957,ONRD-2025-MATL-00319,Code-32,Materials,Facilities,2025,Q2,31825.26,27925.19,87.7,3900.07,Closed,seed-initial-2026
FIN-100958,ONRD-2025-QNTM-00320,Code-35,Quantum,Facilities,2025,Q4,57327.45,46168.21,80.5,11159.24,Closed,seed-initial-2026
FIN-100959,ONRD-2025-QNTM-00320,Code-35,Quantum,Equipment,2025,Q2,8813.31,9497.33,107.8,-684.02,Closed,seed-initial-2026
FIN-100960,ONRD-2025-QNTM-00320,Code-35,Quantum,Facilities,2025,Q4,174859.24,133849.07,76.5,41010.17,Closed,seed-initial-2026
FIN-100961,ONRD-2025-BIOT-00321,Code-31,Biotech,Personnel,2025,Q1,169816.55,140170.0,82.5,29646.55,Closed,seed-initial-2026
FIN-100962,ONRD-2025-BIOT-00321,Code-31,Biotech,Facilities,2025,Q2,224076.97,206490.68,92.2,17586.29,Closed,seed-initial-2026
FIN-100963,ONRD-2025-BIOT-00321,Code-31,Biotech,Other Direct Costs,2025,Q2,172106.48,133165.72,77.4,38940.76,Closed,seed-initial-2026
FIN-100964,ONRD-2025-BIOT-00322,Code-30,Biotech,Travel,2025,Q3,1542114.15,1480201.86,96.0,61912.29,Closed,seed-initial-2026
FIN-100965,ONRD-2025-BIOT-00322,Code-30,Biotech,Equipment,2025,Q3,951649.64,934300.62,98.2,17349.02,Closed,seed-initial-2026
FIN-100966,ONRD-2025-BIOT-00322,Code-30,Biotech,Supplies,2025,Q1,714236.21,612150.32,85.7,102085.89,Closed,seed-initial-2026
FIN-100967,ONRD-2025-MATL-00323,Code-34,Materials,Travel,2025,Q1,3768950.71,3967026.54,105.3,-198075.83,Closed,seed-initial-2026
FIN-100968,ONRD-2025-MATL-00323,Code-34,Materials,Facilities,2025,Q4,543750.24,449678.24,82.7,94072.0,Closed,seed-initial-2026
FIN-100969,ONRD-2025-MATL-00323,Code-34,Materials,Travel,2025,Q3,912299.05,854362.37,93.6,57936.68,Closed,seed-initial-2026
FIN-100970,ONRD-2025-BIOT-00324,Code-32,Biotech,Supplies,2025,Q4,61877.6,57285.17,92.6,4592.43,Closed,seed-initial-2026
FIN-100971,ONRD-2025-BIOT-00324,Code-32,Biotech,Personnel,2025,Q4,179429.41,185001.08,103.1,-5571.67,Closed,seed-initial-2026
FIN-100972,ONRD-2025-BIOT-00324,Code-32,Biotech,Personnel,2025,Q1,119692.99,128060.3,107.0,-8367.31,Closed,seed-initial-2026
FIN-100973,ONRD-2025-CYBR-00325,Code-32,Cyber,Other Direct Costs,2025,Q1,162070.87,151014.67,93.2,11056.2,Closed,seed-initial-2026
FIN-100974,ONRD-2025-CYBR-00325,Code-32,Cyber,Equipment,2025,Q3,111421.31,107267.35,96.3,4153.96,Closed,seed-initial-2026
FIN-100975,ONRD-2025-CYBR-00325,Code-32,Cyber,Supplies,2025,Q2,283507.82,247274.51,87.2,36233.31,Closed,seed-initial-2026
FIN-100976,ONRD-2025-MATL-00326,Code-35,Materials,Travel,2025,Q1,76204.31,79109.42,103.8,-2905.11,Closed,seed-initial-2026
FIN-100977,ONRD-2025-MATL-00326,Code-35,Materials,Equipment,2025,Q3,201390.76,151225.78,75.1,50164.98,Closed,seed-initial-2026
FIN-100978,ONRD-2025-MATL-00326,Code-35,Materials,Equipment,2025,Q1,116404.93,100474.7,86.3,15930.23,Closed,seed-initial-2026
FIN-100979,ONRD-2025-AUTO-00327,Code-31,Autonomy,Training,2025,Q2,17065.77,12553.01,73.6,4512.76,Closed,seed-initial-2026
FIN-100980,ONRD-2025-AUTO-00327,Code-31,Autonomy,Personnel,2025,Q3,40608.07,35774.84,88.1,4833.23,Closed,seed-initial-2026
FIN-100981,ONRD-2025-AUTO-00327,Code-31,Autonomy,Travel,2025,Q3,25326.16,20888.37,82.5,4437.79,Closed,seed-initial-2026
FIN-100982,ONRD-2025-BIOT-00328,Code-32,Biotech,Other Direct Costs,2025,Q3,142699.84,145584.88,102.0,-2885.04,Closed,seed-initial-2026
FIN-100983,ONRD-2025-BIOT-00328,Code-32,Biotech,Travel,2025,Q3,17583.57,15793.81,89.8,1789.76,Closed,seed-initial-2026
FIN-100984,ONRD-2025-BIOT-00328,Code-32,Biotech,Training,2025,Q2,5716.59,4529.89,79.2,1186.7,Closed,seed-initial-2026
FIN-100985,ONRD-2025-DEWX-00329,Code-30,Directed Energy,Training,2025,Q1,291248.95,284257.82,97.6,6991.13,Closed,seed-initial-2026
FIN-100986,ONRD-2025-DEWX-00329,Code-30,Directed Energy,Training,2025,Q4,3988577.86,3586133.99,89.9,402443.87,Closed,seed-initial-2026
FIN-100987,ONRD-2025-DEWX-00329,Code-30,Directed Energy,Personnel,2025,Q3,3095173.19,2756475.14,89.1,338698.05,Closed,seed-initial-2026
FIN-100988,ONRD-2025-QNTM-00330,Code-35,Quantum,Training,2025,Q1,254993.45,225723.51,88.5,29269.94,Closed,seed-initial-2026
FIN-100989,ONRD-2025-QNTM-00330,Code-35,Quantum,Other Direct Costs,2025,Q1,114976.24,86997.63,75.7,27978.61,Closed,seed-initial-2026
FIN-100990,ONRD-2025-QNTM-00330,Code-35,Quantum,Travel,2025,Q4,288030.32,220389.95,76.5,67640.37,Closed,seed-initial-2026
FIN-100991,ONRD-2025-AIML-00331,Code-31,AI/ML,Contractors,2025,Q2,3316.23,3293.68,99.3,22.55,Closed,seed-initial-2026
FIN-100992,ONRD-2025-AIML-00331,Code-31,AI/ML,Equipment,2025,Q3,34431.16,30085.79,87.4,4345.37,Closed,seed-initial-2026
FIN-100993,ONRD-2025-AIML-00331,Code-31,AI/ML,Contractors,2025,Q4,35252.6,25829.0,73.3,9423.6,Closed,seed-initial-2026
FIN-100994,ONRD-2025-MATL-00332,Code-35,Materials,Contractors,2025,Q4,120455.23,105226.76,87.4,15228.47,Closed,seed-initial-2026
FIN-100995,ONRD-2025-MATL-00332,Code-35,Materials,Facilities,2025,Q2,58341.4,53396.16,91.5,4945.24,Closed,seed-initial-2026
FIN-100996,ONRD-2025-MATL-00332,Code-35,Materials,Other Direct Costs,2025,Q3,20203.36,17003.27,84.2,3200.09,Closed,seed-initial-2026
FIN-100997,ONRD-2026-CYBR-00333,Code-32,Cyber,Supplies,2026,Q2,117864.6,104662.08,88.8,13202.52,Open,seed-initial-2026
FIN-100998,ONRD-2026-CYBR-00333,Code-32,Cyber,Training,2026,Q4,116646.22,116332.7,99.7,313.52,Open,seed-initial-2026
FIN-100999,ONRD-2026-CYBR-00333,Code-32,Cyber,Equipment,2026,Q1,101489.18,83797.56,82.6,17691.62,Open,seed-initial-2026
FIN-101000,ONRD-2026-AUTO-00334,Code-32,Autonomy,Contractors,2026,Q4,86373.84,89224.47,103.3,-2850.63,Open,seed-initial-2026
FIN-101001,ONRD-2026-AUTO-00334,Code-32,Autonomy,Travel,2026,Q3,17180.81,13235.18,77.0,3945.63,Open,seed-initial-2026
FIN-101002,ONRD-2026-AUTO-00334,Code-32,Autonomy,Supplies,2026,Q2,139445.35,116892.53,83.8,22552.82,Open,seed-initial-2026
FIN-101003,ONRD-2026-MATL-00335,Code-30,Materials,Personnel,2026,Q1,100471.6,101802.13,101.3,-1330.53,Open,seed-initial-2026
FIN-101004,ONRD-2026-MATL-00335,Code-30,Materials,Other Direct Costs,2026,Q2,258994.93,241193.73,93.1,17801.2,Open,seed-initial-2026
FIN-101005,ONRD-2026-MATL-00335,Code-30,Materials,Facilities,2026,Q2,157533.47,166659.41,105.8,-9125.94,Open,seed-initial-2026
FIN-101006,ONRD-2026-AIML-00336,Code-31,AI/ML,Equipment,2026,Q2,887787.54,799497.26,90.1,88290.28,Open,seed-initial-2026
FIN-101007,ONRD-2026-AIML-00336,Code-31,AI/ML,Equipment,2026,Q1,1450528.92,1448733.17,99.9,1795.75,Open,seed-initial-2026
FIN-101008,ONRD-2026-AIML-00336,Code-31,AI/ML,Other Direct Costs,2026,Q4,212683.54,176307.87,82.9,36375.67,Open,seed-initial-2026
FIN-101009,ONRD-2026-AIML-00337,Code-34,AI/ML,Other Direct Costs,2026,Q2,1420778.74,1306375.48,91.9,114403.26,Open,seed-initial-2026
FIN-101010,ONRD-2026-AIML-00337,Code-34,AI/ML,Contractors,2026,Q2,355159.84,330163.79,93.0,24996.05,Open,seed-initial-2026
FIN-101011,ONRD-2026-AIML-00337,Code-34,AI/ML,Facilities,2026,Q4,874061.41,808784.89,92.5,65276.52,Open,seed-initial-2026
FIN-101012,ONRD-2026-AUTO-00338,Code-30,Autonomy,Equipment,2026,Q1,490291.22,465082.14,94.9,25209.08,Open,seed-initial-2026
FIN-101013,ONRD-2026-AUTO-00338,Code-30,Autonomy,Facilities,2026,Q2,4404.55,3225.59,73.2,1178.96,Open,seed-initial-2026
FIN-101014,ONRD-2026-AUTO-00338,Code-30,Autonomy,Contractors,2026,Q3,1534304.23,1559864.82,101.7,-25560.59,Open,seed-initial-2026
FIN-101015,ONRD-2026-AUTO-00339,Code-34,Autonomy,Personnel,2026,Q3,71253.46,56138.17,78.8,15115.29,Open,seed-initial-2026
FIN-101016,ONRD-2026-AUTO-00339,Code-34,Autonomy,Travel,2026,Q3,87215.91,63033.09,72.3,24182.82,Open,seed-initial-2026
FIN-101017,ONRD-2026-AUTO-00339,Code-34,Autonomy,Personnel,2026,Q2,19530.63,18265.49,93.5,1265.14,Open,seed-initial-2026
FIN-101018,ONRD-2026-CYBR-00340,Code-34,Cyber,Other Direct Costs,2026,Q4,5738.09,5249.51,91.5,488.58,Open,seed-initial-2026
FIN-101019,ONRD-2026-CYBR-00340,Code-34,Cyber,Supplies,2026,Q3,46243.58,37212.92,80.5,9030.66,Open,seed-initial-2026
FIN-101020,ONRD-2026-CYBR-00340,Code-34,Cyber,Equipment,2026,Q4,18.32,17.83,97.4,0.49,Open,seed-initial-2026
FIN-101021,ONRD-2026-CYBR-00341,ONR-Corporate,Cyber,Contractors,2026,Q2,422655.27,430307.47,101.8,-7652.2,Open,seed-initial-2026
FIN-101022,ONRD-2026-CYBR-00341,ONR-Corporate,Cyber,Supplies,2026,Q2,410129.94,308528.06,75.2,101601.88,Open,seed-initial-2026
FIN-101023,ONRD-2026-CYBR-00341,ONR-Corporate,Cyber,Contractors,2026,Q1,163214.78,138909.64,85.1,24305.14,Open,seed-initial-2026
FIN-101024,ONRD-2026-QNTM-00342,Code-31,Quantum,Equipment,2026,Q1,62426.69,51293.76,82.2,11132.93,Open,seed-initial-2026
FIN-101025,ONRD-2026-QNTM-00342,Code-31,Quantum,Equipment,2026,Q2,99316.25,102040.63,102.7,-2724.38,Open,seed-initial-2026
FIN-101026,ONRD-2026-QNTM-00342,Code-31,Quantum,Travel,2026,Q1,19257.06,16922.5,87.9,2334.56,Open,seed-initial-2026
FIN-101027,ONRD-2026-USEA-00343,Code-31,Undersea,Supplies,2026,Q4,107553.52,96344.76,89.6,11208.76,Open,seed-initial-2026
FIN-101028,ONRD-2026-USEA-00343,Code-31,Undersea,Other Direct Costs,2026,Q4,85463.26,75151.09,87.9,10312.17,Open,seed-initial-2026
FIN-101029,ONRD-2026-USEA-00343,Code-31,Undersea,Contractors,2026,Q1,160983.22,127330.6,79.1,33652.62,Open,seed-initial-2026
FIN-101030,ONRD-2026-DEWX-00344,Code-30,Directed Energy,Personnel,2026,Q4,424439.4,454203.39,107.0,-29763.99,Open,seed-initial-2026
FIN-101031,ONRD-2026-DEWX-00344,Code-30,Directed Energy,Equipment,2026,Q2,315791.67,294100.14,93.1,21691.53,Open,seed-initial-2026
FIN-101032,ONRD-2026-DEWX-00344,Code-30,Directed Energy,Other Direct Costs,2026,Q2,532768.93,573825.63,107.7,-41056.7,Open,seed-initial-2026
FIN-101033,ONRD-2026-AUTO-00345,Code-34,Autonomy,Supplies,2026,Q3,121553.72,129282.12,106.4,-7728.4,Open,seed-initial-2026
FIN-101034,ONRD-2026-AUTO-00345,Code-34,Autonomy,Personnel,2026,Q1,42320.99,44697.53,105.6,-2376.54,Open,seed-initial-2026
FIN-101035,ONRD-2026-AUTO-00345,Code-34,Autonomy,Facilities,2026,Q1,116125.29,123010.75,105.9,-6885.46,Open,seed-initial-2026
FIN-101036,ONRD-2026-CYBR-00346,Code-34,Cyber,Supplies,2026,Q2,45344.81,45785.69,101.0,-440.88,Open,seed-initial-2026
FIN-101037,ONRD-2026-CYBR-00346,Code-34,Cyber,Equipment,2026,Q1,31986.82,27436.25,85.8,4550.57,Open,seed-initial-2026
FIN-101038,ONRD-2026-CYBR-00346,Code-34,Cyber,Facilities,2026,Q3,75668.36,76494.75,101.1,-826.39,Open,seed-initial-2026
FIN-101039,ONRD-2026-BIOT-00347,Code-35,Biotech,Travel,2026,Q1,1232049.49,1306692.07,106.1,-74642.58,Open,seed-initial-2026
FIN-101040,ONRD-2026-BIOT-00347,Code-35,Biotech,Equipment,2026,Q3,41809.96,36330.22,86.9,5479.74,Open,seed-initial-2026
FIN-101041,ONRD-2026-BIOT-00347,Code-35,Biotech,Contractors,2026,Q2,1052140.54,760770.25,72.3,291370.29,Open,seed-initial-2026
FIN-101042,ONRD-2026-CYBR-00348,ONR-Corporate,Cyber,Other Direct Costs,2026,Q3,18003.31,13255.62,73.6,4747.69,Open,seed-initial-2026
FIN-101043,ONRD-2026-CYBR-00348,ONR-Corporate,Cyber,Equipment,2026,Q3,85526.92,82146.83,96.0,3380.09,Open,seed-initial-2026
FIN-101044,ONRD-2026-CYBR-00348,ONR-Corporate,Cyber,Contractors,2026,Q4,71469.78,69721.41,97.6,1748.37,Open,seed-initial-2026
FIN-101045,ONRD-2026-MATL-00349,Code-32,Materials,Other Direct Costs,2026,Q4,758508.33,623477.26,82.2,135031.07,Open,seed-initial-2026
FIN-101046,ONRD-2026-MATL-00349,Code-32,Materials,Facilities,2026,Q3,2897037.11,2611122.41,90.1,285914.7,Open,seed-initial-2026
FIN-101047,ONRD-2026-MATL-00349,Code-32,Materials,Equipment,2026,Q3,1477454.57,1440638.27,97.5,36816.3,Open,seed-initial-2026
FIN-101048,ONRD-2026-USEA-00350,Code-35,Undersea,Training,2026,Q3,173808.13,159375.09,91.7,14433.04,Open,seed-initial-2026
FIN-101049,ONRD-2026-USEA-00350,Code-35,Undersea,Travel,2026,Q3,278176.44,229201.37,82.4,48975.07,Open,seed-initial-2026
FIN-101050,ONRD-2026-USEA-00350,Code-35,Undersea,Equipment,2026,Q1,149015.43,146987.0,98.6,2028.43,Open,seed-initial-2026
FIN-101051,ONRD-2026-QNTM-00351,Code-35,Quantum,Other Direct Costs,2026,Q4,155726.77,161743.79,103.9,-6017.02,Open,seed-initial-2026
FIN-101052,ONRD-2026-QNTM-00351,Code-35,Quantum,Personnel,2026,Q4,99423.95,84363.35,84.9,15060.6,Open,seed-initial-2026
FIN-101053,ONRD-2026-QNTM-00351,Code-35,Quantum,Travel,2026,Q3,296849.28,296245.02,99.8,604.26,Open,seed-initial-2026
FIN-101054,ONRD-2026-CYBR-00352,Code-31,Cyber,Other Direct Costs,2026,Q1,75477.05,78867.26,104.5,-3390.21,Open,seed-initial-2026
FIN-101055,ONRD-2026-CYBR-00352,Code-31,Cyber,Facilities,2026,Q3,23139.53,24527.27,106.0,-1387.74,Open,seed-initial-2026
FIN-101056,ONRD-2026-CYBR-00352,Code-31,Cyber,Other Direct Costs,2026,Q3,129383.42,105796.53,81.8,23586.89,Open,seed-initial-2026
FIN-101057,ONRD-2026-AIML-00353,Code-34,AI/ML,Other Direct Costs,2026,Q1,45327.48,35004.54,77.2,10322.94,Open,seed-initial-2026
FIN-101058,ONRD-2026-AIML-00353,Code-34,AI/ML,Training,2026,Q3,31222.03,28843.12,92.4,2378.91,Open,seed-initial-2026
FIN-101059,ONRD-2026-AIML-00353,Code-34,AI/ML,Travel,2026,Q3,12450.49,12540.97,100.7,-90.48,Open,seed-initial-2026
FIN-101060,ONRD-2026-DEWX-00354,Code-32,Directed Energy,Equipment,2026,Q3,84324.15,68135.91,80.8,16188.24,Open,seed-initial-2026
FIN-101061,ONRD-2026-DEWX-00354,Code-32,Directed Energy,Contractors,2026,Q1,40409.6,38895.66,96.3,1513.94,Open,seed-initial-2026
FIN-101062,ONRD-2026-DEWX-00354,Code-32,Directed Energy,Facilities,2026,Q4,63266.25,48956.07,77.4,14310.18,Open,seed-initial-2026
FIN-101063,ONRD-2026-AIML-00355,Code-31,AI/ML,Personnel,2026,Q3,118875.39,123142.15,103.6,-4266.76,Open,seed-initial-2026
FIN-101064,ONRD-2026-AIML-00355,Code-31,AI/ML,Training,2026,Q3,214455.0,170202.55,79.4,44252.45,Open,seed-initial-2026
FIN-101065,ONRD-2026-AIML-00355,Code-31,AI/ML,Training,2026,Q4,9669.61,8567.24,88.6,1102.37,Open,seed-initial-2026
FIN-101066,ONRD-2026-DEWX-00356,ONR-Corporate,Directed Energy,Facilities,2026,Q1,803310.06,775757.87,96.6,27552.19,Open,seed-initial-2026
FIN-101067,ONRD-2026-DEWX-00356,ONR-Corporate,Directed Energy,Equipment,2026,Q1,170313.34,181819.1,106.8,-11505.76,Open,seed-initial-2026
FIN-101068,ONRD-2026-DEWX-00356,ONR-Corporate,Directed Energy,Personnel,2026,Q3,1164376.6,980462.51,84.2,183914.09,Open,seed-initial-2026
FIN-101069,ONRD-2026-MATL-00357,Code-30,Materials,Facilities,2026,Q2,91614.69,85459.93,93.3,6154.76,Open,seed-initial-2026
FIN-101070,ONRD-2026-MATL-00357,Code-30,Materials,Contractors,2026,Q1,1055047.58,887816.38,84.1,167231.2,Open,seed-initial-2026
FIN-101071,ONRD-2026-MATL-00357,Code-30,Materials,Personnel,2026,Q3,1200337.73,1068513.02,89.0,131824.71,Open,seed-initial-2026
FIN-101072,ONRD-2026-USEA-00358,Code-35,Undersea,Personnel,2026,Q1,30390.88,28453.94,93.6,1936.94,Open,seed-initial-2026
FIN-101073,ONRD-2026-USEA-00358,Code-35,Undersea,Other Direct Costs,2026,Q3,30507.64,24515.66,80.4,5991.98,Open,seed-initial-2026
FIN-101074,ONRD-2026-USEA-00358,Code-35,Undersea,Personnel,2026,Q1,11101.48,9486.76,85.5,1614.72,Open,seed-initial-2026
FIN-101075,ONRD-2026-MATL-00359,Code-31,Materials,Training,2026,Q2,303369.41,288696.75,95.2,14672.66,Open,seed-initial-2026
FIN-101076,ONRD-2026-MATL-00359,Code-31,Materials,Facilities,2026,Q1,90332.87,77882.91,86.2,12449.96,Open,seed-initial-2026
FIN-101077,ONRD-2026-MATL-00359,Code-31,Materials,Other Direct Costs,2026,Q1,232297.72,211514.09,91.1,20783.63,Open,seed-initial-2026
FIN-101078,ONRD-2026-USEA-00360,Code-32,Undersea,Other Direct Costs,2026,Q1,99813.85,101163.22,101.4,-1349.37,Open,seed-initial-2026
FIN-101079,ONRD-2026-USEA-00360,Code-32,Undersea,Contractors,2026,Q1,73398.37,64743.27,88.2,8655.1,Open,seed-initial-2026
FIN-101080,ONRD-2026-USEA-00360,Code-32,Undersea,Facilities,2026,Q4,55787.78,57751.13,103.5,-1963.35,Open,seed-initial-2026
FIN-101081,ONRD-2026-USEA-00361,Code-30,Undersea,Other Direct Costs,2026,Q2,389687.93,341007.69,87.5,48680.24,Open,seed-initial-2026
FIN-101082,ONRD-2026-USEA-00361,Code-30,Undersea,Travel,2026,Q4,149163.92,126076.05,84.5,23087.87,Open,seed-initial-2026
FIN-101083,ONRD-2026-USEA-00361,Code-30,Undersea,Contractors,2026,Q1,599148.14,637867.99,106.5,-38719.85,Open,seed-initial-2026
FIN-101084,ONRD-2026-QNTM-00362,ONR-Corporate,Quantum,Contractors,2026,Q2,4601.27,4199.66,91.3,401.61,Open,seed-initial-2026
FIN-101085,ONRD-2026-QNTM-00362,ONR-Corporate,Quantum,Training,2026,Q2,85055.5,83279.02,97.9,1776.48,Open,seed-initial-2026
FIN-101086,ONRD-2026-QNTM-00362,ONR-Corporate,Quantum,Travel,2026,Q3,94343.22,90849.68,96.3,3493.54,Open,seed-initial-2026
FIN-101087,ONRD-2026-BIOT-00363,Code-30,Biotech,Training,2026,Q1,1102811.25,861180.74,78.1,241630.51,Open,seed-initial-2026
FIN-101088,ONRD-2026-BIOT-00363,Code-30,Biotech,Supplies,2026,Q4,575944.56,527664.43,91.6,48280.13,Open,seed-initial-2026
FIN-101089,ONRD-2026-BIOT-00363,Code-30,Biotech,Contractors,2026,Q2,922244.19,708230.46,76.8,214013.73,Open,seed-initial-2026
FIN-101090,ONRD-2026-AIML-00364,Code-30,AI/ML,Equipment,2026,Q2,52069.69,51541.92,99.0,527.77,Open,seed-initial-2026
FIN-101091,ONRD-2026-AIML-00364,Code-30,AI/ML,Training,2026,Q1,21717.72,17287.4,79.6,4430.32,Open,seed-initial-2026
FIN-101092,ONRD-2026-AIML-00364,Code-30,AI/ML,Travel,2026,Q1,13212.59,13813.09,104.5,-600.5,Open,seed-initial-2026
FIN-101093,ONRD-2026-AUTO-00365,ONR-Corporate,Autonomy,Supplies,2026,Q2,220358.8,233219.39,105.8,-12860.59,Open,seed-initial-2026
FIN-101094,ONRD-2026-AUTO-00365,ONR-Corporate,Autonomy,Supplies,2026,Q4,14050.15,12432.09,88.5,1618.06,Open,seed-initial-2026
FIN-101095,ONRD-2026-AUTO-00365,ONR-Corporate,Autonomy,Travel,2026,Q1,189591.04,187456.75,98.9,2134.29,Open,seed-initial-2026
FIN-101096,ONRD-2026-MATL-00366,Code-35,Materials,Supplies,2026,Q4,94198.53,75793.81,80.5,18404.72,Open,seed-initial-2026
FIN-101097,ONRD-2026-MATL-00366,Code-35,Materials,Contractors,2026,Q1,285207.69,270480.94,94.8,14726.75,Open,seed-initial-2026
FIN-101098,ONRD-2026-MATL-00366,Code-35,Materials,Supplies,2026,Q1,316593.78,294508.4,93.0,22085.38,Open,seed-initial-2026
FIN-101099,ONRD-2026-BIOT-00367,ONR-Corporate,Biotech,Travel,2026,Q2,200122.9,215066.65,107.5,-14943.75,Open,seed-initial-2026
FIN-101100,ONRD-2026-BIOT-00367,ONR-Corporate,Biotech,Facilities,2026,Q2,237994.91,235241.02,98.8,2753.89,Open,seed-initial-2026
FIN-101101,ONRD-2026-BIOT-00367,ONR-Corporate,Biotech,Personnel,2026,Q4,180882.19,139709.94,77.2,41172.25,Open,seed-initial-2026
FIN-101102,ONRD-2026-QNTM-00368,Code-34,Quantum,Contractors,2026,Q1,369267.29,389086.68,105.4,-19819.39,Open,seed-initial-2026
FIN-101103,ONRD-2026-QNTM-00368,Code-34,Quantum,Contractors,2026,Q1,225059.93,234224.95,104.1,-9165.02,Open,seed-initial-2026
FIN-101104,ONRD-2026-QNTM-00368,Code-34,Quantum,Facilities,2026,Q1,45672.77,34239.37,75.0,11433.4,Open,seed-initial-2026
FIN-101105,ONRD-2026-AUTO-00369,Code-31,Autonomy,Travel,2026,Q1,56971.95,60140.51,105.6,-3168.56,Open,seed-initial-2026
FIN-101106,ONRD-2026-AUTO-00369,Code-31,Autonomy,Facilities,2026,Q1,39448.8,42201.04,107.0,-2752.24,Open,seed-initial-2026
FIN-101107,ONRD-2026-AUTO-00369,Code-31,Autonomy,Training,2026,Q4,23579.25,25081.63,106.4,-1502.38,Open,seed-initial-2026
FIN-101108,ONRD-2026-QNTM-00370,Code-30,Quantum,Travel,2026,Q1,55041.45,52008.91,94.5,3032.54,Open,seed-initial-2026
FIN-101109,ONRD-2026-QNTM-00370,Code-30,Quantum,Travel,2026,Q1,43422.82,40991.93,94.4,2430.89,Open,seed-initial-2026
FIN-101110,ONRD-2026-QNTM-00370,Code-30,Quantum,Personnel,2026,Q3,137535.73,132726.42,96.5,4809.31,Open,seed-initial-2026
FIN-101111,ONRD-2026-AIML-00371,Code-35,AI/ML,Supplies,2026,Q1,197452.44,185775.47,94.1,11676.97,Open,seed-initial-2026
FIN-101112,ONRD-2026-AIML-00371,Code-35,AI/ML,Training,2026,Q4,35827.3,32998.89,92.1,2828.41,Open,seed-initial-2026
FIN-101113,ONRD-2026-AIML-00371,Code-35,AI/ML,Supplies,2026,Q1,2720.26,2462.18,90.5,258.08,Open,seed-initial-2026
FIN-101114,ONRD-2026-QNTM-00372,ONR-Corporate,Quantum,Supplies,2026,Q3,355496.04,297465.03,83.7,58031.01,Open,seed-initial-2026
FIN-101115,ONRD-2026-QNTM-00372,ONR-Corporate,Quantum,Facilities,2026,Q3,382838.69,409146.16,106.9,-26307.47,Open,seed-initial-2026
FIN-101116,ONRD-2026-QNTM-00372,ONR-Corporate,Quantum,Other Direct Costs,2026,Q4,126665.28,122582.74,96.8,4082.54,Open,seed-initial-2026
FIN-101117,ONRD-2026-QNTM-00373,Code-35,Quantum,Supplies,2026,Q4,1913484.15,1592746.81,83.2,320737.34,Open,seed-initial-2026
FIN-101118,ONRD-2026-QNTM-00373,Code-35,Quantum,Travel,2026,Q2,2934785.99,2454609.13,83.6,480176.86,Open,seed-initial-2026
FIN-101119,ONRD-2026-QNTM-00373,Code-35,Quantum,Contractors,2026,Q3,1337729.86,1248499.15,93.3,89230.71,Open,seed-initial-2026
FIN-101120,ONRD-2026-MATL-00374,Code-31,Materials,Training,2026,Q1,24735.96,19884.05,80.4,4851.91,Open,seed-initial-2026
FIN-101121,ONRD-2026-MATL-00374,Code-31,Materials,Contractors,2026,Q4,543268.66,517430.28,95.2,25838.38,Open,seed-initial-2026
FIN-101122,ONRD-2026-MATL-00374,Code-31,Materials,Contractors,2026,Q3,233995.37,246226.27,105.2,-12230.9,Open,seed-initial-2026
FIN-101123,ONRD-2026-BIOT-00375,Code-30,Biotech,Personnel,2026,Q1,62641.71,65564.96,104.7,-2923.25,Open,seed-initial-2026
FIN-101124,ONRD-2026-BIOT-00375,Code-30,Biotech,Facilities,2026,Q2,69594.38,54344.75,78.1,15249.63,Open,seed-initial-2026
FIN-101125,ONRD-2026-BIOT-00375,Code-30,Biotech,Supplies,2026,Q1,67763.91,55499.99,81.9,12263.92,Open,seed-initial-2026
FIN-101126,ONRD-2026-CYBR-00376,Code-32,Cyber,Equipment,2026,Q1,27473.93,20899.68,76.1,6574.25,Open,seed-initial-2026
FIN-101127,ONRD-2026-CYBR-00376,Code-32,Cyber,Supplies,2026,Q1,33529.2,29374.43,87.6,4154.77,Open,seed-initial-2026
FIN-101128,ONRD-2026-CYBR-00376,Code-32,Cyber,Personnel,2026,Q1,39996.87,39219.37,98.1,777.5,Open,seed-initial-2026
FIN-101129,ONRD-2026-CYBR-00377,Code-35,Cyber,Other Direct Costs,2026,Q2,191985.77,185376.05,96.6,6609.72,Open,seed-initial-2026
FIN-101130,ONRD-2026-CYBR-00377,Code-35,Cyber,Travel,2026,Q3,91936.15,79925.98,86.9,12010.17,Open,seed-initial-2026
FIN-101131,ONRD-2026-CYBR-00377,Code-35,Cyber,Training,2026,Q3,61078.09,49061.69,80.3,12016.4,Open,seed-initial-2026
FIN-101132,ONRD-2026-BIOT-00378,Code-35,Biotech,Facilities,2026,Q1,4985363.64,3884543.72,77.9,1100819.92,Open,seed-initial-2026
FIN-101133,ONRD-2026-BIOT-00378,Code-35,Biotech,Training,2026,Q3,438490.5,347371.31,79.2,91119.19,Open,seed-initial-2026
FIN-101134,ONRD-2026-BIOT-00378,Code-35,Biotech,Facilities,2026,Q4,1705145.87,1610885.84,94.5,94260.03,Open,seed-initial-2026
FIN-101135,ONRD-2026-DEWX-00379,Code-34,Directed Energy,Training,2026,Q2,13816.0,11619.84,84.1,2196.16,Open,seed-initial-2026
FIN-101136,ONRD-2026-DEWX-00379,Code-34,Directed Energy,Other Direct Costs,2026,Q3,16368.68,12736.09,77.8,3632.59,Open,seed-initial-2026
FIN-101137,ONRD-2026-DEWX-00379,Code-34,Directed Energy,Facilities,2026,Q2,146815.32,158296.98,107.8,-11481.66,Open,seed-initial-2026
FIN-101138,ONRD-2026-AIML-00380,Code-30,AI/ML,Travel,2026,Q4,79861.99,67589.53,84.6,12272.46,Open,seed-initial-2026
FIN-101139,ONRD-2026-AIML-00380,Code-30,AI/ML,Supplies,2026,Q4,111281.13,99436.33,89.4,11844.8,Open,seed-initial-2026
FIN-101140,ONRD-2026-AIML-00380,Code-30,AI/ML,Travel,2026,Q1,110856.88,90130.47,81.3,20726.41,Open,seed-initial-2026
FIN-101141,ONRD-2026-DEWX-00381,Code-32,Directed Energy,Contractors,2026,Q2,449137.14,428496.17,95.4,20640.97,Open,seed-initial-2026
FIN-101142,ONRD-2026-DEWX-00381,Code-32,Directed Energy,Other Direct Costs,2026,Q4,4219.23,3974.41,94.2,244.82,Open,seed-initial-2026
FIN-101143,ONRD-2026-DEWX-00381,Code-32,Directed Energy,Contractors,2026,Q1,439643.63,355505.59,80.9,84138.04,Open,seed-initial-2026
FIN-101144,ONRD-2026-MATL-00382,Code-34,Materials,Travel,2026,Q4,326014.4,245801.1,75.4,80213.3,Open,seed-initial-2026
FIN-101145,ONRD-2026-MATL-00382,Code-34,Materials,Contractors,2026,Q2,350042.08,260810.77,74.5,89231.31,Open,seed-initial-2026
FIN-101146,ONRD-2026-MATL-00382,Code-34,Materials,Equipment,2026,Q3,24943.52,22932.32,91.9,2011.2,Open,seed-initial-2026
FIN-101147,ONRD-2026-AIML-00383,Code-32,AI/ML,Facilities,2026,Q4,339854.06,312523.04,92.0,27331.02,Open,seed-initial-2026
FIN-101148,ONRD-2026-AIML-00383,Code-32,AI/ML,Equipment,2026,Q4,532081.23,415359.24,78.1,116721.99,Open,seed-initial-2026
FIN-101149,ONRD-2026-AIML-00383,Code-32,AI/ML,Other Direct Costs,2026,Q1,211064.7,209267.46,99.1,1797.24,Open,seed-initial-2026
FIN-101150,ONRD-2026-CYBR-00384,Code-30,Cyber,Training,2026,Q2,9471.06,7769.43,82.0,1701.63,Open,seed-initial-2026
FIN-101151,ONRD-2026-CYBR-00384,Code-30,Cyber,Travel,2026,Q2,42076.37,40569.81,96.4,1506.56,Open,seed-initial-2026
FIN-101152,ONRD-2026-CYBR-00384,Code-30,Cyber,Travel,2026,Q2,14452.57,15230.53,105.4,-777.96,Open,seed-initial-2026
FIN-101153,ONRD-2026-AUTO-00385,Code-35,Autonomy,Training,2026,Q1,119106.3,87089.91,73.1,32016.39,Open,seed-initial-2026
FIN-101154,ONRD-2026-AUTO-00385,Code-35,Autonomy,Facilities,2026,Q1,31668.97,31600.1,99.8,68.87,Open,seed-initial-2026
FIN-101155,ONRD-2026-AUTO-00385,Code-35,Autonomy,Equipment,2026,Q1,48224.74,51905.55,107.6,-3680.81,Open,seed-initial-2026
FIN-101156,ONRD-2026-QNTM-00386,Code-32,Quantum,Other Direct Costs,2026,Q2,78583.92,67360.8,85.7,11223.12,Open,seed-initial-2026
FIN-101157,ONRD-2026-QNTM-00386,Code-32,Quantum,Equipment,2026,Q2,82149.35,71908.46,87.5,10240.89,Open,seed-initial-2026
FIN-101158,ONRD-2026-QNTM-00386,Code-32,Quantum,Equipment,2026,Q1,78266.73,70296.84,89.8,7969.89,Open,seed-initial-2026
FIN-101159,ONRD-2026-DEWX-00387,Code-31,Directed Energy,Contractors,2026,Q4,850486.74,831732.03,97.8,18754.71,Open,seed-initial-2026
FIN-101160,ONRD-2026-DEWX-00387,Code-31,Directed Energy,Training,2026,Q2,513971.13,552731.97,107.5,-38760.84,Open,seed-initial-2026
FIN-101161,ONRD-2026-DEWX-00387,Code-31,Directed Energy,Personnel,2026,Q4,1005542.13,1060941.82,105.5,-55399.69,Open,seed-initial-2026
FIN-101162,ONRD-2026-USEA-00388,Code-31,Undersea,Supplies,2026,Q3,44029.53,43980.37,99.9,49.16,Open,seed-initial-2026
FIN-101163,ONRD-2026-USEA-00388,Code-31,Undersea,Contractors,2026,Q3,48214.62,39342.04,81.6,8872.58,Open,seed-initial-2026
FIN-101164,ONRD-2026-USEA-00388,Code-31,Undersea,Equipment,2026,Q3,34755.85,28822.26,82.9,5933.59,Open,seed-initial-2026
FIN-101165,ONRD-2026-AIML-00389,Code-34,AI/ML,Travel,2026,Q3,630273.3,465928.16,73.9,164345.14,Open,seed-initial-2026
FIN-101166,ONRD-2026-AIML-00389,Code-34,AI/ML,Equipment,2026,Q3,903231.33,768341.9,85.1,134889.43,Open,seed-initial-2026
FIN-101167,ONRD-2026-AIML-00389,Code-34,AI/ML,Personnel,2026,Q2,1412495.37,1189167.03,84.2,223328.34,Open,seed-initial-2026
FIN-101168,ONRD-2026-CYBR-00390,Code-35,Cyber,Supplies,2026,Q3,138968.67,148613.65,106.9,-9644.98,Open,seed-initial-2026
FIN-101169,ONRD-2026-CYBR-00390,Code-35,Cyber,Contractors,2026,Q3,56318.25,56985.42,101.2,-667.17,Open,seed-initial-2026
FIN-101170,ONRD-2026-CYBR-00390,Code-35,Cyber,Contractors,2026,Q1,25713.08,26284.0,102.2,-570.92,Open,seed-initial-2026
FIN-101171,ONRD-2026-QNTM-00391,Code-30,Quantum,Travel,2026,Q3,193896.51,191878.4,99.0,2018.11,Open,seed-initial-2026
FIN-101172,ONRD-2026-QNTM-00391,Code-30,Quantum,Facilities,2026,Q3,655092.26,572876.94,87.4,82215.32,Open,seed-initial-2026
FIN-101173,ONRD-2026-QNTM-00391,Code-30,Quantum,Supplies,2026,Q2,362011.23,273552.18,75.6,88459.05,Open,seed-initial-2026
FIN-101174,ONRD-2026-MATL-00392,Code-30,Materials,Supplies,2026,Q4,835874.58,745505.19,89.2,90369.39,Open,seed-initial-2026
FIN-101175,ONRD-2026-MATL-00392,Code-30,Materials,Training,2026,Q3,2107743.05,1781612.91,84.5,326130.14,Open,seed-initial-2026
FIN-101176,ONRD-2026-MATL-00392,Code-30,Materials,Contractors,2026,Q2,880382.37,706771.84,80.3,173610.53,Open,seed-initial-2026
FIN-101177,ONRD-2026-MATL-00393,Code-34,Materials,Supplies,2026,Q3,292105.36,227898.65,78.0,64206.71,Open,seed-initial-2026
FIN-101178,ONRD-2026-MATL-00393,Code-34,Materials,Personnel,2026,Q4,8150.07,6693.09,82.1,1456.98,Open,seed-initial-2026
FIN-101179,ONRD-2026-MATL-00393,Code-34,Materials,Facilities,2026,Q1,1223744.57,1260602.92,103.0,-36858.35,Open,seed-initial-2026
FIN-101180,ONRD-2026-QNTM-00394,Code-32,Quantum,Facilities,2026,Q4,61008.08,65356.81,107.1,-4348.73,Open,seed-initial-2026
FIN-101181,ONRD-2026-QNTM-00394,Code-32,Quantum,Supplies,2026,Q4,52491.71,42802.85,81.5,9688.86,Open,seed-initial-2026
FIN-101182,ONRD-2026-QNTM-00394,Code-32,Quantum,Other Direct Costs,2026,Q1,47500.21,34380.86,72.4,13119.35,Open,seed-initial-2026
FIN-101183,ONRD-2026-AIML-00395,Code-35,AI/ML,Contractors,2026,Q2,561061.01,590592.71,105.3,-29531.7,Open,seed-initial-2026
FIN-101184,ONRD-2026-AIML-00395,Code-35,AI/ML,Facilities,2026,Q1,517196.38,539008.27,104.2,-21811.89,Open,seed-initial-2026
FIN-101185,ONRD-2026-AIML-00395,Code-35,AI/ML,Travel,2026,Q4,894742.61,885658.98,99.0,9083.63,Open,seed-initial-2026
FIN-101186,ONRD-2026-DEWX-00396,Code-30,Directed Energy,Personnel,2026,Q3,238655.65,249693.37,104.6,-11037.72,Open,seed-initial-2026
FIN-101187,ONRD-2026-DEWX-00396,Code-30,Directed Energy,Travel,2026,Q2,88836.8,92981.57,104.7,-4144.77,Open,seed-initial-2026
FIN-101188,ONRD-2026-DEWX-00396,Code-30,Directed Energy,Training,2026,Q1,143507.55,111808.61,77.9,31698.94,Open,seed-initial-2026
FIN-101189,ONRD-2026-DEWX-00397,Code-35,Directed Energy,Personnel,2026,Q4,103588.72,100697.81,97.2,2890.91,Open,seed-initial-2026
FIN-101190,ONRD-2026-DEWX-00397,Code-35,Directed Energy,Facilities,2026,Q1,168819.33,126804.6,75.1,42014.73,Open,seed-initial-2026
FIN-101191,ONRD-2026-DEWX-00397,Code-35,Directed Energy,Travel,2026,Q3,408591.95,392719.3,96.1,15872.65,Open,seed-initial-2026
FIN-101192,ONRD-2026-AIML-00398,Code-34,AI/ML,Facilities,2026,Q3,42115.76,42006.15,99.7,109.61,Open,seed-initial-2026
FIN-101193,ONRD-2026-AIML-00398,Code-34,AI/ML,Other Direct Costs,2026,Q3,85447.14,62030.55,72.6,23416.59,Open,seed-initial-2026
FIN-101194,ONRD-2026-AIML-00398,Code-34,AI/ML,Contractors,2026,Q3,14437.1,13596.49,94.2,840.61,Open,seed-initial-2026
FIN-101195,ONRD-2026-AIML-00399,Code-35,AI/ML,Other Direct Costs,2026,Q4,313329.19,281136.71,89.7,32192.48,Open,seed-initial-2026
FIN-101196,ONRD-2026-AIML-00399,Code-35,AI/ML,Other Direct Costs,2026,Q3,129814.0,108156.33,83.3,21657.67,Open,seed-initial-2026
FIN-101197,ONRD-2026-AIML-00399,Code-35,AI/ML,Travel,2026,Q3,361856.81,288568.1,79.7,73288.71,Open,seed-initial-2026
FIN-101198,ONRD-2026-BIOT-00400,Code-34,Biotech,Travel,2026,Q2,141014.99,121822.43,86.4,19192.56,Open,seed-initial-2026
FIN-101199,ONRD-2026-BIOT-00400,Code-34,Biotech,Travel,2026,Q1,75686.22,65011.86,85.9,10674.36,Open,seed-initial-2026
FIN-101200,ONRD-2026-BIOT-00400,Code-34,Biotech,Equipment,2026,Q2,89298.79,66005.1,73.9,23293.69,Open,seed-initial-2026
